Entity,Code,Year,Annual CO₂ emissions embedded in trade
Africa,,1990,-5554752
Africa,,1991,-17809344
Africa,,1992,617280
Africa,,1993,-6914496
Africa,,1994,-16737088
Africa,,1995,-27915328
Africa,,1996,-36871744
Africa,,1997,-30181056
Africa,,1998,-10486592
Africa,,1999,-56398400
Africa,,2000,-196326080
Africa,,2001,-173024200
Africa,,2002,-159514820
Africa,,2003,-170854720
Africa,,2004,-180733000
Africa,,2005,-172014340
Africa,,2006,-146346880
Africa,,2007,-136603840
Africa,,2008,-140473660
Africa,,2009,-79675010
Africa,,2010,-88088580
Africa,,2011,-64370430
Africa,,2012,-42823296
Africa,,2013,12380032
Africa,,2014,14097280
Africa,,2015,38974464
Africa,,2016,36458496
Africa,,2017,-8233472
Africa,,2018,-1441792
Africa,,2019,-14490112
Africa,,2020,11321984
Africa,,2021,4142976
Africa,,2022,-10830208
Africa,,2023,-24541312
Albania,ALB,1990,52862.5
Albania,ALB,1991,325856
Albania,ALB,1992,407815
Albania,ALB,1993,336815.75
Albania,ALB,1994,441541.75
Albania,ALB,1995,434062.12
Albania,ALB,1996,877403.25
Albania,ALB,1997,649149.75
Albania,ALB,1998,678483
Albania,ALB,1999,721686.25
Albania,ALB,2000,935045
Albania,ALB,2001,1216123
Albania,ALB,2002,1173671
Albania,ALB,2003,1640754
Albania,ALB,2004,1352251.5
Albania,ALB,2005,1591327.5
Albania,ALB,2006,1923052.5
Albania,ALB,2007,2054373.2
Albania,ALB,2008,2178688.5
Albania,ALB,2009,2371826.5
Albania,ALB,2010,1762848
Albania,ALB,2011,1808754
Albania,ALB,2012,1640728.5
Albania,ALB,2013,1169744.5
Albania,ALB,2014,428693
Albania,ALB,2015,1181895
Albania,ALB,2016,1293665.5
Albania,ALB,2017,759384.5
Albania,ALB,2018,1068977.5
Albania,ALB,2019,1080217.5
Albania,ALB,2020,1108367.5
Albania,ALB,2021,1061039
Albania,ALB,2022,1188074.5
Albania,ALB,2023,964679
Argentina,ARG,1990,3354648
Argentina,ARG,1991,6271216
Argentina,ARG,1992,9888920
Argentina,ARG,1993,8579248
Argentina,ARG,1994,8575320
Argentina,ARG,1995,6046032
Argentina,ARG,1996,5539352
Argentina,ARG,1997,9152896
Argentina,ARG,1998,9436176
Argentina,ARG,1999,1170368
Argentina,ARG,2000,-645728
Argentina,ARG,2001,-4187608
Argentina,ARG,2002,-42586950
Argentina,ARG,2003,-16721048
Argentina,ARG,2004,-17311040
Argentina,ARG,2005,-14254304
Argentina,ARG,2006,-18624464
Argentina,ARG,2007,-12551248
Argentina,ARG,2008,-9087056
Argentina,ARG,2009,-15542080
Argentina,ARG,2010,-8299728
Argentina,ARG,2011,8930672
Argentina,ARG,2012,7276368
Argentina,ARG,2013,14224624
Argentina,ARG,2014,3153152
Argentina,ARG,2015,14363552
Argentina,ARG,2016,387984
Argentina,ARG,2017,6183776
Argentina,ARG,2018,1211136
Argentina,ARG,2019,-7723424
Argentina,ARG,2020,-4539856
Argentina,ARG,2021,-7921456
Argentina,ARG,2022,77616
Argentina,ARG,2023,7259120
Armenia,ARM,1990,-2707995.5
Armenia,ARM,1991,-2534599
Armenia,ARM,1992,-1916645.5
Armenia,ARM,1993,-618550.1
Armenia,ARM,1994,-801067.5
Armenia,ARM,1995,-589866.25
Armenia,ARM,1996,489011
Armenia,ARM,1997,683263.5
Armenia,ARM,1998,1119041
Armenia,ARM,1999,509705.75
Armenia,ARM,2000,307259.25
Armenia,ARM,2001,468648.75
Armenia,ARM,2002,1004326.75
Armenia,ARM,2003,752158
Armenia,ARM,2004,549605.5
Armenia,ARM,2005,963947
Armenia,ARM,2006,1202679.5
Armenia,ARM,2007,4971199
Armenia,ARM,2008,1699083
Armenia,ARM,2009,2069840.5
Armenia,ARM,2010,1538111.5
Armenia,ARM,2011,658503.5
Armenia,ARM,2012,734378
Armenia,ARM,2013,350347
Armenia,ARM,2014,311825.5
Armenia,ARM,2015,604064
Armenia,ARM,2016,810753
Armenia,ARM,2017,869772
Armenia,ARM,2018,2555332.5
Armenia,ARM,2019,1885564.5
Armenia,ARM,2020,1754834
Armenia,ARM,2021,1920825
Armenia,ARM,2022,1025957
Armenia,ARM,2023,243616.5
Asia,,1990,-117368320
Asia,,1991,-723593200
Asia,,1992,-14446592
Asia,,1993,-134574600
Asia,,1994,-342494720
Asia,,1995,-318123000
Asia,,1996,-396381200
Asia,,1997,-444439550
Asia,,1998,-635469300
Asia,,1999,-571647000
Asia,,2000,-629013500
Asia,,2001,-714434560
Asia,,2002,-795682800
Asia,,2003,-1068081150
Asia,,2004,-1167621100
Asia,,2005,-1400900600
Asia,,2006,-1575596000
Asia,,2007,-1553294300
Asia,,2008,-1595873300
Asia,,2009,-1466693600
Asia,,2010,-1625236500
Asia,,2011,-1623873500
Asia,,2012,-1502635000
Asia,,2013,-1578984400
Asia,,2014,-1536491500
Asia,,2015,-1390889000
Asia,,2016,-1518063600
Asia,,2017,-1560119300
Asia,,2018,-1414529000
Asia,,2019,-1452838900
Asia,,2020,-1551290400
Asia,,2021,-1710405600
Asia,,2022,-1918011400
Asia,,2023,-1966454800
Asia (excl. China and India),,1990,28672
Asia (excl. China and India),,1991,-550886900
Asia (excl. China and India),,1992,57245950
Asia (excl. China and India),,1993,-14186496
Asia (excl. China and India),,1994,-18945792
Asia (excl. China and India),,1995,28323584
Asia (excl. China and India),,1996,-6393856
Asia (excl. China and India),,1997,23784448
Asia (excl. China and India),,1998,-215793400
Asia (excl. China and India),,1999,-173845250
Asia (excl. China and India),,2000,-148515840
Asia (excl. China and India),,2001,-241835000
Asia (excl. China and India),,2002,-221335550
Asia (excl. China and India),,2003,-169531400
Asia (excl. China and India),,2004,-120008700
Asia (excl. China and India),,2005,-74644990
Asia (excl. China and India),,2006,-32929792
Asia (excl. China and India),,2007,55101440
Asia (excl. China and India),,2008,126128130
Asia (excl. China and India),,2009,-146745340
Asia (excl. China and India),,2010,-168459260
Asia (excl. China and India),,2011,-19133440
Asia (excl. China and India),,2012,66916350
Asia (excl. China and India),,2013,93494270
Asia (excl. China and India),,2014,56564736
Asia (excl. China and India),,2015,-51829760
Asia (excl. China and India),,2016,-91527170
Asia (excl. China and India),,2017,-203981820
Asia (excl. China and India),,2018,-155008000
Asia (excl. China and India),,2019,-162526720
Asia (excl. China and India),,2020,-116088320
Asia (excl. China and India),,2021,-90244100
Asia (excl. China and India),,2022,-142097400
Asia (excl. China and India),,2023,-131930620
Australia,AUS,1990,-33380272
Australia,AUS,1991,-34011490
Australia,AUS,1992,-36367410
Australia,AUS,1993,-40003616
Australia,AUS,1994,-35666864
Australia,AUS,1995,-41260864
Australia,AUS,1996,-42114144
Australia,AUS,1997,-44079104
Australia,AUS,1998,-40276256
Australia,AUS,1999,-43403330
Australia,AUS,2000,-57840510
Australia,AUS,2001,-56897090
Australia,AUS,2002,-41483136
Australia,AUS,2003,-28279936
Australia,AUS,2004,-30293920
Australia,AUS,2005,-33308288
Australia,AUS,2006,-27259232
Australia,AUS,2007,-22609856
Australia,AUS,2008,-31801056
Australia,AUS,2009,-8251424
Australia,AUS,2010,-5781536
Australia,AUS,2011,-4639040
Australia,AUS,2012,8158336
Australia,AUS,2013,-11634944
Australia,AUS,2014,-8101600
Australia,AUS,2015,-13363328
Australia,AUS,2016,-19753248
Australia,AUS,2017,-17393248
Australia,AUS,2018,-28399680
Australia,AUS,2019,-31278336
Australia,AUS,2020,-24214784
Australia,AUS,2021,-25337184
Australia,AUS,2022,-18998784
Australia,AUS,2023,-12164672
Austria,AUT,1990,26458480
Austria,AUT,1991,24640548
Austria,AUT,1992,33558940
Austria,AUT,1993,28084448
Austria,AUT,1994,27195568
Austria,AUT,1995,28075524
Austria,AUT,1996,28388792
Austria,AUT,1997,26084152
Austria,AUT,1998,29757680
Austria,AUT,1999,28621484
Austria,AUT,2000,27292680
Austria,AUT,2001,27763016
Austria,AUT,2002,24342256
Austria,AUT,2003,22532920
Austria,AUT,2004,25758704
Austria,AUT,2005,26020968
Austria,AUT,2006,27606080
Austria,AUT,2007,28331048
Austria,AUT,2008,26633744
Austria,AUT,2009,23914528
Austria,AUT,2010,23155648
Austria,AUT,2011,27501256
Austria,AUT,2012,24866720
Austria,AUT,2013,23410648
Austria,AUT,2014,27825200
Austria,AUT,2015,20792596
Austria,AUT,2016,21515848
Austria,AUT,2017,19013952
Austria,AUT,2018,21913376
Austria,AUT,2019,18659880
Austria,AUT,2020,16623972
Austria,AUT,2021,19747520
Austria,AUT,2022,21701396
Austria,AUT,2023,19559604
Azerbaijan,AZE,1990,-21564632
Azerbaijan,AZE,1991,-26697064
Azerbaijan,AZE,1992,-40192690
Azerbaijan,AZE,1993,-22816498
Azerbaijan,AZE,1994,-21487448
Azerbaijan,AZE,1995,-9558066
Azerbaijan,AZE,1996,-2292602
Azerbaijan,AZE,1997,-3694940
Azerbaijan,AZE,1998,-1314562
Azerbaijan,AZE,1999,-2906182
Azerbaijan,AZE,2000,-5843034
Azerbaijan,AZE,2001,-4838832
Azerbaijan,AZE,2002,-3106160
Azerbaijan,AZE,2003,3059568
Azerbaijan,AZE,2004,5765892
Azerbaijan,AZE,2005,1407048
Azerbaijan,AZE,2006,2941956
Azerbaijan,AZE,2007,1341532
Azerbaijan,AZE,2008,1569766
Azerbaijan,AZE,2009,4014064
Azerbaijan,AZE,2010,3936980
Azerbaijan,AZE,2011,3232356
Azerbaijan,AZE,2012,4556730
Azerbaijan,AZE,2013,1971140
Azerbaijan,AZE,2014,2470732
Azerbaijan,AZE,2015,2302844
Azerbaijan,AZE,2016,-1228670
Azerbaijan,AZE,2017,-1687812
Azerbaijan,AZE,2018,664332
Azerbaijan,AZE,2019,-54864
Azerbaijan,AZE,2020,1733156
Azerbaijan,AZE,2021,416572
Azerbaijan,AZE,2022,-3419344
Azerbaijan,AZE,2023,-1909716
Bahrain,BHR,1990,-2423402
Bahrain,BHR,1991,-1759580
Bahrain,BHR,1992,-1370864
Bahrain,BHR,1993,-3511164
Bahrain,BHR,1994,-2539039
Bahrain,BHR,1995,-2720967
Bahrain,BHR,1996,-3428455
Bahrain,BHR,1997,-3301312
Bahrain,BHR,1998,-2300995
Bahrain,BHR,1999,-9264330
Bahrain,BHR,2000,-10144800
Bahrain,BHR,2001,-10331615
Bahrain,BHR,2002,-9844490
Bahrain,BHR,2003,-8869313
Bahrain,BHR,2004,-10166958
Bahrain,BHR,2005,-12258913
Bahrain,BHR,2006,-12540357
Bahrain,BHR,2007,-12214116
Bahrain,BHR,2008,-12717362
Bahrain,BHR,2009,-7051068
Bahrain,BHR,2010,-6397596
Bahrain,BHR,2011,-10944284
Bahrain,BHR,2012,-8510790
Bahrain,BHR,2013,-11900784
Bahrain,BHR,2014,-10567698
Bahrain,BHR,2015,-8709876
Bahrain,BHR,2016,-11726140
Bahrain,BHR,2017,-11528232
Bahrain,BHR,2018,-10595676
Bahrain,BHR,2019,-13759524
Bahrain,BHR,2020,-13435974
Bahrain,BHR,2021,-15990452
Bahrain,BHR,2022,-19000440
Bahrain,BHR,2023,-16722952
Bangladesh,BGD,1990,204468
Bangladesh,BGD,1991,2847
Bangladesh,BGD,1992,497585
Bangladesh,BGD,1993,-108917
Bangladesh,BGD,1994,-369648
Bangladesh,BGD,1995,-1329562
Bangladesh,BGD,1996,-1983490
Bangladesh,BGD,1997,-2073018
Bangladesh,BGD,1998,-2587550
Bangladesh,BGD,1999,5850180
Bangladesh,BGD,2000,-968332
Bangladesh,BGD,2001,-1549756
Bangladesh,BGD,2002,-1308650
Bangladesh,BGD,2003,1749114
Bangladesh,BGD,2004,1814360
Bangladesh,BGD,2005,1941788
Bangladesh,BGD,2006,111812
Bangladesh,BGD,2007,-117916
Bangladesh,BGD,2008,-553160
Bangladesh,BGD,2009,741052
Bangladesh,BGD,2010,-138396
Bangladesh,BGD,2011,-1394712
Bangladesh,BGD,2012,-256536
Bangladesh,BGD,2013,-662860
Bangladesh,BGD,2014,39218850
Bangladesh,BGD,2015,-119272
Bangladesh,BGD,2016,44822936
Bangladesh,BGD,2017,47433830
Bangladesh,BGD,2018,52678176
Bangladesh,BGD,2019,53788550
Bangladesh,BGD,2020,52904144
Bangladesh,BGD,2021,59380200
Bangladesh,BGD,2022,64024720
Bangladesh,BGD,2023,63332400
Belarus,BLR,1990,-43002920
Belarus,BLR,1991,-35107720
Belarus,BLR,1992,-46582240
Belarus,BLR,1993,-40041160
Belarus,BLR,1994,-35497520
Belarus,BLR,1995,-24867808
Belarus,BLR,1996,-11412688
Belarus,BLR,1997,-13676728
Belarus,BLR,1998,-10282128
Belarus,BLR,1999,-8074344
Belarus,BLR,2000,-13892728
Belarus,BLR,2001,-16159416
Belarus,BLR,2002,-15974820
Belarus,BLR,2003,-12867772
Belarus,BLR,2004,-14625196
Belarus,BLR,2005,-14573144
Belarus,BLR,2006,-14236136
Belarus,BLR,2007,-8179680
Belarus,BLR,2008,-8102368
Belarus,BLR,2009,-5889836
Belarus,BLR,2010,-2484264
Belarus,BLR,2011,-12073672
Belarus,BLR,2012,8256280
Belarus,BLR,2013,5329584
Belarus,BLR,2014,3104948
Belarus,BLR,2015,4379056
Belarus,BLR,2016,8123448
Belarus,BLR,2017,9362780
Belarus,BLR,2018,11129532
Belarus,BLR,2019,10045900
Belarus,BLR,2020,7330120
Belarus,BLR,2021,9437064
Belarus,BLR,2022,11207452
Belarus,BLR,2023,6811840
Belgium,BEL,1990,0
Belgium,BEL,1991,-8
Belgium,BEL,1992,-8
Belgium,BEL,1993,8
Belgium,BEL,1994,0
Belgium,BEL,1995,8
Belgium,BEL,1996,-8
Belgium,BEL,1997,-8
Belgium,BEL,1998,8
Belgium,BEL,1999,56471130
Belgium,BEL,2000,68566440
Belgium,BEL,2001,69070440
Belgium,BEL,2002,73939480
Belgium,BEL,2003,73976184
Belgium,BEL,2004,88965770
Belgium,BEL,2005,87796470
Belgium,BEL,2006,95806820
Belgium,BEL,2007,106578280
Belgium,BEL,2008,111882260
Belgium,BEL,2009,84678600
Belgium,BEL,2010,92500670
Belgium,BEL,2011,108754550
Belgium,BEL,2012,94076100
Belgium,BEL,2013,103945770
Belgium,BEL,2014,109997800
Belgium,BEL,2015,100315400
Belgium,BEL,2016,107552530
Belgium,BEL,2017,103748350
Belgium,BEL,2018,111657570
Belgium,BEL,2019,104682584
Belgium,BEL,2020,91084440
Belgium,BEL,2021,106894150
Belgium,BEL,2022,118183320
Belgium,BEL,2023,111901950
Benin,BEN,1990,474898.88
Benin,BEN,1991,485511
Benin,BEN,1992,477419.38
Benin,BEN,1993,463780.12
Benin,BEN,1994,551704.75
Benin,BEN,1995,599066.4
Benin,BEN,1996,815422.6
Benin,BEN,1997,872638.1
Benin,BEN,1998,861995.4
Benin,BEN,1999,487910.62
Benin,BEN,2000,835925
Benin,BEN,2001,1095384.2
Benin,BEN,2002,994068
Benin,BEN,2003,1820933.5
Benin,BEN,2004,1328954
Benin,BEN,2005,1707408
Benin,BEN,2006,3156205.5
Benin,BEN,2007,3497774.5
Benin,BEN,2008,4586722
Benin,BEN,2009,2592746.5
Benin,BEN,2010,2904460
Benin,BEN,2011,4529407
Benin,BEN,2012,3214481
Benin,BEN,2013,4597626
Benin,BEN,2014,3590773.5
Benin,BEN,2015,3031912.5
Benin,BEN,2016,2369734.5
Benin,BEN,2017,2085857
Benin,BEN,2018,1738459.5
Benin,BEN,2019,1661821.5
Benin,BEN,2020,1920999.5
Benin,BEN,2021,2269382.5
Benin,BEN,2022,2504306
Benin,BEN,2023,2505949
Bolivia,BOL,1990,-1667028
Bolivia,BOL,1991,-1602132
Bolivia,BOL,1992,-1423054
Bolivia,BOL,1993,-1452656
Bolivia,BOL,1994,-1324979
Bolivia,BOL,1995,-1228166
Bolivia,BOL,1996,-1314915
Bolivia,BOL,1997,-1380469
Bolivia,BOL,1998,-711862
Bolivia,BOL,1999,185913
Bolivia,BOL,2000,202135
Bolivia,BOL,2001,103860
Bolivia,BOL,2002,268476
Bolivia,BOL,2003,-919787
Bolivia,BOL,2004,-1295080
Bolivia,BOL,2005,-1886911
Bolivia,BOL,2006,-1610256
Bolivia,BOL,2007,-1453733
Bolivia,BOL,2008,-1127544
Bolivia,BOL,2009,95054
Bolivia,BOL,2010,-328757
Bolivia,BOL,2011,50516
Bolivia,BOL,2012,-484688
Bolivia,BOL,2013,655112
Bolivia,BOL,2014,1486168
Bolivia,BOL,2015,1606254
Bolivia,BOL,2016,947106
Bolivia,BOL,2017,1031228
Bolivia,BOL,2018,749958
Bolivia,BOL,2019,878600
Bolivia,BOL,2020,1621490
Bolivia,BOL,2021,1186116
Bolivia,BOL,2022,589586
Bolivia,BOL,2023,1007900
Botswana,BWA,1990,0
Botswana,BWA,1991,0
Botswana,BWA,1992,0
Botswana,BWA,1993,0
Botswana,BWA,1994,0
Botswana,BWA,1995,0
Botswana,BWA,1996,0
Botswana,BWA,1997,0
Botswana,BWA,1998,0
Botswana,BWA,1999,0
Botswana,BWA,2000,-517315.5
Botswana,BWA,2001,-751698
Botswana,BWA,2002,1706224
Botswana,BWA,2003,-1063787.8
Botswana,BWA,2004,-1086593
Botswana,BWA,2005,-1259114
Botswana,BWA,2006,-675450.75
Botswana,BWA,2007,-561176.75
Botswana,BWA,2008,-400537.5
Botswana,BWA,2009,207404.75
Botswana,BWA,2010,5774842
Botswana,BWA,2011,9048484
Botswana,BWA,2012,8517174
Botswana,BWA,2013,6675500
Botswana,BWA,2014,7342999
Botswana,BWA,2015,7125341
Botswana,BWA,2016,7276024
Botswana,BWA,2017,5644417
Botswana,BWA,2018,5616610
Botswana,BWA,2019,6229967
Botswana,BWA,2020,6454753
Botswana,BWA,2021,6778841
Botswana,BWA,2022,6676215
Botswana,BWA,2023,7260257
Brazil,BRA,1990,20024704
Brazil,BRA,1991,16231728
Brazil,BRA,1992,13718016
Brazil,BRA,1993,11432592
Brazil,BRA,1994,14697936
Brazil,BRA,1995,21746752
Brazil,BRA,1996,25714944
Brazil,BRA,1997,27446528
Brazil,BRA,1998,22769664
Brazil,BRA,1999,4394688
Brazil,BRA,2000,13605024
Brazil,BRA,2001,2252864
Brazil,BRA,2002,-9789760
Brazil,BRA,2003,-22008064
Brazil,BRA,2004,-26455680
Brazil,BRA,2005,-15294304
Brazil,BRA,2006,-8546368
Brazil,BRA,2007,3477312
Brazil,BRA,2008,32924672
Brazil,BRA,2009,17833376
Brazil,BRA,2010,38609184
Brazil,BRA,2011,47031680
Brazil,BRA,2012,37855200
Brazil,BRA,2013,64196610
Brazil,BRA,2014,56801470
Brazil,BRA,2015,28032672
Brazil,BRA,2016,-744896
Brazil,BRA,2017,9482016
Brazil,BRA,2018,7754368
Brazil,BRA,2019,9261824
Brazil,BRA,2020,-10845952
Brazil,BRA,2021,-23213216
Brazil,BRA,2022,-14815776
Brazil,BRA,2023,-14003200
Brunei,BRN,1990,-1196706.8
Brunei,BRN,1991,-2099046.5
Brunei,BRN,1992,-1581488.5
Brunei,BRN,1993,-739010
Brunei,BRN,1994,-162767
Brunei,BRN,1995,-520998.5
Brunei,BRN,1996,247544
Brunei,BRN,1997,-400271.5
Brunei,BRN,1998,-546872
Brunei,BRN,1999,-1680699.5
Brunei,BRN,2000,-2344462.8
Brunei,BRN,2001,-2237087.2
Brunei,BRN,2002,-1716676.5
Brunei,BRN,2003,-516455
Brunei,BRN,2004,-508281.5
Brunei,BRN,2005,-454573
Brunei,BRN,2006,-1648716
Brunei,BRN,2007,-1662725.5
Brunei,BRN,2008,-2326332
Brunei,BRN,2009,-984299
Brunei,BRN,2010,-1262287.5
Brunei,BRN,2011,220392
Brunei,BRN,2012,-218750
Brunei,BRN,2013,690594
Brunei,BRN,2014,-620503.5
Brunei,BRN,2015,395319.5
Brunei,BRN,2016,-1478376
Brunei,BRN,2017,-1949028
Brunei,BRN,2018,-787718
Brunei,BRN,2019,-1371134.5
Brunei,BRN,2020,-2002213
Brunei,BRN,2021,-3789353
Brunei,BRN,2022,-4380952
Brunei,BRN,2023,-3626343
Bulgaria,BGR,1990,-14406272
Bulgaria,BGR,1991,-16158004
Bulgaria,BGR,1992,-14389972
Bulgaria,BGR,1993,-12254352
Bulgaria,BGR,1994,-14261396
Bulgaria,BGR,1995,-11090936
Bulgaria,BGR,1996,-12755200
Bulgaria,BGR,1997,-12461568
Bulgaria,BGR,1998,-8463724
Bulgaria,BGR,1999,-4140272
Bulgaria,BGR,2000,-3134932
Bulgaria,BGR,2001,-3382048
Bulgaria,BGR,2002,-3124284
Bulgaria,BGR,2003,-3836744
Bulgaria,BGR,2004,-3300008
Bulgaria,BGR,2005,-1811784
Bulgaria,BGR,2006,-798080
Bulgaria,BGR,2007,-1311532
Bulgaria,BGR,2008,1611632
Bulgaria,BGR,2009,-940384
Bulgaria,BGR,2010,-3059640
Bulgaria,BGR,2011,-6407920
Bulgaria,BGR,2012,-4915300
Bulgaria,BGR,2013,-5042128
Bulgaria,BGR,2014,-5635800
Bulgaria,BGR,2015,-7137332
Bulgaria,BGR,2016,-4867648
Bulgaria,BGR,2017,-5531012
Bulgaria,BGR,2018,-2398056
Bulgaria,BGR,2019,-2261800
Bulgaria,BGR,2020,-292452
Bulgaria,BGR,2021,-1433328
Bulgaria,BGR,2022,-4684616
Bulgaria,BGR,2023,808944
Burkina Faso,BFA,1990,231647.38
Burkina Faso,BFA,1991,237794.06
Burkina Faso,BFA,1992,245464.88
Burkina Faso,BFA,1993,243879.94
Burkina Faso,BFA,1994,265515.06
Burkina Faso,BFA,1995,322951.75
Burkina Faso,BFA,1996,379766.25
Burkina Faso,BFA,1997,350822.5
Burkina Faso,BFA,1998,434339.75
Burkina Faso,BFA,1999,658352.9
Burkina Faso,BFA,2000,439923.62
Burkina Faso,BFA,2001,723040.5
Burkina Faso,BFA,2002,786882.75
Burkina Faso,BFA,2003,174247.88
Burkina Faso,BFA,2004,242286.25
Burkina Faso,BFA,2005,280397.25
Burkina Faso,BFA,2006,406415.62
Burkina Faso,BFA,2007,302098.88
Burkina Faso,BFA,2008,130528.875
Burkina Faso,BFA,2009,405344.25
Burkina Faso,BFA,2010,226500.5
Burkina Faso,BFA,2011,216772
Burkina Faso,BFA,2012,97954.5
Burkina Faso,BFA,2013,343564.75
Burkina Faso,BFA,2014,192236.25
Burkina Faso,BFA,2015,-226600
Burkina Faso,BFA,2016,-13371.25
Burkina Faso,BFA,2017,-126477.5
Burkina Faso,BFA,2018,-295886.5
Burkina Faso,BFA,2019,-526198
Burkina Faso,BFA,2020,-838909
Burkina Faso,BFA,2021,-958884
Burkina Faso,BFA,2022,-769380
Burkina Faso,BFA,2023,-507239
Cambodia,KHM,1990,673539
Cambodia,KHM,1991,706716.1
Cambodia,KHM,1992,754948.25
Cambodia,KHM,1993,683327.1
Cambodia,KHM,1994,751621
Cambodia,KHM,1995,628357.5
Cambodia,KHM,1996,876574.25
Cambodia,KHM,1997,935155.25
Cambodia,KHM,1998,984831.5
Cambodia,KHM,1999,858029.5
Cambodia,KHM,2000,8975649
Cambodia,KHM,2001,9788773
Cambodia,KHM,2002,10657890
Cambodia,KHM,2003,5862239
Cambodia,KHM,2004,7980479
Cambodia,KHM,2005,10021866
Cambodia,KHM,2006,9789886
Cambodia,KHM,2007,9405111
Cambodia,KHM,2008,10715027
Cambodia,KHM,2009,7049422
Cambodia,KHM,2010,10089826
Cambodia,KHM,2011,16096924
Cambodia,KHM,2012,15399620
Cambodia,KHM,2013,15495892
Cambodia,KHM,2014,14038072
Cambodia,KHM,2015,16096668
Cambodia,KHM,2016,14999344
Cambodia,KHM,2017,13621234
Cambodia,KHM,2018,15807731
Cambodia,KHM,2019,16929916
Cambodia,KHM,2020,16266100
Cambodia,KHM,2021,15918482
Cambodia,KHM,2022,17186146
Cambodia,KHM,2023,17652602
Cameroon,CMR,1990,674050.5
Cameroon,CMR,1991,677042.5
Cameroon,CMR,1992,798509
Cameroon,CMR,1993,831959.25
Cameroon,CMR,1994,523592.5
Cameroon,CMR,1995,517462.5
Cameroon,CMR,1996,436587.5
Cameroon,CMR,1997,792140.5
Cameroon,CMR,1998,1039865.5
Cameroon,CMR,1999,588997.5
Cameroon,CMR,2000,292702.5
Cameroon,CMR,2001,922889.5
Cameroon,CMR,2002,2426462.5
Cameroon,CMR,2003,1028272.5
Cameroon,CMR,2004,351932.5
Cameroon,CMR,2005,572849.5
Cameroon,CMR,2006,1504103
Cameroon,CMR,2007,1354309
Cameroon,CMR,2008,1701182
Cameroon,CMR,2009,1582611
Cameroon,CMR,2010,1406057
Cameroon,CMR,2011,1854167
Cameroon,CMR,2012,2401860
Cameroon,CMR,2013,1868538
Cameroon,CMR,2014,1576218
Cameroon,CMR,2015,1205482
Cameroon,CMR,2016,1015409
Cameroon,CMR,2017,825876
Cameroon,CMR,2018,-161997
Cameroon,CMR,2019,-304770
Cameroon,CMR,2020,212257
Cameroon,CMR,2021,465900
Cameroon,CMR,2022,213716
Cameroon,CMR,2023,688961
Canada,CAN,1990,39161280
Canada,CAN,1991,47243680
Canada,CAN,1992,50533760
Canada,CAN,1993,34641344
Canada,CAN,1994,25821824
Canada,CAN,1995,22807488
Canada,CAN,1996,16064096
Canada,CAN,1997,29422080
Canada,CAN,1998,31163552
Canada,CAN,1999,22857792
Canada,CAN,2000,14866240
Canada,CAN,2001,7338880
Canada,CAN,2002,21251904
Canada,CAN,2003,4595904
Canada,CAN,2004,15754304
Canada,CAN,2005,45545280
Canada,CAN,2006,26983680
Canada,CAN,2007,27992704
Canada,CAN,2008,26190912
Canada,CAN,2009,43726590
Canada,CAN,2010,64347136
Canada,CAN,2011,53759936
Canada,CAN,2012,52446530
Canada,CAN,2013,47929730
Canada,CAN,2014,34142144
Canada,CAN,2015,10190848
Canada,CAN,2016,-6970560
Canada,CAN,2017,-12055552
Canada,CAN,2018,-18471232
Canada,CAN,2019,-29866432
Canada,CAN,2020,-21279936
Canada,CAN,2021,-13539456
Canada,CAN,2022,-17398272
Canada,CAN,2023,-25536000
Chile,CHL,1990,-529376
Chile,CHL,1991,503120
Chile,CHL,1992,1908356
Chile,CHL,1993,2010312
Chile,CHL,1994,947852
Chile,CHL,1995,607828
Chile,CHL,1996,-110344
Chile,CHL,1997,-207804
Chile,CHL,1998,2881596
Chile,CHL,1999,-986900
Chile,CHL,2000,2445016
Chile,CHL,2001,1710924
Chile,CHL,2002,3976156
Chile,CHL,2003,-88220
Chile,CHL,2004,-534680
Chile,CHL,2005,2042148
Chile,CHL,2006,2369828
Chile,CHL,2007,2558760
Chile,CHL,2008,13925520
Chile,CHL,2009,-80220
Chile,CHL,2010,5218088
Chile,CHL,2011,10278472
Chile,CHL,2012,15391488
Chile,CHL,2013,10923856
Chile,CHL,2014,7908432
Chile,CHL,2015,6390040
Chile,CHL,2016,4579896
Chile,CHL,2017,4671528
Chile,CHL,2018,8317552
Chile,CHL,2019,5990752
Chile,CHL,2020,2932912
Chile,CHL,2021,7471464
Chile,CHL,2022,6641336
Chile,CHL,2023,10552336
China,CHN,1990,-122763520
China,CHN,1991,-161227000
China,CHN,1992,-73106430
China,CHN,1993,-104192000
China,CHN,1994,-301852160
China,CHN,1995,-314603520
China,CHN,1996,-339952640
China,CHN,1997,-412768770
China,CHN,1998,-357984500
China,CHN,1999,-358632700
China,CHN,2000,-407805950
China,CHN,2001,-392930800
China,CHN,2002,-478475000
China,CHN,2003,-815563260
China,CHN,2004,-956317950
China,CHN,2005,-1235380700
China,CHN,2006,-1421939700
China,CHN,2007,-1506003000
China,CHN,2008,-1604429800
China,CHN,2009,-1228305900
China,CHN,2010,-1349354500
China,CHN,2011,-1463242200
China,CHN,2012,-1424642600
China,CHN,2013,-1314995200
China,CHN,2014,-1255897100
China,CHN,2015,-1068294140
China,CHN,2016,-1076065300
China,CHN,2017,-1042611200
China,CHN,2018,-903357440
China,CHN,2019,-946432000
China,CHN,2020,-1097603100
China,CHN,2021,-1196411900
China,CHN,2022,-1284773900
China,CHN,2023,-1314982900
Colombia,COL,1990,3233560
Colombia,COL,1991,2563700
Colombia,COL,1992,5223272
Colombia,COL,1993,4739544
Colombia,COL,1994,4358124
Colombia,COL,1995,6338524
Colombia,COL,1996,5279568
Colombia,COL,1997,5264628
Colombia,COL,1998,5359324
Colombia,COL,1999,-760336
Colombia,COL,2000,-2118184
Colombia,COL,2001,-1592480
Colombia,COL,2002,-479024
Colombia,COL,2003,2817808
Colombia,COL,2004,5355032
Colombia,COL,2005,6440764
Colombia,COL,2006,9936128
Colombia,COL,2007,15539832
Colombia,COL,2008,14177992
Colombia,COL,2009,10804368
Colombia,COL,2010,13960456
Colombia,COL,2011,17172760
Colombia,COL,2012,18472000
Colombia,COL,2013,17965368
Colombia,COL,2014,21107432
Colombia,COL,2015,17160664
Colombia,COL,2016,16167768
Colombia,COL,2017,15710496
Colombia,COL,2018,15537944
Colombia,COL,2019,13487792
Colombia,COL,2020,13193832
Colombia,COL,2021,13212056
Colombia,COL,2022,14438632
Colombia,COL,2023,14472576
Costa Rica,CRI,1990,1954090.5
Costa Rica,CRI,1991,1775945.5
Costa Rica,CRI,1992,1889347.5
Costa Rica,CRI,1993,1715444
Costa Rica,CRI,1994,1437525
Costa Rica,CRI,1995,1728232
Costa Rica,CRI,1996,1493853.5
Costa Rica,CRI,1997,2277950.5
Costa Rica,CRI,1998,2200437.5
Costa Rica,CRI,1999,2262387.5
Costa Rica,CRI,2000,2915079
Costa Rica,CRI,2001,2764969
Costa Rica,CRI,2002,5362480
Costa Rica,CRI,2003,3880627
Costa Rica,CRI,2004,3714699
Costa Rica,CRI,2005,4023556
Costa Rica,CRI,2006,4745170
Costa Rica,CRI,2007,5243976
Costa Rica,CRI,2008,5932349
Costa Rica,CRI,2009,3544721
Costa Rica,CRI,2010,4436721
Costa Rica,CRI,2011,5752603
Costa Rica,CRI,2012,5744414
Costa Rica,CRI,2013,5676352
Costa Rica,CRI,2014,5562714
Costa Rica,CRI,2015,5830153
Costa Rica,CRI,2016,6106588
Costa Rica,CRI,2017,6346261
Costa Rica,CRI,2018,6754340
Costa Rica,CRI,2019,6691408
Costa Rica,CRI,2020,5552573
Costa Rica,CRI,2021,6345326
Costa Rica,CRI,2022,6645066.5
Costa Rica,CRI,2023,6219247
Cote d'Ivoire,CIV,1990,984681.5
Cote d'Ivoire,CIV,1991,1077598
Cote d'Ivoire,CIV,1992,1806222
Cote d'Ivoire,CIV,1993,1279018.5
Cote d'Ivoire,CIV,1994,1113772.8
Cote d'Ivoire,CIV,1995,952486
Cote d'Ivoire,CIV,1996,149196
Cote d'Ivoire,CIV,1997,523081
Cote d'Ivoire,CIV,1998,1393819.5
Cote d'Ivoire,CIV,1999,545010.5
Cote d'Ivoire,CIV,2000,487596
Cote d'Ivoire,CIV,2001,-1326055.5
Cote d'Ivoire,CIV,2002,-2293255.5
Cote d'Ivoire,CIV,2003,629591.5
Cote d'Ivoire,CIV,2004,-676048.5
Cote d'Ivoire,CIV,2005,-808227
Cote d'Ivoire,CIV,2006,-171892
Cote d'Ivoire,CIV,2007,659242.5
Cote d'Ivoire,CIV,2008,561794.5
Cote d'Ivoire,CIV,2009,1067049
Cote d'Ivoire,CIV,2010,1296836
Cote d'Ivoire,CIV,2011,830550.5
Cote d'Ivoire,CIV,2012,1841505
Cote d'Ivoire,CIV,2013,2042295
Cote d'Ivoire,CIV,2014,2214122
Cote d'Ivoire,CIV,2015,3095630
Cote d'Ivoire,CIV,2016,2749331
Cote d'Ivoire,CIV,2017,2758383
Cote d'Ivoire,CIV,2018,3992671
Cote d'Ivoire,CIV,2019,3866798
Cote d'Ivoire,CIV,2020,3348134
Cote d'Ivoire,CIV,2021,3580914
Cote d'Ivoire,CIV,2022,3732347
Cote d'Ivoire,CIV,2023,3812156
Croatia,HRV,1990,-2797380
Croatia,HRV,1991,-2115634
Croatia,HRV,1992,1286594
Croatia,HRV,1993,827628
Croatia,HRV,1994,1096202
Croatia,HRV,1995,2035916
Croatia,HRV,1996,1625012
Croatia,HRV,1997,1971018
Croatia,HRV,1998,1058004
Croatia,HRV,1999,1364378
Croatia,HRV,2000,1263376
Croatia,HRV,2001,2882438
Croatia,HRV,2002,3518204
Croatia,HRV,2003,5415208
Croatia,HRV,2004,6760110
Croatia,HRV,2005,6691736
Croatia,HRV,2006,6121130
Croatia,HRV,2007,5828542
Croatia,HRV,2008,11619808
Croatia,HRV,2009,4619094
Croatia,HRV,2010,4118834
Croatia,HRV,2011,3947278
Croatia,HRV,2012,6469032
Croatia,HRV,2013,5674330
Croatia,HRV,2014,2512012
Croatia,HRV,2015,4648700
Croatia,HRV,2016,5030650
Croatia,HRV,2017,4592810
Croatia,HRV,2018,7024578
Croatia,HRV,2019,6247880
Croatia,HRV,2020,6129106
Croatia,HRV,2021,6327056
Croatia,HRV,2022,6281412
Croatia,HRV,2023,5243616
Cyprus,CYP,1990,810409
Cyprus,CYP,1991,450547.5
Cyprus,CYP,1992,687552
Cyprus,CYP,1993,224897.5
Cyprus,CYP,1994,125720.5
Cyprus,CYP,1995,419735
Cyprus,CYP,1996,-107191.5
Cyprus,CYP,1997,-437638
Cyprus,CYP,1998,-287518.5
Cyprus,CYP,1999,-180423.5
Cyprus,CYP,2000,870624
Cyprus,CYP,2001,926904.5
Cyprus,CYP,2002,1161230.5
Cyprus,CYP,2003,1222080
Cyprus,CYP,2004,932399
Cyprus,CYP,2005,833673
Cyprus,CYP,2006,1112129
Cyprus,CYP,2007,1374921
Cyprus,CYP,2008,2181458
Cyprus,CYP,2009,2285198
Cyprus,CYP,2010,2461792
Cyprus,CYP,2011,2357976
Cyprus,CYP,2012,1577385
Cyprus,CYP,2013,1046659
Cyprus,CYP,2014,1486690
Cyprus,CYP,2015,1163794.5
Cyprus,CYP,2016,1515368
Cyprus,CYP,2017,2147696
Cyprus,CYP,2018,2114514
Cyprus,CYP,2019,1931026
Cyprus,CYP,2020,1301815.5
Cyprus,CYP,2021,1656750
Cyprus,CYP,2022,1811799
Cyprus,CYP,2023,1436305
Czechia,CZE,1990,-12815104
Czechia,CZE,1991,-15722904
Czechia,CZE,1992,327760
Czechia,CZE,1993,-8187016
Czechia,CZE,1994,-5680640
Czechia,CZE,1995,-6344760
Czechia,CZE,1996,-11973800
Czechia,CZE,1997,-13516112
Czechia,CZE,1998,-10773064
Czechia,CZE,1999,-6410680
Czechia,CZE,2000,-8735408
Czechia,CZE,2001,-7412168
Czechia,CZE,2002,-3334472
Czechia,CZE,2003,-5410528
Czechia,CZE,2004,-11842192
Czechia,CZE,2005,-14260528
Czechia,CZE,2006,-10627392
Czechia,CZE,2007,-3585960
Czechia,CZE,2008,4955120
Czechia,CZE,2009,932856
Czechia,CZE,2010,6278320
Czechia,CZE,2011,4572472
Czechia,CZE,2012,-1429432
Czechia,CZE,2013,3428968
Czechia,CZE,2014,1020016
Czechia,CZE,2015,2524000
Czechia,CZE,2016,1282160
Czechia,CZE,2017,3703376
Czechia,CZE,2018,8986000
Czechia,CZE,2019,9911024
Czechia,CZE,2020,10130264
Czechia,CZE,2021,14147976
Czechia,CZE,2022,16372760
Czechia,CZE,2023,16793248
Denmark,DNK,1990,7267208
Denmark,DNK,1991,1400188
Denmark,DNK,1992,9327740
Denmark,DNK,1993,5449916
Denmark,DNK,1994,3792024
Denmark,DNK,1995,6356492
Denmark,DNK,1996,-537584
Denmark,DNK,1997,2863876
Denmark,DNK,1998,7371360
Denmark,DNK,1999,13483052
Denmark,DNK,2000,13837640
Denmark,DNK,2001,11436396
Denmark,DNK,2002,11691864
Denmark,DNK,2003,7163304
Denmark,DNK,2004,13260416
Denmark,DNK,2005,15706756
Denmark,DNK,2006,14682688
Denmark,DNK,2007,17040640
Denmark,DNK,2008,18990032
Denmark,DNK,2009,17509348
Denmark,DNK,2010,17916436
Denmark,DNK,2011,20330344
Denmark,DNK,2012,18651264
Denmark,DNK,2013,14940304
Denmark,DNK,2014,17883712
Denmark,DNK,2015,18059908
Denmark,DNK,2016,18010788
Denmark,DNK,2017,20345444
Denmark,DNK,2018,22270340
Denmark,DNK,2019,22073648
Denmark,DNK,2020,20053268
Denmark,DNK,2021,24007764
Denmark,DNK,2022,23527856
Denmark,DNK,2023,20640240
Dominican Republic,DOM,1990,-2734155
Dominican Republic,DOM,1991,-2792589.5
Dominican Republic,DOM,1992,-2801483.5
Dominican Republic,DOM,1993,-3009419
Dominican Republic,DOM,1994,-3168647
Dominican Republic,DOM,1995,-4012886
Dominican Republic,DOM,1996,-4357616
Dominican Republic,DOM,1997,-4654167
Dominican Republic,DOM,1998,-4611787
Dominican Republic,DOM,1999,-6340860
Dominican Republic,DOM,2000,-6776348
Dominican Republic,DOM,2001,18870602
Dominican Republic,DOM,2002,8462376
Dominican Republic,DOM,2003,10989730
Dominican Republic,DOM,2004,11769400
Dominican Republic,DOM,2005,17717586
Dominican Republic,DOM,2006,20723248
Dominican Republic,DOM,2007,12717100
Dominican Republic,DOM,2008,10875410
Dominican Republic,DOM,2009,30238978
Dominican Republic,DOM,2010,37677200
Dominican Republic,DOM,2011,29574772
Dominican Republic,DOM,2012,26583220
Dominican Republic,DOM,2013,25473344
Dominican Republic,DOM,2014,13189214
Dominican Republic,DOM,2015,15763436
Dominican Republic,DOM,2016,9296046
Dominican Republic,DOM,2017,10169680
Dominican Republic,DOM,2018,9891636
Dominican Republic,DOM,2019,8896820
Dominican Republic,DOM,2020,7876774
Dominican Republic,DOM,2021,8779566
Dominican Republic,DOM,2022,9654868
Dominican Republic,DOM,2023,8609778
Ecuador,ECU,1990,-1611307
Ecuador,ECU,1991,-1652749
Ecuador,ECU,1992,-3630490
Ecuador,ECU,1993,-2994420
Ecuador,ECU,1994,-193755
Ecuador,ECU,1995,-2703638
Ecuador,ECU,1996,-3812344
Ecuador,ECU,1997,-1241004
Ecuador,ECU,1998,-182000
Ecuador,ECU,1999,-2354768
Ecuador,ECU,2000,-2648114
Ecuador,ECU,2001,178256
Ecuador,ECU,2002,846810
Ecuador,ECU,2003,1509734
Ecuador,ECU,2004,1562730
Ecuador,ECU,2005,1976298
Ecuador,ECU,2006,4201842
Ecuador,ECU,2007,3687380
Ecuador,ECU,2008,5291370
Ecuador,ECU,2009,2062428
Ecuador,ECU,2010,2191996
Ecuador,ECU,2011,2819276
Ecuador,ECU,2012,3452036
Ecuador,ECU,2013,4469072
Ecuador,ECU,2014,3727216
Ecuador,ECU,2015,4828924
Ecuador,ECU,2016,1557124
Ecuador,ECU,2017,4571932
Ecuador,ECU,2018,6336688
Ecuador,ECU,2019,6398016
Ecuador,ECU,2020,5122174
Ecuador,ECU,2021,5647640
Ecuador,ECU,2022,5029652
Ecuador,ECU,2023,4298100
Egypt,EGY,1990,6327800
Egypt,EGY,1991,501864
Egypt,EGY,1992,6685360
Egypt,EGY,1993,682664
Egypt,EGY,1994,3147264
Egypt,EGY,1995,2224024
Egypt,EGY,1996,4623112
Egypt,EGY,1997,936568
Egypt,EGY,1998,3249216
Egypt,EGY,1999,2236768
Egypt,EGY,2000,-7442128
Egypt,EGY,2001,-8362312
Egypt,EGY,2002,-8482816
Egypt,EGY,2003,-12625856
Egypt,EGY,2004,-20283184
Egypt,EGY,2005,-19218624
Egypt,EGY,2006,-18006976
Egypt,EGY,2007,-14787920
Egypt,EGY,2008,-11746256
Egypt,EGY,2009,-5957648
Egypt,EGY,2010,-100864
Egypt,EGY,2011,-3756896
Egypt,EGY,2012,10987472
Egypt,EGY,2013,5309776
Egypt,EGY,2014,18823408
Egypt,EGY,2015,32327728
Egypt,EGY,2016,26243552
Egypt,EGY,2017,6997792
Egypt,EGY,2018,10353680
Egypt,EGY,2019,12310400
Egypt,EGY,2020,13646576
Egypt,EGY,2021,24531056
Egypt,EGY,2022,17790272
Egypt,EGY,2023,3197840
El Salvador,SLV,1990,1383939.5
El Salvador,SLV,1991,1332061
El Salvador,SLV,1992,1461883.5
El Salvador,SLV,1993,1231464
El Salvador,SLV,1994,1245213.5
El Salvador,SLV,1995,1328983.5
El Salvador,SLV,1996,1479070
El Salvador,SLV,1997,1470854
El Salvador,SLV,1998,2094949
El Salvador,SLV,1999,1809364.5
El Salvador,SLV,2000,2773292
El Salvador,SLV,2001,2529523.5
El Salvador,SLV,2002,2303960.5
El Salvador,SLV,2003,2485633
El Salvador,SLV,2004,2230523
El Salvador,SLV,2005,2408263
El Salvador,SLV,2006,3153474
El Salvador,SLV,2007,2988863
El Salvador,SLV,2008,3001255
El Salvador,SLV,2009,1791704.5
El Salvador,SLV,2010,1660503.5
El Salvador,SLV,2011,2190565
El Salvador,SLV,2012,1919493.5
El Salvador,SLV,2013,2512891
El Salvador,SLV,2014,2505535
El Salvador,SLV,2015,2477294
El Salvador,SLV,2016,2765244
El Salvador,SLV,2017,2819110
El Salvador,SLV,2018,3439611
El Salvador,SLV,2019,2941182
El Salvador,SLV,2020,2897374
El Salvador,SLV,2021,3166415
El Salvador,SLV,2022,3093717
El Salvador,SLV,2023,2585453
Estonia,EST,1990,-5676820
Estonia,EST,1991,-4401460
Estonia,EST,1992,-1284746
Estonia,EST,1993,-2032814
Estonia,EST,1994,-3785035
Estonia,EST,1995,-2736622
Estonia,EST,1996,-3058420
Estonia,EST,1997,-3028963
Estonia,EST,1998,-1056507
Estonia,EST,1999,4530955
Estonia,EST,2000,5651919
Estonia,EST,2001,3450512
Estonia,EST,2002,5067635
Estonia,EST,2003,4151390
Estonia,EST,2004,4360728
Estonia,EST,2005,3175642
Estonia,EST,2006,6083077
Estonia,EST,2007,2241388
Estonia,EST,2008,350452
Estonia,EST,2009,-41146
Estonia,EST,2010,-1178634
Estonia,EST,2011,1466722
Estonia,EST,2012,1456602
Estonia,EST,2013,-1968190
Estonia,EST,2014,-926442
Estonia,EST,2015,1353161
Estonia,EST,2016,-324576
Estonia,EST,2017,-1470772
Estonia,EST,2018,728644
Estonia,EST,2019,2966940
Estonia,EST,2020,3734255
Estonia,EST,2021,3916729
Estonia,EST,2022,2672216
Estonia,EST,2023,3840841
Ethiopia,ETH,1990,30609.25
Ethiopia,ETH,1991,45474.25
Ethiopia,ETH,1992,89219.75
Ethiopia,ETH,1993,54350.75
Ethiopia,ETH,1994,62032
Ethiopia,ETH,1995,10990.75
Ethiopia,ETH,1996,1118062.2
Ethiopia,ETH,1997,-2191.75
Ethiopia,ETH,1998,-8473
Ethiopia,ETH,1999,1238833.5
Ethiopia,ETH,2000,1917658.5
Ethiopia,ETH,2001,1500679.5
Ethiopia,ETH,2002,-502185.5
Ethiopia,ETH,2003,-1026305
Ethiopia,ETH,2004,-1337836.5
Ethiopia,ETH,2005,-1151116.2
Ethiopia,ETH,2006,-994877.5
Ethiopia,ETH,2007,-1209194
Ethiopia,ETH,2008,-1246170.5
Ethiopia,ETH,2009,-768399.5
Ethiopia,ETH,2010,-1256131
Ethiopia,ETH,2011,-1760617
Ethiopia,ETH,2012,-877183.5
Ethiopia,ETH,2013,-1595491.5
Ethiopia,ETH,2014,-1438190
Ethiopia,ETH,2015,-1316264
Ethiopia,ETH,2016,-1406208
Ethiopia,ETH,2017,5957170
Ethiopia,ETH,2018,4434667
Ethiopia,ETH,2019,4336748
Ethiopia,ETH,2020,4219014
Ethiopia,ETH,2021,4863568
Ethiopia,ETH,2022,5370402
Ethiopia,ETH,2023,5675818
Europe,,1990,-295953400
Europe,,1991,-127499780
Europe,,1992,-532208130
Europe,,1993,-298055680
Europe,,1994,-85500930
Europe,,1995,-64520704
Europe,,1996,28112384
Europe,,1997,2745856
Europe,,1998,-5305856
Europe,,1999,30570496
Europe,,2000,124583940
Europe,,2001,153453570
Europe,,2002,167756290
Europe,,2003,330174980
Europe,,2004,394756600
Europe,,2005,511857660
Europe,,2006,565652000
Europe,,2007,733351940
Europe,,2008,761322500
Europe,,2009,629876200
Europe,,2010,677955100
Europe,,2011,621456900
Europe,,2012,514299400
Europe,,2013,512816640
Europe,,2014,491622400
Europe,,2015,323265020
Europe,,2016,430342660
Europe,,2017,411009020
Europe,,2018,424834050
Europe,,2019,443318270
Europe,,2020,422592000
Europe,,2021,505028600
Europe,,2022,655986200
Europe,,2023,699678700
Europe (excl. EU-27),,1990,-785866750
Europe (excl. EU-27),,1991,-572225540
Europe (excl. EU-27),,1992,-1389345500
Europe (excl. EU-27),,1993,-931304450
Europe (excl. EU-27),,1994,-639001600
Europe (excl. EU-27),,1995,-628810750
Europe (excl. EU-27),,1996,-388646660
Europe (excl. EU-27),,1997,-345424400
Europe (excl. EU-27),,1998,-448687360
Europe (excl. EU-27),,1999,-504473100
Europe (excl. EU-27),,2000,-477358850
Europe (excl. EU-27),,2001,-387252740
Europe (excl. EU-27),,2002,-361287170
Europe (excl. EU-27),,2003,-304731400
Europe (excl. EU-27),,2004,-296941060
Europe (excl. EU-27),,2005,-274166800
Europe (excl. EU-27),,2006,-283778300
Europe (excl. EU-27),,2007,-179186430
Europe (excl. EU-27),,2008,-201185020
Europe (excl. EU-27),,2009,-203539200
Europe (excl. EU-27),,2010,-226639870
Europe (excl. EU-27),,2011,-224269310
Europe (excl. EU-27),,2012,-114461950
Europe (excl. EU-27),,2013,-121583870
Europe (excl. EU-27),,2014,-136135420
Europe (excl. EU-27),,2015,-201335550
Europe (excl. EU-27),,2016,-165096450
Europe (excl. EU-27),,2017,-193147400
Europe (excl. EU-27),,2018,-299641100
Europe (excl. EU-27),,2019,-261280510
Europe (excl. EU-27),,2020,-226739710
Europe (excl. EU-27),,2021,-265701890
Europe (excl. EU-27),,2022,-173810180
Europe (excl. EU-27),,2023,-117523970
Europe (excl. EU-28),,1990,-849928450
Europe (excl. EU-28),,1991,-639846900
Europe (excl. EU-28),,1992,-1497378600
Europe (excl. EU-28),,1993,-1012071550
Europe (excl. EU-28),,1994,-716173800
Europe (excl. EU-28),,1995,-710386200
Europe (excl. EU-28),,1996,-475612400
Europe (excl. EU-28),,1997,-444060930
Europe (excl. EU-28),,1998,-572083600
Europe (excl. EU-28),,1999,-631424260
Europe (excl. EU-28),,2000,-647423500
Europe (excl. EU-28),,2001,-538759400
Europe (excl. EU-28),,2002,-535869060
Europe (excl. EU-28),,2003,-496137340
Europe (excl. EU-28),,2004,-498178940
Europe (excl. EU-28),,2005,-469661200
Europe (excl. EU-28),,2006,-482793100
Europe (excl. EU-28),,2007,-384596220
Europe (excl. EU-28),,2008,-387774200
Europe (excl. EU-28),,2009,-351255170
Europe (excl. EU-28),,2010,-401601540
Europe (excl. EU-28),,2011,-381177100
Europe (excl. EU-28),,2012,-267526530
Europe (excl. EU-28),,2013,-268782980
Europe (excl. EU-28),,2014,-302234750
Europe (excl. EU-28),,2015,-375875840
Europe (excl. EU-28),,2016,-348421760
Europe (excl. EU-28),,2017,-364116600
Europe (excl. EU-28),,2018,-465158000
Europe (excl. EU-28),,2019,-421261570
Europe (excl. EU-28),,2020,-370368640
Europe (excl. EU-28),,2021,-440950400
Europe (excl. EU-28),,2022,-365462530
Europe (excl. EU-28),,2023,-296797820
European Union (27),,1990,489913600
European Union (27),,1991,444726000
European Union (27),,1992,857137660
European Union (27),,1993,633248260
European Union (27),,1994,553500900
European Union (27),,1995,564289800
European Union (27),,1996,416759300
European Union (27),,1997,348170500
European Union (27),,1998,443381000
European Union (27),,1999,535044100
European Union (27),,2000,601942300
European Union (27),,2001,540705800
European Union (27),,2002,529043700
European Union (27),,2003,634906100
European Union (27),,2004,691697400
European Union (27),,2005,786024450
European Union (27),,2006,849430000
European Union (27),,2007,912538600
European Union (27),,2008,962507500
European Union (27),,2009,833415700
European Union (27),,2010,904594940
European Union (27),,2011,845726460
European Union (27),,2012,628761600
European Union (27),,2013,634400500
European Union (27),,2014,627757060
European Union (27),,2015,524600580
European Union (27),,2016,595439100
European Union (27),,2017,604156700
European Union (27),,2018,724475140
European Union (27),,2019,704599040
European Union (27),,2020,649331460
European Union (27),,2021,770730240
European Union (27),,2022,829796350
European Union (27),,2023,817202940
European Union (28),,1990,553974800
European Union (28),,1991,512347140
European Union (28),,1992,965170940
European Union (28),,1993,714015200
European Union (28),,1994,630672900
European Union (28),,1995,645865500
European Union (28),,1996,503725060
European Union (28),,1997,446807040
European Union (28),,1998,566777600
European Union (28),,1999,661995260
European Union (28),,2000,772006900
European Union (28),,2001,692212740
European Union (28),,2002,703625700
European Union (28),,2003,826312200
European Union (28),,2004,892935700
European Union (28),,2005,981518850
European Union (28),,2006,1048444400
European Union (28),,2007,1117948200
European Union (28),,2008,1149096700
European Union (28),,2009,981131500
European Union (28),,2010,1079556600
European Union (28),,2011,1002634500
European Union (28),,2012,781826050
European Union (28),,2013,781599500
European Union (28),,2014,793856800
European Union (28),,2015,699140350
European Union (28),,2016,778764540
European Union (28),,2017,775125500
European Union (28),,2018,889992200
European Union (28),,2019,864579600
European Union (28),,2020,792960260
European Union (28),,2021,945978600
European Union (28),,2022,1021448700
European Union (28),,2023,996476400
Finland,FIN,1990,31708304
Finland,FIN,1991,25812936
Finland,FIN,1992,49773640
Finland,FIN,1993,32065776
Finland,FIN,1994,22173600
Finland,FIN,1995,23369288
Finland,FIN,1996,11772824
Finland,FIN,1997,6185736
Finland,FIN,1998,9868896
Finland,FIN,1999,13568352
Finland,FIN,2000,20958280
Finland,FIN,2001,17965248
Finland,FIN,2002,15492068
Finland,FIN,2003,18378792
Finland,FIN,2004,18480720
Finland,FIN,2005,26461872
Finland,FIN,2006,21947592
Finland,FIN,2007,22596896
Finland,FIN,2008,25615800
Finland,FIN,2009,18466016
Finland,FIN,2010,23105188
Finland,FIN,2011,17068720
Finland,FIN,2012,19371560
Finland,FIN,2013,15744032
Finland,FIN,2014,14781696
Finland,FIN,2015,12264400
Finland,FIN,2016,11959448
Finland,FIN,2017,14660708
Finland,FIN,2018,15730316
Finland,FIN,2019,14141600
Finland,FIN,2020,13413336
Finland,FIN,2021,16977056
Finland,FIN,2022,16427628
Finland,FIN,2023,15663036
France,FRA,1990,90465220
France,FRA,1991,80814110
France,FRA,1992,125516800
France,FRA,1993,106661280
France,FRA,1994,105704770
France,FRA,1995,112678430
France,FRA,1996,97862430
France,FRA,1997,81745440
France,FRA,1998,88204930
France,FRA,1999,93102270
France,FRA,2000,106082340
France,FRA,2001,99030050
France,FRA,2002,98234980
France,FRA,2003,103233730
France,FRA,2004,120725380
France,FRA,2005,129147330
France,FRA,2006,137496350
France,FRA,2007,148405630
France,FRA,2008,153345020
France,FRA,2009,140734690
France,FRA,2010,134001090
France,FRA,2011,154459800
France,FRA,2012,121451170
France,FRA,2013,123359940
France,FRA,2014,120912770
France,FRA,2015,102563170
France,FRA,2016,119476000
France,FRA,2017,114650910
France,FRA,2018,132966910
France,FRA,2019,126321980
France,FRA,2020,117442340
France,FRA,2021,132921410
France,FRA,2022,142145470
France,FRA,2023,137102050
Georgia,GEO,1990,-5159589
Georgia,GEO,1991,-3808326
Georgia,GEO,1992,-4962531
Georgia,GEO,1993,-1675790
Georgia,GEO,1994,-1000653
Georgia,GEO,1995,23926.25
Georgia,GEO,1996,4453471
Georgia,GEO,1997,3180535
Georgia,GEO,1998,2209994.5
Georgia,GEO,1999,1812935
Georgia,GEO,2000,1418081
Georgia,GEO,2001,1575857
Georgia,GEO,2002,1677921.5
Georgia,GEO,2003,2052200
Georgia,GEO,2004,2732285.5
Georgia,GEO,2005,3205761
Georgia,GEO,2006,2605074
Georgia,GEO,2007,3727076
Georgia,GEO,2008,3704577
Georgia,GEO,2009,1966937.5
Georgia,GEO,2010,2396968
Georgia,GEO,2011,2834547
Georgia,GEO,2012,2881976
Georgia,GEO,2013,2776769
Georgia,GEO,2014,2713825
Georgia,GEO,2015,2759237
Georgia,GEO,2016,3143019
Georgia,GEO,2017,2856644
Georgia,GEO,2018,4372610
Georgia,GEO,2019,3474074
Georgia,GEO,2020,3839912
Georgia,GEO,2021,4688713
Georgia,GEO,2022,3916368
Georgia,GEO,2023,3443763
Germany,DEU,1990,145240700
Germany,DEU,1991,131699840
Germany,DEU,1992,266691970
Germany,DEU,1993,220017540
Germany,DEU,1994,204810110
Germany,DEU,1995,212070140
Germany,DEU,1996,175475330
Germany,DEU,1997,146486140
Germany,DEU,1998,169809340
Germany,DEU,1999,197902980
Germany,DEU,2000,201698940
Germany,DEU,2001,181978500
Germany,DEU,2002,134239620
Germany,DEU,2003,161589380
Germany,DEU,2004,160694780
Germany,DEU,2005,177383490
Germany,DEU,2006,161060670
Germany,DEU,2007,189077890
Germany,DEU,2008,180248830
Germany,DEU,2009,190029820
Germany,DEU,2010,200377600
Germany,DEU,2011,184433280
Germany,DEU,2012,118028930
Germany,DEU,2013,97812800
Germany,DEU,2014,115139330
Germany,DEU,2015,98691780
Germany,DEU,2016,112182660
Germany,DEU,2017,117195580
Germany,DEU,2018,133369540
Germany,DEU,2019,137753280
Germany,DEU,2020,130447040
Germany,DEU,2021,156075970
Germany,DEU,2022,170970240
Germany,DEU,2023,174715070
Ghana,GHA,1990,1010186
Ghana,GHA,1991,1036955.5
Ghana,GHA,1992,1108317.5
Ghana,GHA,1993,1083648
Ghana,GHA,1994,1120602
Ghana,GHA,1995,1204275.5
Ghana,GHA,1996,1954978.5
Ghana,GHA,1997,6511249
Ghana,GHA,1998,3897202
Ghana,GHA,1999,2619103
Ghana,GHA,2000,2160139.5
Ghana,GHA,2001,2261451
Ghana,GHA,2002,1665596.5
Ghana,GHA,2003,3348890
Ghana,GHA,2004,3456180
Ghana,GHA,2005,4675557
Ghana,GHA,2006,4346838
Ghana,GHA,2007,5204773
Ghana,GHA,2008,6091846.5
Ghana,GHA,2009,5660752
Ghana,GHA,2010,5747755
Ghana,GHA,2011,8163259
Ghana,GHA,2012,9876706
Ghana,GHA,2013,9086970
Ghana,GHA,2014,8610378
Ghana,GHA,2015,8226053
Ghana,GHA,2016,7947737
Ghana,GHA,2017,7796958
Ghana,GHA,2018,6407162
Ghana,GHA,2019,5445633
Ghana,GHA,2020,4799712
Ghana,GHA,2021,6137736
Ghana,GHA,2022,6202392
Ghana,GHA,2023,6237360
Greece,GRC,1990,11364472
Greece,GRC,1991,10281144
Greece,GRC,1992,18714416
Greece,GRC,1993,14167912
Greece,GRC,1994,11794976
Greece,GRC,1995,12398840
Greece,GRC,1996,11258288
Greece,GRC,1997,7708120
Greece,GRC,1998,6917376
Greece,GRC,1999,5416840
Greece,GRC,2000,4236544
Greece,GRC,2001,3111384
Greece,GRC,2002,6667664
Greece,GRC,2003,14968664
Greece,GRC,2004,14622840
Greece,GRC,2005,11755456
Greece,GRC,2006,15747576
Greece,GRC,2007,16890992
Greece,GRC,2008,20202176
Greece,GRC,2009,19771712
Greece,GRC,2010,11022608
Greece,GRC,2011,6824744
Greece,GRC,2012,1224088
Greece,GRC,2013,2267288
Greece,GRC,2014,1621192
Greece,GRC,2015,869392
Greece,GRC,2016,4515024
Greece,GRC,2017,3948616
Greece,GRC,2018,9632944
Greece,GRC,2019,9577504
Greece,GRC,2020,13006760
Greece,GRC,2021,14046552
Greece,GRC,2022,13726320
Greece,GRC,2023,15202368
Guatemala,GTM,1990,-481016
Guatemala,GTM,1991,-496705
Guatemala,GTM,1992,-98410
Guatemala,GTM,1993,-378393.5
Guatemala,GTM,1994,-735659.5
Guatemala,GTM,1995,-935319.5
Guatemala,GTM,1996,-1002783
Guatemala,GTM,1997,-1189084.5
Guatemala,GTM,1998,-1386919
Guatemala,GTM,1999,-1277251
Guatemala,GTM,2000,14882667
Guatemala,GTM,2001,-1478778
Guatemala,GTM,2002,-1437883
Guatemala,GTM,2003,-1382478
Guatemala,GTM,2004,-1465908
Guatemala,GTM,2005,-1811111
Guatemala,GTM,2006,-804460
Guatemala,GTM,2007,-1077709
Guatemala,GTM,2008,-763285
Guatemala,GTM,2009,-1443998
Guatemala,GTM,2010,-348625
Guatemala,GTM,2011,-1559491
Guatemala,GTM,2012,-1420464
Guatemala,GTM,2013,-2097193
Guatemala,GTM,2014,-2430477
Guatemala,GTM,2015,-2476473
Guatemala,GTM,2016,-2999102
Guatemala,GTM,2017,-1873732
Guatemala,GTM,2018,5673884
Guatemala,GTM,2019,5348472
Guatemala,GTM,2020,4790214
Guatemala,GTM,2021,5200700
Guatemala,GTM,2022,5901202
Guatemala,GTM,2023,5713404
Guinea,GIN,1990,312569
Guinea,GIN,1991,293393.75
Guinea,GIN,1992,308535.5
Guinea,GIN,1993,278689
Guinea,GIN,1994,306948.12
Guinea,GIN,1995,353676.5
Guinea,GIN,1996,113365.875
Guinea,GIN,1997,43021
Guinea,GIN,1998,-5693.625
Guinea,GIN,1999,-192353.62
Guinea,GIN,2000,-175016.12
Guinea,GIN,2001,-299888.25
Guinea,GIN,2002,-314971
Guinea,GIN,2003,960791.75
Guinea,GIN,2004,-179653.88
Guinea,GIN,2005,-216572.88
Guinea,GIN,2006,-374928.38
Guinea,GIN,2007,-374752
Guinea,GIN,2008,-308984.5
Guinea,GIN,2009,779497
Guinea,GIN,2010,1075775.8
Guinea,GIN,2011,1413976.5
Guinea,GIN,2012,1434572.5
Guinea,GIN,2013,-346026.88
Guinea,GIN,2014,-466393.88
Guinea,GIN,2015,-363386.38
Guinea,GIN,2016,2716524
Guinea,GIN,2017,1469436
Guinea,GIN,2018,2003466.5
Guinea,GIN,2019,2019760.5
Guinea,GIN,2020,1524079
Guinea,GIN,2021,1777531.8
Guinea,GIN,2022,2338874.5
Guinea,GIN,2023,2523591.5
High-income countries,,1990,277423100
High-income countries,,1991,-108810240
High-income countries,,1992,218840060
High-income countries,,1993,250912770
High-income countries,,1994,475377660
High-income countries,,1995,542240800
High-income countries,,1996,472676350
High-income countries,,1997,560958460
High-income countries,,1998,593420300
High-income countries,,1999,611441660
High-income countries,,2000,833063940
High-income countries,,2001,814732300
High-income countries,,2002,942430200
High-income countries,,2003,1268404200
High-income countries,,2004,1423793200
High-income countries,,2005,1654704100
High-income countries,,2006,1751278600
High-income countries,,2007,1712527400
High-income countries,,2008,1723707400
High-income countries,,2009,1341465600
High-income countries,,2010,1458313200
High-income countries,,2011,1500218400
High-income countries,,2012,1382261800
High-income countries,,2013,1342512100
High-income countries,,2014,1366075400
High-income countries,,2015,1144333300
High-income countries,,2016,1198158800
High-income countries,,2017,1178833900
High-income countries,,2018,1225394200
High-income countries,,2019,1259352000
High-income countries,,2020,1320012800
High-income countries,,2021,1514859500
High-income countries,,2022,1722266600
High-income countries,,2023,1768846300
Honduras,HND,1990,-670423.4
Honduras,HND,1991,-645417.1
Honduras,HND,1992,-541214
Honduras,HND,1993,-695063.5
Honduras,HND,1994,-942346.75
Honduras,HND,1995,-1280564.8
Honduras,HND,1996,-1405852.2
Honduras,HND,1997,-1413272.5
Honduras,HND,1998,-1748763.2
Honduras,HND,1999,-1335101.2
Honduras,HND,2000,-1169390.2
Honduras,HND,2001,-1488302
Honduras,HND,2002,-1641522
Honduras,HND,2003,-1221447.5
Honduras,HND,2004,-1439742.5
Honduras,HND,2005,-1464236.5
Honduras,HND,2006,-1295613.5
Honduras,HND,2007,-1424529.5
Honduras,HND,2008,6319216
Honduras,HND,2009,-1070139.5
Honduras,HND,2010,-1392494
Honduras,HND,2011,-2129318.5
Honduras,HND,2012,-2190672
Honduras,HND,2013,8498368
Honduras,HND,2014,-2338475
Honduras,HND,2015,-2524179.5
Honduras,HND,2016,-1965228.5
Honduras,HND,2017,-1950924
Honduras,HND,2018,-1735298.5
Honduras,HND,2019,-1895673
Honduras,HND,2020,-1622719
Honduras,HND,2021,-1842717
Honduras,HND,2022,-2044107
Honduras,HND,2023,-1946074
Hong Kong,HKG,1990,34561720
Hong Kong,HKG,1991,36817504
Hong Kong,HKG,1992,38936584
Hong Kong,HKG,1993,35437580
Hong Kong,HKG,1994,50547380
Hong Kong,HKG,1995,54300204
Hong Kong,HKG,1996,53086536
Hong Kong,HKG,1997,63587836
Hong Kong,HKG,1998,44261880
Hong Kong,HKG,1999,38428040
Hong Kong,HKG,2000,48221868
Hong Kong,HKG,2001,43248970
Hong Kong,HKG,2002,39037230
Hong Kong,HKG,2003,51660300
Hong Kong,HKG,2004,52934104
Hong Kong,HKG,2005,58942916
Hong Kong,HKG,2006,59711944
Hong Kong,HKG,2007,56475308
Hong Kong,HKG,2008,53735024
Hong Kong,HKG,2009,38832856
Hong Kong,HKG,2010,50107950
Hong Kong,HKG,2011,69313310
Hong Kong,HKG,2012,88053416
Hong Kong,HKG,2013,107894130
Hong Kong,HKG,2014,100326870
Hong Kong,HKG,2015,68696530
Hong Kong,HKG,2016,79345790
Hong Kong,HKG,2017,83393970
Hong Kong,HKG,2018,81674790
Hong Kong,HKG,2019,81809240
Hong Kong,HKG,2020,86352510
Hong Kong,HKG,2021,99129150
Hong Kong,HKG,2022,114475976
Hong Kong,HKG,2023,111206740
Hungary,HUN,1990,15107128
Hungary,HUN,1991,11390952
Hungary,HUN,1992,28214980
Hungary,HUN,1993,20279304
Hungary,HUN,1994,15062672
Hungary,HUN,1995,11980008
Hungary,HUN,1996,9050604
Hungary,HUN,1997,13837404
Hungary,HUN,1998,16922444
Hungary,HUN,1999,10719568
Hungary,HUN,2000,11716472
Hungary,HUN,2001,13579004
Hungary,HUN,2002,13746100
Hungary,HUN,2003,24806904
Hungary,HUN,2004,23411492
Hungary,HUN,2005,28848052
Hungary,HUN,2006,31381044
Hungary,HUN,2007,38874490
Hungary,HUN,2008,42488780
Hungary,HUN,2009,16127128
Hungary,HUN,2010,19032436
Hungary,HUN,2011,19978752
Hungary,HUN,2012,16738424
Hungary,HUN,2013,15980348
Hungary,HUN,2014,15077220
Hungary,HUN,2015,12778032
Hungary,HUN,2016,13608696
Hungary,HUN,2017,16497316
Hungary,HUN,2018,17317432
Hungary,HUN,2019,15916528
Hungary,HUN,2020,13368536
Hungary,HUN,2021,17077640
Hungary,HUN,2022,17375656
Hungary,HUN,2023,16383940
India,IND,1990,5366144
India,IND,1991,-11479744
India,IND,1992,1414016
India,IND,1993,-16196096
India,IND,1994,-21696768
India,IND,1995,-31843072
India,IND,1996,-50034240
India,IND,1997,-55455616
India,IND,1998,-61691584
India,IND,1999,-39169536
India,IND,2000,-72692100
India,IND,2001,-79668540
India,IND,2002,-95871680
India,IND,2003,-82986110
India,IND,2004,-91294530
India,IND,2005,-90874500
India,IND,2006,-120726530
India,IND,2007,-102393090
India,IND,2008,-117571710
India,IND,2009,-91642750
India,IND,2010,-107422460
India,IND,2011,-141497340
India,IND,2012,-144909440
India,IND,2013,-357482500
India,IND,2014,-337158530
India,IND,2015,-270765060
India,IND,2016,-350470140
India,IND,2017,-313527170
India,IND,2018,-356164100
India,IND,2019,-343881470
India,IND,2020,-337600000
India,IND,2021,-423749120
India,IND,2022,-491140100
India,IND,2023,-519541000
Indonesia,IDN,1990,-7926448
Indonesia,IDN,1991,-14174704
Indonesia,IDN,1992,-12834080
Indonesia,IDN,1993,-20075888
Indonesia,IDN,1994,-19354512
Indonesia,IDN,1995,-16998080
Indonesia,IDN,1996,-24859120
Indonesia,IDN,1997,-35689456
Indonesia,IDN,1998,-95538180
Indonesia,IDN,1999,-49265504
Indonesia,IDN,2000,-40152864
Indonesia,IDN,2001,-50723090
Indonesia,IDN,2002,-32069664
Indonesia,IDN,2003,-26863136
Indonesia,IDN,2004,-24798144
Indonesia,IDN,2005,-23552416
Indonesia,IDN,2006,-14091328
Indonesia,IDN,2007,-15097888
Indonesia,IDN,2008,8039840
Indonesia,IDN,2009,-12731264
Indonesia,IDN,2010,-9928608
Indonesia,IDN,2011,-8736352
Indonesia,IDN,2012,7986112
Indonesia,IDN,2013,16081696
Indonesia,IDN,2014,11978624
Indonesia,IDN,2015,-5729856
Indonesia,IDN,2016,517760
Indonesia,IDN,2017,-3440384
Indonesia,IDN,2018,-536000
Indonesia,IDN,2019,-839360
Indonesia,IDN,2020,6525632
Indonesia,IDN,2021,-5451968
Indonesia,IDN,2022,-48793344
Indonesia,IDN,2023,-34190850
International aviation,,1990,-16
International aviation,,1991,0
International aviation,,1992,0
International aviation,,1993,-16
International aviation,,1994,16
International aviation,,1995,0
International aviation,,1996,0
International aviation,,1997,-32
International aviation,,1998,0
International aviation,,1999,0
International aviation,,2000,0
International aviation,,2001,32
International aviation,,2002,0
International aviation,,2003,0
International aviation,,2004,-32
International aviation,,2005,-32
International aviation,,2006,0
International aviation,,2007,-32
International aviation,,2008,0
International aviation,,2009,0
International aviation,,2010,0
International aviation,,2011,-32
International aviation,,2012,0
International aviation,,2013,0
International aviation,,2014,32
International aviation,,2015,32
International aviation,,2016,0
International aviation,,2017,0
International aviation,,2018,0
International aviation,,2019,0
International aviation,,2020,-16
International aviation,,2021,0
International aviation,,2022,0
International aviation,,2023,32
International aviation,,2024,64
International shipping,,1990,0
International shipping,,1991,32
International shipping,,1992,0
International shipping,,1993,0
International shipping,,1994,0
International shipping,,1995,0
International shipping,,1996,0
International shipping,,1997,32
International shipping,,1998,0
International shipping,,1999,0
International shipping,,2000,0
International shipping,,2001,32
International shipping,,2002,0
International shipping,,2003,0
International shipping,,2004,32
International shipping,,2005,-32
International shipping,,2006,64
International shipping,,2007,0
International shipping,,2008,-64
International shipping,,2009,0
International shipping,,2010,0
International shipping,,2011,0
International shipping,,2012,-64
International shipping,,2013,0
International shipping,,2014,0
International shipping,,2015,0
International shipping,,2016,0
International shipping,,2017,0
International shipping,,2018,0
International shipping,,2019,0
International shipping,,2020,0
International shipping,,2021,64
International shipping,,2022,0
International shipping,,2023,0
International shipping,,2024,0
Iran,IRN,1990,-7999392
Iran,IRN,1991,-9105504
Iran,IRN,1992,-8748016
Iran,IRN,1993,-24122096
Iran,IRN,1994,-31583232
Iran,IRN,1995,-22957760
Iran,IRN,1996,-12026832
Iran,IRN,1997,-19732880
Iran,IRN,1998,-15944160
Iran,IRN,1999,-69412540
Iran,IRN,2000,-78373920
Iran,IRN,2001,-77279170
Iran,IRN,2002,-95704260
Iran,IRN,2003,-50532190
Iran,IRN,2004,-57111200
Iran,IRN,2005,-70653380
Iran,IRN,2006,-76514080
Iran,IRN,2007,-24151584
Iran,IRN,2008,-19953920
Iran,IRN,2009,-28036576
Iran,IRN,2010,-84989660
Iran,IRN,2011,-93445570
Iran,IRN,2012,-43345024
Iran,IRN,2013,-124036000
Iran,IRN,2014,-117584670
Iran,IRN,2015,-54598720
Iran,IRN,2016,-113152770
Iran,IRN,2017,-128579780
Iran,IRN,2018,-138303140
Iran,IRN,2019,-112562690
Iran,IRN,2020,-93634430
Iran,IRN,2021,-116896190
Iran,IRN,2022,-134911360
Iran,IRN,2023,-121095810
Ireland,IRL,1990,4718058
Ireland,IRL,1991,4559552
Ireland,IRL,1992,4557072
Ireland,IRL,1993,3603584
Ireland,IRL,1994,3511780
Ireland,IRL,1995,3225148
Ireland,IRL,1996,3048668
Ireland,IRL,1997,5365244
Ireland,IRL,1998,8177684
Ireland,IRL,1999,16702772
Ireland,IRL,2000,8829524
Ireland,IRL,2001,8442452
Ireland,IRL,2002,10486820
Ireland,IRL,2003,19118724
Ireland,IRL,2004,17939048
Ireland,IRL,2005,21400480
Ireland,IRL,2006,23047072
Ireland,IRL,2007,22756648
Ireland,IRL,2008,16633004
Ireland,IRL,2009,7778912
Ireland,IRL,2010,5529700
Ireland,IRL,2011,7169808
Ireland,IRL,2012,7036764
Ireland,IRL,2013,6730184
Ireland,IRL,2014,7870720
Ireland,IRL,2015,5084924
Ireland,IRL,2016,4514172
Ireland,IRL,2017,6616768
Ireland,IRL,2018,7401264
Ireland,IRL,2019,9028468
Ireland,IRL,2020,4738184
Ireland,IRL,2021,4527780
Ireland,IRL,2022,6237004
Ireland,IRL,2023,7265940
Israel,ISR,1990,18705252
Israel,ISR,1991,18554028
Israel,ISR,1992,20922032
Israel,ISR,1993,18460232
Israel,ISR,1994,18316240
Israel,ISR,1995,20185384
Israel,ISR,1996,17779568
Israel,ISR,1997,17199944
Israel,ISR,1998,18381360
Israel,ISR,1999,12884140
Israel,ISR,2000,12482860
Israel,ISR,2001,8849752
Israel,ISR,2002,10631804
Israel,ISR,2003,14667516
Israel,ISR,2004,16121608
Israel,ISR,2005,16134304
Israel,ISR,2006,18632348
Israel,ISR,2007,19421912
Israel,ISR,2008,22338640
Israel,ISR,2009,14711780
Israel,ISR,2010,17638936
Israel,ISR,2011,20269272
Israel,ISR,2012,19777160
Israel,ISR,2013,21461348
Israel,ISR,2014,26172464
Israel,ISR,2015,22097568
Israel,ISR,2016,26654248
Israel,ISR,2017,25638780
Israel,ISR,2018,30595340
Israel,ISR,2019,29472476
Israel,ISR,2020,25243020
Israel,ISR,2021,31493652
Israel,ISR,2022,32468384
Israel,ISR,2023,32937844
Italy,ITA,1990,121026530
Italy,ITA,1991,120893700
Italy,ITA,1992,180273540
Italy,ITA,1993,128150270
Italy,ITA,1994,116084190
Italy,ITA,1995,111078400
Italy,ITA,1996,88527840
Italy,ITA,1997,81164640
Italy,ITA,1998,90134270
Italy,ITA,1999,93922750
Italy,ITA,2000,107335550
Italy,ITA,2001,93063580
Italy,ITA,2002,103441730
Italy,ITA,2003,96504480
Italy,ITA,2004,105983620
Italy,ITA,2005,104176610
Italy,ITA,2006,127763070
Italy,ITA,2007,125011170
Italy,ITA,2008,122874180
Italy,ITA,2009,154128160
Italy,ITA,2010,188783200
Italy,ITA,2011,147443170
Italy,ITA,2012,132634690
Italy,ITA,2013,119223780
Italy,ITA,2014,119661570
Italy,ITA,2015,99527140
Italy,ITA,2016,105803710
Italy,ITA,2017,107071200
Italy,ITA,2018,117761980
Italy,ITA,2019,110872320
Italy,ITA,2020,99636900
Italy,ITA,2021,115878300
Italy,ITA,2022,121686720
Italy,ITA,2023,116717220
Jamaica,JAM,1990,1604839
Jamaica,JAM,1991,961507
Jamaica,JAM,1992,552025.5
Jamaica,JAM,1993,1030035.5
Jamaica,JAM,1994,689445
Jamaica,JAM,1995,760405
Jamaica,JAM,1996,-3010987
Jamaica,JAM,1997,-2843036.5
Jamaica,JAM,1998,-2584427.5
Jamaica,JAM,1999,-3684088.5
Jamaica,JAM,2000,-3754672.5
Jamaica,JAM,2001,-3427659
Jamaica,JAM,2002,-3069635.5
Jamaica,JAM,2003,-3077479.5
Jamaica,JAM,2004,-3452476.5
Jamaica,JAM,2005,-3146824
Jamaica,JAM,2006,-3779162.5
Jamaica,JAM,2007,-3167568.5
Jamaica,JAM,2008,-3541418
Jamaica,JAM,2009,-1960951
Jamaica,JAM,2010,-1709124.5
Jamaica,JAM,2011,-1972105
Jamaica,JAM,2012,-1917298.5
Jamaica,JAM,2013,-2262575
Jamaica,JAM,2014,-1656467.5
Jamaica,JAM,2015,-1729131
Jamaica,JAM,2016,-970493.5
Jamaica,JAM,2017,-1178322.5
Jamaica,JAM,2018,228508
Jamaica,JAM,2019,-326362
Jamaica,JAM,2020,1036448
Jamaica,JAM,2021,898616.5
Jamaica,JAM,2022,531747
Jamaica,JAM,2023,265383
Japan,JPN,1990,207597820
Japan,JPN,1991,216642430
Japan,JPN,1992,324586750
Japan,JPN,1993,289594000
Japan,JPN,1994,303692800
Japan,JPN,1995,324079360
Japan,JPN,1996,298172300
Japan,JPN,1997,275798660
Japan,JPN,1998,224579460
Japan,JPN,1999,261660290
Japan,JPN,2000,322637440
Japan,JPN,2001,296691970
Japan,JPN,2002,255970940
Japan,JPN,2003,219885310
Japan,JPN,2004,227573890
Japan,JPN,2005,225947000
Japan,JPN,2006,221126910
Japan,JPN,2007,187512200
Japan,JPN,2008,237831420
Japan,JPN,2009,214809860
Japan,JPN,2010,210535170
Japan,JPN,2011,239629310
Japan,JPN,2012,239082110
Japan,JPN,2013,175203840
Japan,JPN,2014,143799550
Japan,JPN,2015,100949380
Japan,JPN,2016,122878460
Japan,JPN,2017,104714500
Japan,JPN,2018,135727360
Japan,JPN,2019,143618050
Japan,JPN,2020,146494530
Japan,JPN,2021,161324600
Japan,JPN,2022,171824510
Japan,JPN,2023,155389250
Jordan,JOR,1990,7587291
Jordan,JOR,1991,5542974
Jordan,JOR,1992,5988278
Jordan,JOR,1993,5593100
Jordan,JOR,1994,5793479
Jordan,JOR,1995,6510192
Jordan,JOR,1996,1571096
Jordan,JOR,1997,4939498
Jordan,JOR,1998,3513723
Jordan,JOR,1999,774244
Jordan,JOR,2000,2018196
Jordan,JOR,2001,3837012
Jordan,JOR,2002,4749592
Jordan,JOR,2003,4550668
Jordan,JOR,2004,4303742
Jordan,JOR,2005,4718384
Jordan,JOR,2006,4732194
Jordan,JOR,2007,5283116
Jordan,JOR,2008,8840804
Jordan,JOR,2009,9960242
Jordan,JOR,2010,7980836
Jordan,JOR,2011,10485690
Jordan,JOR,2012,11334626
Jordan,JOR,2013,13453004
Jordan,JOR,2014,11603498
Jordan,JOR,2015,11631938
Jordan,JOR,2016,13117952
Jordan,JOR,2017,8129064
Jordan,JOR,2018,8494202
Jordan,JOR,2019,8092844
Jordan,JOR,2020,8318858
Jordan,JOR,2021,9451878
Jordan,JOR,2022,9474532
Jordan,JOR,2023,8697252
Kazakhstan,KAZ,1990,-19583328
Kazakhstan,KAZ,1991,-75787660
Kazakhstan,KAZ,1992,-151230270
Kazakhstan,KAZ,1993,-76130850
Kazakhstan,KAZ,1994,-57229590
Kazakhstan,KAZ,1995,-60694830
Kazakhstan,KAZ,1996,-38664810
Kazakhstan,KAZ,1997,-37847856
Kazakhstan,KAZ,1998,-27553840
Kazakhstan,KAZ,1999,-20277208
Kazakhstan,KAZ,2000,-39314430
Kazakhstan,KAZ,2001,-21065960
Kazakhstan,KAZ,2002,-32770736
Kazakhstan,KAZ,2003,-44074530
Kazakhstan,KAZ,2004,-47835950
Kazakhstan,KAZ,2005,-47921664
Kazakhstan,KAZ,2006,-41028030
Kazakhstan,KAZ,2007,-36462290
Kazakhstan,KAZ,2008,-49416450
Kazakhstan,KAZ,2009,-40942110
Kazakhstan,KAZ,2010,-85727740
Kazakhstan,KAZ,2011,-87391420
Kazakhstan,KAZ,2012,-60157024
Kazakhstan,KAZ,2013,-52835410
Kazakhstan,KAZ,2014,-81177790
Kazakhstan,KAZ,2015,-52957310
Kazakhstan,KAZ,2016,-73521870
Kazakhstan,KAZ,2017,-78327390
Kazakhstan,KAZ,2018,-101840060
Kazakhstan,KAZ,2019,-84789410
Kazakhstan,KAZ,2020,-63276750
Kazakhstan,KAZ,2021,-53570910
Kazakhstan,KAZ,2022,-86807060
Kazakhstan,KAZ,2023,-73517890
Kenya,KEN,1990,1033093
Kenya,KEN,1991,1250662
Kenya,KEN,1992,1274977
Kenya,KEN,1993,874145
Kenya,KEN,1994,1145734.5
Kenya,KEN,1995,1381798
Kenya,KEN,1996,986473
Kenya,KEN,1997,2002524
Kenya,KEN,1998,1877218
Kenya,KEN,1999,1402148
Kenya,KEN,2000,1786523
Kenya,KEN,2001,3465494
Kenya,KEN,2002,2557036
Kenya,KEN,2003,3703681
Kenya,KEN,2004,2711960
Kenya,KEN,2005,3840353
Kenya,KEN,2006,4490436
Kenya,KEN,2007,5357600
Kenya,KEN,2008,5910452
Kenya,KEN,2009,5627670
Kenya,KEN,2010,5948331
Kenya,KEN,2011,7638747
Kenya,KEN,2012,9583339
Kenya,KEN,2013,12854962
Kenya,KEN,2014,15917822
Kenya,KEN,2015,13076944
Kenya,KEN,2016,12421298
Kenya,KEN,2017,11326059
Kenya,KEN,2018,12193428
Kenya,KEN,2019,12041350
Kenya,KEN,2020,11247868
Kenya,KEN,2021,12951672
Kenya,KEN,2022,13984450
Kenya,KEN,2023,13794326
Kuwait,KWT,1990,-2388308
Kuwait,KWT,1991,-473249660
Kuwait,KWT,1992,350412
Kuwait,KWT,1993,-5118664
Kuwait,KWT,1994,-7460240
Kuwait,KWT,1995,-7453312
Kuwait,KWT,1996,-5836576
Kuwait,KWT,1997,-7937656
Kuwait,KWT,1998,-2591756
Kuwait,KWT,1999,-17535460
Kuwait,KWT,2000,-25137744
Kuwait,KWT,2001,-23280292
Kuwait,KWT,2002,-18607688
Kuwait,KWT,2003,-5383508
Kuwait,KWT,2004,-6827308
Kuwait,KWT,2005,-961648
Kuwait,KWT,2006,-5699640
Kuwait,KWT,2007,-2586976
Kuwait,KWT,2008,-5284152
Kuwait,KWT,2009,-7542528
Kuwait,KWT,2010,-6674728
Kuwait,KWT,2011,-5550096
Kuwait,KWT,2012,-16078104
Kuwait,KWT,2013,-1021840
Kuwait,KWT,2014,5330728
Kuwait,KWT,2015,14811088
Kuwait,KWT,2016,3409112
Kuwait,KWT,2017,623040
Kuwait,KWT,2018,2560304
Kuwait,KWT,2019,3476376
Kuwait,KWT,2020,7591944
Kuwait,KWT,2021,8248568
Kuwait,KWT,2022,-52328
Kuwait,KWT,2023,-823040
Kyrgyzstan,KGZ,1990,2142038
Kyrgyzstan,KGZ,1991,6832131
Kyrgyzstan,KGZ,1992,17599540
Kyrgyzstan,KGZ,1993,9905786
Kyrgyzstan,KGZ,1994,8324033
Kyrgyzstan,KGZ,1995,9663591
Kyrgyzstan,KGZ,1996,3782739
Kyrgyzstan,KGZ,1997,-227657.5
Kyrgyzstan,KGZ,1998,368252.5
Kyrgyzstan,KGZ,1999,848181.5
Kyrgyzstan,KGZ,2000,2168120.5
Kyrgyzstan,KGZ,2001,1222150.5
Kyrgyzstan,KGZ,2002,944032.5
Kyrgyzstan,KGZ,2003,574485
Kyrgyzstan,KGZ,2004,1762449.5
Kyrgyzstan,KGZ,2005,2519540.5
Kyrgyzstan,KGZ,2006,4016335
Kyrgyzstan,KGZ,2007,3749782
Kyrgyzstan,KGZ,2008,9456469
Kyrgyzstan,KGZ,2009,8144677
Kyrgyzstan,KGZ,2010,6838367
Kyrgyzstan,KGZ,2011,7564438
Kyrgyzstan,KGZ,2012,8582885
Kyrgyzstan,KGZ,2013,7358529
Kyrgyzstan,KGZ,2014,7712160
Kyrgyzstan,KGZ,2015,6238707
Kyrgyzstan,KGZ,2016,8285192
Kyrgyzstan,KGZ,2017,7963017
Kyrgyzstan,KGZ,2018,8824225
Kyrgyzstan,KGZ,2019,8451767
Kyrgyzstan,KGZ,2020,7892666.5
Kyrgyzstan,KGZ,2021,8673166
Kyrgyzstan,KGZ,2022,9349176
Kyrgyzstan,KGZ,2023,8048839
Laos,LAO,1990,335370.6
Laos,LAO,1991,365483.7
Laos,LAO,1992,377048.3
Laos,LAO,1993,388654.75
Laos,LAO,1994,466651.5
Laos,LAO,1995,537071.6
Laos,LAO,1996,448214.38
Laos,LAO,1997,469758.38
Laos,LAO,1998,461169.38
Laos,LAO,1999,349373.38
Laos,LAO,2000,2038807.2
Laos,LAO,2001,2003299.2
Laos,LAO,2002,2162559.5
Laos,LAO,2003,1011456.25
Laos,LAO,2004,1301452.8
Laos,LAO,2005,1318243.8
Laos,LAO,2006,1640245.5
Laos,LAO,2007,1749408
Laos,LAO,2008,2135042
Laos,LAO,2009,2350358.5
Laos,LAO,2010,-478754.5
Laos,LAO,2011,-705575
Laos,LAO,2012,-661151.25
Laos,LAO,2013,-684367.5
Laos,LAO,2014,-685400.5
Laos,LAO,2015,-1414118
Laos,LAO,2016,-8750635
Laos,LAO,2017,-5634905
Laos,LAO,2018,-6565631
Laos,LAO,2019,-4914074
Laos,LAO,2020,-4192252
Laos,LAO,2021,-9320716
Laos,LAO,2022,-14134003
Laos,LAO,2023,-9332173
Latvia,LVA,1990,1293260
Latvia,LVA,1991,1554104
Latvia,LVA,1992,3383427
Latvia,LVA,1993,2068567
Latvia,LVA,1994,2865302
Latvia,LVA,1995,3092491
Latvia,LVA,1996,3477875
Latvia,LVA,1997,3424635
Latvia,LVA,1998,5031056.5
Latvia,LVA,1999,4654491
Latvia,LVA,2000,9268829
Latvia,LVA,2001,8209965
Latvia,LVA,2002,8023892
Latvia,LVA,2003,6891206
Latvia,LVA,2004,6612152
Latvia,LVA,2005,5883799
Latvia,LVA,2006,7103017
Latvia,LVA,2007,9088933
Latvia,LVA,2008,8354839
Latvia,LVA,2009,4425778
Latvia,LVA,2010,5025419
Latvia,LVA,2011,5875560
Latvia,LVA,2012,5507127
Latvia,LVA,2013,5366832
Latvia,LVA,2014,4968547
Latvia,LVA,2015,5360318
Latvia,LVA,2016,5245414
Latvia,LVA,2017,6733293
Latvia,LVA,2018,8019015
Latvia,LVA,2019,7439730
Latvia,LVA,2020,6424615
Latvia,LVA,2021,7737186
Latvia,LVA,2022,7665603
Latvia,LVA,2023,6771967
Lithuania,LTU,1990,5787220
Lithuania,LTU,1991,8204016
Lithuania,LTU,1992,31347374
Lithuania,LTU,1993,15107136
Lithuania,LTU,1994,12093982
Lithuania,LTU,1995,12436465
Lithuania,LTU,1996,4572983
Lithuania,LTU,1997,5502034
Lithuania,LTU,1998,6188009
Lithuania,LTU,1999,5174156
Lithuania,LTU,2000,7684517
Lithuania,LTU,2001,6756307
Lithuania,LTU,2002,5317953
Lithuania,LTU,2003,9135981
Lithuania,LTU,2004,7854027
Lithuania,LTU,2005,6704347
Lithuania,LTU,2006,8299695
Lithuania,LTU,2007,8962732
Lithuania,LTU,2008,8044651
Lithuania,LTU,2009,7760045
Lithuania,LTU,2010,6509680
Lithuania,LTU,2011,9456673
Lithuania,LTU,2012,5988767
Lithuania,LTU,2013,7369474
Lithuania,LTU,2014,7842833
Lithuania,LTU,2015,7151462
Lithuania,LTU,2016,8548384
Lithuania,LTU,2017,9027532
Lithuania,LTU,2018,10465144
Lithuania,LTU,2019,8776318
Lithuania,LTU,2020,7036722
Lithuania,LTU,2021,8789605
Lithuania,LTU,2022,9206922
Lithuania,LTU,2023,8009776
Low-income countries,,1990,-178888770
Low-income countries,,1991,-176479220
Low-income countries,,1992,-160980780
Low-income countries,,1993,-152508460
Low-income countries,,1994,-148213520
Low-income countries,,1995,-144759000
Low-income countries,,1996,-136331180
Low-income countries,,1997,-138447040
Low-income countries,,1998,-136775840
Low-income countries,,1999,-143439490
Low-income countries,,2000,-145296720
Low-income countries,,2001,-147520320
Low-income countries,,2002,-136866290
Low-income countries,,2003,-158548580
Low-income countries,,2004,-160602540
Low-income countries,,2005,-164175650
Low-income countries,,2006,-169253260
Low-income countries,,2007,-174327630
Low-income countries,,2008,-182961380
Low-income countries,,2009,-181333090
Low-income countries,,2010,-181936820
Low-income countries,,2011,-160417840
Low-income countries,,2012,-144734850
Low-income countries,,2013,-127468504
Low-income countries,,2014,-127749420
Low-income countries,,2015,-106794160
Low-income countries,,2016,-110392490
Low-income countries,,2017,-145652290
Low-income countries,,2018,-135035550
Low-income countries,,2019,-148004220
Low-income countries,,2020,-143273120
Low-income countries,,2021,-128621920
Low-income countries,,2022,-129075220
Low-income countries,,2023,-135078370
Lower-middle-income countries,,1990,-96543550
Lower-middle-income countries,,1991,-118600510
Lower-middle-income countries,,1992,-89361660
Lower-middle-income countries,,1993,-131534850
Lower-middle-income countries,,1994,-141766530
Lower-middle-income countries,,1995,-155827460
Lower-middle-income countries,,1996,-187336450
Lower-middle-income countries,,1997,-200300670
Lower-middle-income countries,,1998,-221816320
Lower-middle-income countries,,1999,-205070200
Lower-middle-income countries,,2000,-275772160
Lower-middle-income countries,,2001,-263727490
Lower-middle-income countries,,2002,-266954620
Lower-middle-income countries,,2003,-262691200
Lower-middle-income countries,,2004,-264704260
Lower-middle-income countries,,2005,-245395330
Lower-middle-income countries,,2006,-286230270
Lower-middle-income countries,,2007,-239063550
Lower-middle-income countries,,2008,-220817400
Lower-middle-income countries,,2009,-190568200
Lower-middle-income countries,,2010,-217377020
Lower-middle-income countries,,2011,-247679740
Lower-middle-income countries,,2012,-233359870
Lower-middle-income countries,,2013,-388933120
Lower-middle-income countries,,2014,-324316670
Lower-middle-income countries,,2015,-310164480
Lower-middle-income countries,,2016,-339764740
Lower-middle-income countries,,2017,-351826700
Lower-middle-income countries,,2018,-367190800
Lower-middle-income countries,,2019,-393871870
Lower-middle-income countries,,2020,-391230980
Lower-middle-income countries,,2021,-437658100
Lower-middle-income countries,,2022,-502353660
Lower-middle-income countries,,2023,-560585200
Luxembourg,LUX,1990,0
Luxembourg,LUX,1991,0
Luxembourg,LUX,1992,0
Luxembourg,LUX,1993,0
Luxembourg,LUX,1994,0
Luxembourg,LUX,1995,0
Luxembourg,LUX,1996,0
Luxembourg,LUX,1997,0
Luxembourg,LUX,1998,-0.5
Luxembourg,LUX,1999,-376924
Luxembourg,LUX,2000,-108926
Luxembourg,LUX,2001,-846203.5
Luxembourg,LUX,2002,-1465877
Luxembourg,LUX,2003,1090276
Luxembourg,LUX,2004,1172557
Luxembourg,LUX,2005,2165088
Luxembourg,LUX,2006,1944995
Luxembourg,LUX,2007,-531949
Luxembourg,LUX,2008,3721172
Luxembourg,LUX,2009,-2084436
Luxembourg,LUX,2010,-1329092
Luxembourg,LUX,2011,-449335
Luxembourg,LUX,2012,-537491
Luxembourg,LUX,2013,-508187
Luxembourg,LUX,2014,-172729
Luxembourg,LUX,2015,28021
Luxembourg,LUX,2016,-159240
Luxembourg,LUX,2017,-345186
Luxembourg,LUX,2018,-822184
Luxembourg,LUX,2019,-1286157
Luxembourg,LUX,2020,-810967
Luxembourg,LUX,2021,-415695
Luxembourg,LUX,2022,717945
Luxembourg,LUX,2023,491249.5
Madagascar,MDG,1990,205593
Madagascar,MDG,1991,206205.25
Madagascar,MDG,1992,246330.44
Madagascar,MDG,1993,280678
Madagascar,MDG,1994,277608.12
Madagascar,MDG,1995,250047.88
Madagascar,MDG,1996,269181.25
Madagascar,MDG,1997,208281
Madagascar,MDG,1998,342277.75
Madagascar,MDG,1999,509479
Madagascar,MDG,2000,1089912
Madagascar,MDG,2001,882134.5
Madagascar,MDG,2002,1260492
Madagascar,MDG,2003,1248580.2
Madagascar,MDG,2004,1087081.5
Madagascar,MDG,2005,1266300
Madagascar,MDG,2006,1050557.2
Madagascar,MDG,2007,1217370
Madagascar,MDG,2008,2527314.5
Madagascar,MDG,2009,2039008.5
Madagascar,MDG,2010,1414599.2
Madagascar,MDG,2011,1302037.8
Madagascar,MDG,2012,1156577.5
Madagascar,MDG,2013,1800719.5
Madagascar,MDG,2014,1858494
Madagascar,MDG,2015,1525852
Madagascar,MDG,2016,1813637.5
Madagascar,MDG,2017,1917604.5
Madagascar,MDG,2018,1672242
Madagascar,MDG,2019,1613036
Madagascar,MDG,2020,1799711.5
Madagascar,MDG,2021,1949331
Madagascar,MDG,2022,1981481
Madagascar,MDG,2023,1972557
Malawi,MWI,1990,-42184.375
Malawi,MWI,1991,-43392.688
Malawi,MWI,1992,-32912.938
Malawi,MWI,1993,-17031.625
Malawi,MWI,1994,-73819.69
Malawi,MWI,1995,-72496.25
Malawi,MWI,1996,129052.375
Malawi,MWI,1997,114304.56
Malawi,MWI,1998,127347.75
Malawi,MWI,1999,248396
Malawi,MWI,2000,-56068.562
Malawi,MWI,2001,-61458.125
Malawi,MWI,2002,-36318.25
Malawi,MWI,2003,-7297.3125
Malawi,MWI,2004,-90439.44
Malawi,MWI,2005,-85694.56
Malawi,MWI,2006,-19832.938
Malawi,MWI,2007,-135406.12
Malawi,MWI,2008,-121204.625
Malawi,MWI,2009,-209839.19
Malawi,MWI,2010,-138526.62
Malawi,MWI,2011,-159033.56
Malawi,MWI,2012,-109716.25
Malawi,MWI,2013,-380430.94
Malawi,MWI,2014,-346256.94
Malawi,MWI,2015,-340760
Malawi,MWI,2016,-204070.19
Malawi,MWI,2017,-271838.56
Malawi,MWI,2018,968693
Malawi,MWI,2019,1015542.5
Malawi,MWI,2020,1065019.2
Malawi,MWI,2021,1258425.8
Malawi,MWI,2022,1395158.2
Malawi,MWI,2023,1380320
Malaysia,MYS,1990,17936756
Malaysia,MYS,1991,13343284
Malaysia,MYS,1992,15796920
Malaysia,MYS,1993,7265176
Malaysia,MYS,1994,7192088
Malaysia,MYS,1995,-4277520
Malaysia,MYS,1996,-5653288
Malaysia,MYS,1997,-3812312
Malaysia,MYS,1998,-30526232
Malaysia,MYS,1999,-9923984
Malaysia,MYS,2000,-16338720
Malaysia,MYS,2001,-18234824
Malaysia,MYS,2002,-12777792
Malaysia,MYS,2003,-23231280
Malaysia,MYS,2004,-29794368
Malaysia,MYS,2005,-27100480
Malaysia,MYS,2006,-24764768
Malaysia,MYS,2007,-18150800
Malaysia,MYS,2008,-20973264
Malaysia,MYS,2009,-27160992
Malaysia,MYS,2010,-12459312
Malaysia,MYS,2011,-3452144
Malaysia,MYS,2012,9537920
Malaysia,MYS,2013,9366416
Malaysia,MYS,2014,8355952
Malaysia,MYS,2015,-84784
Malaysia,MYS,2016,5573728
Malaysia,MYS,2017,1903632
Malaysia,MYS,2018,3317440
Malaysia,MYS,2019,-2441120
Malaysia,MYS,2020,801392
Malaysia,MYS,2021,799872
Malaysia,MYS,2022,1914752
Malaysia,MYS,2023,10211392
Malta,MLT,1990,835225.5
Malta,MLT,1991,852366.25
Malta,MLT,1992,977820.5
Malta,MLT,1993,645886.25
Malta,MLT,1994,870567.75
Malta,MLT,1995,1349798.2
Malta,MLT,1996,956591.5
Malta,MLT,1997,743984.25
Malta,MLT,1998,1374507
Malta,MLT,1999,2025656.5
Malta,MLT,2000,3747916.5
Malta,MLT,2001,3855686.5
Malta,MLT,2002,4017674
Malta,MLT,2003,1916294
Malta,MLT,2004,1697868.5
Malta,MLT,2005,992258.75
Malta,MLT,2006,1353826.8
Malta,MLT,2007,2400451.5
Malta,MLT,2008,4130771
Malta,MLT,2009,3080853.5
Malta,MLT,2010,4649949.5
Malta,MLT,2011,6952088
Malta,MLT,2012,6246141
Malta,MLT,2013,4858141
Malta,MLT,2014,6279811
Malta,MLT,2015,9475185
Malta,MLT,2016,14075824
Malta,MLT,2017,11423469
Malta,MLT,2018,15372447
Malta,MLT,2019,14218305
Malta,MLT,2020,11949141
Malta,MLT,2021,14638317
Malta,MLT,2022,14344485
Malta,MLT,2023,12528404
Mauritius,MUS,1990,500876.12
Mauritius,MUS,1991,512931
Mauritius,MUS,1992,578337.5
Mauritius,MUS,1993,585235.75
Mauritius,MUS,1994,754930.5
Mauritius,MUS,1995,703381.75
Mauritius,MUS,1996,675973.5
Mauritius,MUS,1997,864720.25
Mauritius,MUS,1998,850205.5
Mauritius,MUS,1999,550942.5
Mauritius,MUS,2000,1922084.5
Mauritius,MUS,2001,1667842.5
Mauritius,MUS,2002,1866438
Mauritius,MUS,2003,2094158
Mauritius,MUS,2004,2396507.5
Mauritius,MUS,2005,1821698
Mauritius,MUS,2006,2051824
Mauritius,MUS,2007,2013982.5
Mauritius,MUS,2008,2512365
Mauritius,MUS,2009,1922793.5
Mauritius,MUS,2010,1755498.5
Mauritius,MUS,2011,2034511.5
Mauritius,MUS,2012,1882858
Mauritius,MUS,2013,2062227.5
Mauritius,MUS,2014,2230150
Mauritius,MUS,2015,1747571
Mauritius,MUS,2016,2089133.5
Mauritius,MUS,2017,2427234
Mauritius,MUS,2018,2844643.5
Mauritius,MUS,2019,2802464
Mauritius,MUS,2020,2874959.5
Mauritius,MUS,2021,3374848.5
Mauritius,MUS,2022,3411307.5
Mauritius,MUS,2023,3325636.5
Mexico,MEX,1990,8721056
Mexico,MEX,1991,13220640
Mexico,MEX,1992,18500192
Mexico,MEX,1993,20158912
Mexico,MEX,1994,18513312
Mexico,MEX,1995,-1105024
Mexico,MEX,1996,4272416
Mexico,MEX,1997,19838048
Mexico,MEX,1998,26235104
Mexico,MEX,1999,33835264
Mexico,MEX,2000,65643810
Mexico,MEX,2001,54058270
Mexico,MEX,2002,51989310
Mexico,MEX,2003,33256160
Mexico,MEX,2004,52504670
Mexico,MEX,2005,49444190
Mexico,MEX,2006,55106016
Mexico,MEX,2007,48956030
Mexico,MEX,2008,56105280
Mexico,MEX,2009,48198016
Mexico,MEX,2010,68418850
Mexico,MEX,2011,81693340
Mexico,MEX,2012,78298560
Mexico,MEX,2013,94204260
Mexico,MEX,2014,102160860
Mexico,MEX,2015,92918980
Mexico,MEX,2016,93181790
Mexico,MEX,2017,96383070
Mexico,MEX,2018,102778940
Mexico,MEX,2019,94680900
Mexico,MEX,2020,73114020
Mexico,MEX,2021,92281730
Mexico,MEX,2022,103774270
Mexico,MEX,2023,106715230
Mongolia,MNG,1990,-875156
Mongolia,MNG,1991,-3228898
Mongolia,MNG,1992,-1803295
Mongolia,MNG,1993,-3151742
Mongolia,MNG,1994,-2029350.5
Mongolia,MNG,1995,-1889346
Mongolia,MNG,1996,-781271
Mongolia,MNG,1997,-1320755.5
Mongolia,MNG,1998,-999879.5
Mongolia,MNG,1999,-211211.5
Mongolia,MNG,2000,-45655
Mongolia,MNG,2001,57671
Mongolia,MNG,2002,-47798.5
Mongolia,MNG,2003,510714
Mongolia,MNG,2004,155158
Mongolia,MNG,2005,421690
Mongolia,MNG,2006,419135
Mongolia,MNG,2007,425725
Mongolia,MNG,2008,1327676
Mongolia,MNG,2009,626445
Mongolia,MNG,2010,1151639
Mongolia,MNG,2011,2437512
Mongolia,MNG,2012,859236
Mongolia,MNG,2013,199624
Mongolia,MNG,2014,-343542
Mongolia,MNG,2015,216738
Mongolia,MNG,2016,-1994572
Mongolia,MNG,2017,-3969528
Mongolia,MNG,2018,-4535988
Mongolia,MNG,2019,-5541808
Mongolia,MNG,2020,-4934824
Mongolia,MNG,2021,-2414924
Mongolia,MNG,2022,-3957668
Mongolia,MNG,2023,-7578984
Morocco,MAR,1990,7309844
Morocco,MAR,1991,6107414
Morocco,MAR,1992,9549916
Morocco,MAR,1993,7083456
Morocco,MAR,1994,6559936
Morocco,MAR,1995,6819370
Morocco,MAR,1996,3784778
Morocco,MAR,1997,2961284
Morocco,MAR,1998,3467056
Morocco,MAR,1999,5824924
Morocco,MAR,2000,4796776
Morocco,MAR,2001,4402588
Morocco,MAR,2002,6264592
Morocco,MAR,2003,4043508
Morocco,MAR,2004,4605648
Morocco,MAR,2005,4175392
Morocco,MAR,2006,4720912
Morocco,MAR,2007,6451228
Morocco,MAR,2008,9793620
Morocco,MAR,2009,6194724
Morocco,MAR,2010,4512868
Morocco,MAR,2011,8004024
Morocco,MAR,2012,5921620
Morocco,MAR,2013,5223880
Morocco,MAR,2014,4089536
Morocco,MAR,2015,3058148
Morocco,MAR,2016,7648060
Morocco,MAR,2017,5635780
Morocco,MAR,2018,6199132
Morocco,MAR,2019,3934200
Morocco,MAR,2020,3197512
Morocco,MAR,2021,4115848
Morocco,MAR,2022,1606160
Morocco,MAR,2023,952336
Mozambique,MOZ,1990,594348.06
Mozambique,MOZ,1991,554961.1
Mozambique,MOZ,1992,575802.44
Mozambique,MOZ,1993,563167.6
Mozambique,MOZ,1994,594164.6
Mozambique,MOZ,1995,627424.9
Mozambique,MOZ,1996,143125.38
Mozambique,MOZ,1997,205185
Mozambique,MOZ,1998,252256.25
Mozambique,MOZ,1999,471523.12
Mozambique,MOZ,2000,2834152.5
Mozambique,MOZ,2001,3118114
Mozambique,MOZ,2002,3035690
Mozambique,MOZ,2003,3566702.5
Mozambique,MOZ,2004,3593261
Mozambique,MOZ,2005,4406441
Mozambique,MOZ,2006,4055464.5
Mozambique,MOZ,2007,4895163.5
Mozambique,MOZ,2008,6178553
Mozambique,MOZ,2009,5694001.5
Mozambique,MOZ,2010,5195691.5
Mozambique,MOZ,2011,7324698
Mozambique,MOZ,2012,7033254
Mozambique,MOZ,2013,11478009
Mozambique,MOZ,2014,11558570
Mozambique,MOZ,2015,9393864
Mozambique,MOZ,2016,7080579
Mozambique,MOZ,2017,5708331
Mozambique,MOZ,2018,5485332
Mozambique,MOZ,2019,5853266
Mozambique,MOZ,2020,5831556
Mozambique,MOZ,2021,6066103
Mozambique,MOZ,2022,5526667
Mozambique,MOZ,2023,5334571
Namibia,NAM,1991,0
Namibia,NAM,1992,0
Namibia,NAM,1993,0
Namibia,NAM,1994,-0.25
Namibia,NAM,1995,0
Namibia,NAM,1996,0
Namibia,NAM,1997,-0.25
Namibia,NAM,1998,0
Namibia,NAM,1999,0
Namibia,NAM,2000,-86365.5
Namibia,NAM,2001,-80078.75
Namibia,NAM,2002,-148665.12
Namibia,NAM,2003,-177968.38
Namibia,NAM,2004,-45183.25
Namibia,NAM,2005,-12323.75
Namibia,NAM,2006,-249058.25
Namibia,NAM,2007,169970
Namibia,NAM,2008,505876
Namibia,NAM,2009,253298.25
Namibia,NAM,2010,6527584
Namibia,NAM,2011,6419695
Namibia,NAM,2012,5941018
Namibia,NAM,2013,6472354
Namibia,NAM,2014,8167866
Namibia,NAM,2015,7383629
Namibia,NAM,2016,7745574
Namibia,NAM,2017,5685793
Namibia,NAM,2018,5553410
Namibia,NAM,2019,5614031
Namibia,NAM,2020,5350926
Namibia,NAM,2021,6202579
Namibia,NAM,2022,6348806
Namibia,NAM,2023,6202848
Nepal,NPL,1990,419886.75
Nepal,NPL,1991,468762.7
Nepal,NPL,1992,461839.88
Nepal,NPL,1993,469555
Nepal,NPL,1994,470479.25
Nepal,NPL,1995,430875.5
Nepal,NPL,1996,573311.75
Nepal,NPL,1997,462661.5
Nepal,NPL,1998,-133897.5
Nepal,NPL,1999,-159579.75
Nepal,NPL,2000,-372942.25
Nepal,NPL,2001,614103.75
Nepal,NPL,2002,923750.25
Nepal,NPL,2003,-536169.5
Nepal,NPL,2004,1658373.5
Nepal,NPL,2005,1571091.5
Nepal,NPL,2006,2053073
Nepal,NPL,2007,2474601
Nepal,NPL,2008,3116713
Nepal,NPL,2009,-741643.75
Nepal,NPL,2010,-643320.75
Nepal,NPL,2011,-637993
Nepal,NPL,2012,-736610
Nepal,NPL,2013,-847942.5
Nepal,NPL,2014,-1304187.5
Nepal,NPL,2015,-1183671.5
Nepal,NPL,2016,-1319939
Nepal,NPL,2017,-1607130
Nepal,NPL,2018,22743320
Nepal,NPL,2019,22032770
Nepal,NPL,2020,20401864
Nepal,NPL,2021,25707560
Nepal,NPL,2022,28590492
Nepal,NPL,2023,28931464
Netherlands,NLD,1990,11532672
Netherlands,NLD,1991,3006992
Netherlands,NLD,1992,16939200
Netherlands,NLD,1993,10725280
Netherlands,NLD,1994,9206272
Netherlands,NLD,1995,9178576
Netherlands,NLD,1996,8875472
Netherlands,NLD,1997,11233888
Netherlands,NLD,1998,9314256
Netherlands,NLD,1999,-35485810
Netherlands,NLD,2000,-38518984
Netherlands,NLD,2001,-45910970
Netherlands,NLD,2002,-27210768
Netherlands,NLD,2003,-4462096
Netherlands,NLD,2004,2594448
Netherlands,NLD,2005,25529072
Netherlands,NLD,2006,39429310
Netherlands,NLD,2007,11787488
Netherlands,NLD,2008,22607744
Netherlands,NLD,2009,16378784
Netherlands,NLD,2010,28442608
Netherlands,NLD,2011,31545472
Netherlands,NLD,2012,11158464
Netherlands,NLD,2013,13504384
Netherlands,NLD,2014,7587136
Netherlands,NLD,2015,-3298416
Netherlands,NLD,2016,4315952
Netherlands,NLD,2017,3434240
Netherlands,NLD,2018,7213200
Netherlands,NLD,2019,9911312
Netherlands,NLD,2020,9878064
Netherlands,NLD,2021,19402928
Netherlands,NLD,2022,29876136
Netherlands,NLD,2023,33131952
New Zealand,NZL,1990,1671262
New Zealand,NZL,1991,1125386
New Zealand,NZL,1992,451030
New Zealand,NZL,1993,843258
New Zealand,NZL,1994,1522896
New Zealand,NZL,1995,2665364
New Zealand,NZL,1996,2348956
New Zealand,NZL,1997,2534718
New Zealand,NZL,1998,1438404
New Zealand,NZL,1999,2761782
New Zealand,NZL,2000,766544
New Zealand,NZL,2001,-14464
New Zealand,NZL,2002,472224
New Zealand,NZL,2003,3768984
New Zealand,NZL,2004,5388336
New Zealand,NZL,2005,6584084
New Zealand,NZL,2006,5268884
New Zealand,NZL,2007,6791128
New Zealand,NZL,2008,5722260
New Zealand,NZL,2009,2673488
New Zealand,NZL,2010,3420608
New Zealand,NZL,2011,4888640
New Zealand,NZL,2012,5111064
New Zealand,NZL,2013,5418004
New Zealand,NZL,2014,5543588
New Zealand,NZL,2015,4404816
New Zealand,NZL,2016,6263460
New Zealand,NZL,2017,5018936
New Zealand,NZL,2018,5886308
New Zealand,NZL,2019,5334144
New Zealand,NZL,2020,7199828
New Zealand,NZL,2021,9166492
New Zealand,NZL,2022,10602230
New Zealand,NZL,2023,9836062
Nicaragua,NIC,1990,299537.12
Nicaragua,NIC,1991,365070.25
Nicaragua,NIC,1992,530365.75
Nicaragua,NIC,1993,437932.5
Nicaragua,NIC,1994,362747
Nicaragua,NIC,1995,317425.75
Nicaragua,NIC,1996,295841
Nicaragua,NIC,1997,281293.75
Nicaragua,NIC,1998,396303.5
Nicaragua,NIC,1999,569736.25
Nicaragua,NIC,2000,651050
Nicaragua,NIC,2001,678586
Nicaragua,NIC,2002,594083.5
Nicaragua,NIC,2003,807716
Nicaragua,NIC,2004,956384.5
Nicaragua,NIC,2005,935656
Nicaragua,NIC,2006,1308083.5
Nicaragua,NIC,2007,1550498
Nicaragua,NIC,2008,1505175.5
Nicaragua,NIC,2009,1144995.5
Nicaragua,NIC,2010,980733.5
Nicaragua,NIC,2011,806411
Nicaragua,NIC,2012,1291049
Nicaragua,NIC,2013,1619779
Nicaragua,NIC,2014,1873143
Nicaragua,NIC,2015,2261591.5
Nicaragua,NIC,2016,2385158
Nicaragua,NIC,2017,2134846
Nicaragua,NIC,2018,2017430.5
Nicaragua,NIC,2019,1824752.5
Nicaragua,NIC,2020,1457252.5
Nicaragua,NIC,2021,1682943
Nicaragua,NIC,2022,1867840.5
Nicaragua,NIC,2023,1744886
Nigeria,NGA,1990,-1908804
Nigeria,NGA,1991,-3069376
Nigeria,NGA,1992,-3546528
Nigeria,NGA,1993,-2153164
Nigeria,NGA,1994,-3198048
Nigeria,NGA,1995,-8855432
Nigeria,NGA,1996,-8779496
Nigeria,NGA,1997,-8388984
Nigeria,NGA,1998,-190168
Nigeria,NGA,1999,-21253660
Nigeria,NGA,2000,-47252084
Nigeria,NGA,2001,-29580928
Nigeria,NGA,2002,-18643712
Nigeria,NGA,2003,-24253952
Nigeria,NGA,2004,-14466208
Nigeria,NGA,2005,-11821416
Nigeria,NGA,2006,-24193256
Nigeria,NGA,2007,-5625688
Nigeria,NGA,2008,-3909704
Nigeria,NGA,2009,16412112
Nigeria,NGA,2010,1838752
Nigeria,NGA,2011,-5479384
Nigeria,NGA,2012,-6246608
Nigeria,NGA,2013,14886064
Nigeria,NGA,2014,14499688
Nigeria,NGA,2015,17866712
Nigeria,NGA,2016,8935680
Nigeria,NGA,2017,6071568
Nigeria,NGA,2018,7098944
Nigeria,NGA,2019,4434608
Nigeria,NGA,2020,12278976
Nigeria,NGA,2021,9350704
Nigeria,NGA,2022,8157288
Nigeria,NGA,2023,3907848
North America,,1990,-79604740
North America,,1991,-85706240
North America,,1992,40334850
North America,,1993,-35590144
North America,,1994,-35325950
North America,,1995,-61353984
North America,,1996,-85509120
North America,,1997,-36775936
North America,,1998,113212420
North America,,1999,138779140
North America,,2000,239547900
North America,,2001,267804670
North America,,2002,353084400
North America,,2003,418058750
North America,,2004,463960580
North America,,2005,571812350
North America,,2006,599659500
North America,,2007,422201340
North America,,2008,326460930
North America,,2009,290909200
North America,,2010,314525200
North America,,2011,281574400
North America,,2012,298279940
North America,,2013,260715000
North America,,2014,299169280
North America,,2015,370304000
North America,,2016,344513540
North America,,2017,383139840
North America,,2018,385434100
North America,,2019,385388540
North America,,2020,453481470
North America,,2021,527932930
North America,,2022,570639360
North America,,2023,571559940
North America (excl. USA),,1990,816064
North America (excl. USA),,1991,16325824
North America (excl. USA),,1992,31566720
North America (excl. USA),,1993,16844672
North America (excl. USA),,1994,4062080
North America (excl. USA),,1995,-22075904
North America (excl. USA),,1996,-29621120
North America (excl. USA),,1997,-2267200
North America (excl. USA),,1998,10680256
North America (excl. USA),,1999,1610816
North America (excl. USA),,2000,33005440
North America (excl. USA),,2001,22286848
North America (excl. USA),,2002,27087104
North America (excl. USA),,2003,-11002752
North America (excl. USA),,2004,19729664
North America (excl. USA),,2005,42703744
North America (excl. USA),,2006,26064256
North America (excl. USA),,2007,17017088
North America (excl. USA),,2008,27607168
North America (excl. USA),,2009,50929664
North America (excl. USA),,2010,93943040
North America (excl. USA),,2011,83149700
North America (excl. USA),,2012,79423620
North America (excl. USA),,2013,96428540
North America (excl. USA),,2014,72159230
North America (excl. USA),,2015,45272450
North America (excl. USA),,2016,32114944
North America (excl. USA),,2017,52426624
North America (excl. USA),,2018,62133376
North America (excl. USA),,2019,41224190
North America (excl. USA),,2020,40350976
North America (excl. USA),,2021,58380930
North America (excl. USA),,2022,60053504
North America (excl. USA),,2023,58307456
Norway,NOR,2003,4587808
Norway,NOR,2004,8086476
Norway,NOR,2005,7374944
Norway,NOR,2006,12777400
Norway,NOR,2007,15795400
Norway,NOR,2008,12767756
Norway,NOR,2009,12646188
Norway,NOR,2010,15105256
Norway,NOR,2011,11434668
Norway,NOR,2012,8656056
Norway,NOR,2013,8947296
Norway,NOR,2014,7729700
Norway,NOR,2015,9242028
Norway,NOR,2016,4518012
Norway,NOR,2017,4923712
Norway,NOR,2018,4188844
Norway,NOR,2019,5431172
Norway,NOR,2020,5373376
Norway,NOR,2021,1172200
Norway,NOR,2022,-5943260
Norway,NOR,2023,100880
Oceania,,1990,-37600384
Oceania,,1991,-38853920
Oceania,,1992,-41930110
Oceania,,1993,-45502080
Oceania,,1994,-40647230
Oceania,,1995,-45103200
Oceania,,1996,-46624384
Oceania,,1997,-48481344
Oceania,,1998,-46697090
Oceania,,1999,-47837696
Oceania,,2000,-64988990
Oceania,,2001,-65150624
Oceania,,2002,-49967490
Oceania,,2003,-34408030
Oceania,,2004,-35547936
Oceania,,2005,-37668830
Oceania,,2006,-33067520
Oceania,,2007,-28646176
Oceania,,2008,-37439170
Oceania,,2009,-16838880
Oceania,,2010,-14107808
Oceania,,2011,-12011520
Oceania,,2012,1945088
Oceania,,2013,-18152192
Oceania,,2014,-17242400
Oceania,,2015,-23940256
Oceania,,2016,-29747552
Oceania,,2017,-28392064
Oceania,,2018,-39964770
Oceania,,2019,-43233730
Oceania,,2020,-33845376
Oceania,,2021,-32197056
Oceania,,2022,-25842048
Oceania,,2023,-19629856
Oman,OMN,1990,1053283
Oman,OMN,1991,1480514
Oman,OMN,1992,1505501
Oman,OMN,1993,1780122
Oman,OMN,1994,1228976
Oman,OMN,1995,844214
Oman,OMN,1996,464864
Oman,OMN,1997,149602
Oman,OMN,1998,1251284
Oman,OMN,1999,-4475738
Oman,OMN,2000,-8346870
Oman,OMN,2001,-6165284
Oman,OMN,2002,-7986860
Oman,OMN,2003,3643472
Oman,OMN,2004,-272418
Oman,OMN,2005,-2222920
Oman,OMN,2006,-1222520
Oman,OMN,2007,-212836
Oman,OMN,2008,1961512
Oman,OMN,2009,5697740
Oman,OMN,2010,1649856
Oman,OMN,2011,191292
Oman,OMN,2012,4232032
Oman,OMN,2013,5946152
Oman,OMN,2014,6874256
Oman,OMN,2015,9018848
Oman,OMN,2016,8091760
Oman,OMN,2017,9045448
Oman,OMN,2018,7165272
Oman,OMN,2019,6554736
Oman,OMN,2020,6906616
Oman,OMN,2021,6176168
Oman,OMN,2022,3197200
Oman,OMN,2023,3549216
Pakistan,PAK,1990,1344776
Pakistan,PAK,1991,833632
Pakistan,PAK,1992,680712
Pakistan,PAK,1993,724056
Pakistan,PAK,1994,1108664
Pakistan,PAK,1995,1617576
Pakistan,PAK,1996,1512520
Pakistan,PAK,1997,1127176
Pakistan,PAK,1998,372160
Pakistan,PAK,1999,1827400
Pakistan,PAK,2000,2710288
Pakistan,PAK,2001,2780976
Pakistan,PAK,2002,5956848
Pakistan,PAK,2003,7426400
Pakistan,PAK,2004,15603776
Pakistan,PAK,2005,16789784
Pakistan,PAK,2006,16864032
Pakistan,PAK,2007,16851648
Pakistan,PAK,2008,16973568
Pakistan,PAK,2009,14185968
Pakistan,PAK,2010,14746384
Pakistan,PAK,2011,15795696
Pakistan,PAK,2012,17295296
Pakistan,PAK,2013,17189184
Pakistan,PAK,2014,20166944
Pakistan,PAK,2015,26734320
Pakistan,PAK,2016,34447040
Pakistan,PAK,2017,31618464
Pakistan,PAK,2018,29448736
Pakistan,PAK,2019,28547344
Pakistan,PAK,2020,25110320
Pakistan,PAK,2021,29448928
Pakistan,PAK,2022,33374656
Pakistan,PAK,2023,33245072
Panama,PAN,1990,124560.75
Panama,PAN,1991,-269708.75
Panama,PAN,1992,-816451.25
Panama,PAN,1993,-553423.25
Panama,PAN,1994,-734990.25
Panama,PAN,1995,-392720.75
Panama,PAN,1996,-722700
Panama,PAN,1997,-617085
Panama,PAN,1998,-1402418.5
Panama,PAN,1999,-848729.5
Panama,PAN,2000,-1220759
Panama,PAN,2001,-1991494
Panama,PAN,2002,-1184084
Panama,PAN,2003,-4182184.5
Panama,PAN,2004,-3603939.8
Panama,PAN,2005,-5873412
Panama,PAN,2007,-6853840.5
Panama,PAN,2009,-6998614
Panama,PAN,2010,-7992035
Panama,PAN,2011,-9729231
Panama,PAN,2012,-8919752
Panama,PAN,2013,-7707734
Panama,PAN,2014,-6970705
Panama,PAN,2015,-6110174.5
Panama,PAN,2017,10039608
Panama,PAN,2018,9984147
Panama,PAN,2019,6299964
Panama,PAN,2020,11756846
Panama,PAN,2021,9478720
Panama,PAN,2022,7808140
Panama,PAN,2023,6514965
Paraguay,PRY,1990,1504803
Paraguay,PRY,1991,1609153
Paraguay,PRY,1992,1675841.5
Paraguay,PRY,1993,1488375.5
Paraguay,PRY,1994,1521084.5
Paraguay,PRY,1995,1447315
Paraguay,PRY,1996,1345244.5
Paraguay,PRY,1997,1498943.8
Paraguay,PRY,1998,1069318
Paraguay,PRY,1999,1206684
Paraguay,PRY,2000,2067915
Paraguay,PRY,2001,1948958.5
Paraguay,PRY,2002,1852120.5
Paraguay,PRY,2003,1303157.2
Paraguay,PRY,2004,1612682.5
Paraguay,PRY,2005,1766861
Paraguay,PRY,2006,1798510.5
Paraguay,PRY,2007,2493050.8
Paraguay,PRY,2008,3527980.5
Paraguay,PRY,2009,2532571
Paraguay,PRY,2010,3692640
Paraguay,PRY,2011,4596685
Paraguay,PRY,2012,4247811
Paraguay,PRY,2013,4690417
Paraguay,PRY,2014,4636373
Paraguay,PRY,2015,4002200
Paraguay,PRY,2016,3758492
Paraguay,PRY,2017,4480992
Paraguay,PRY,2018,4695939
Paraguay,PRY,2019,4896997.5
Paraguay,PRY,2020,4608508
Paraguay,PRY,2021,5609987
Paraguay,PRY,2022,6146836
Paraguay,PRY,2023,5479262
Peru,PER,1990,1788550
Peru,PER,1991,2479156
Peru,PER,1992,2781724
Peru,PER,1993,2247928
Peru,PER,1994,2466746
Peru,PER,1995,2872284
Peru,PER,1996,2823294
Peru,PER,1997,2910580
Peru,PER,1998,3802856
Peru,PER,1999,3206364
Peru,PER,2000,3044352
Peru,PER,2001,3763600
Peru,PER,2002,4721936
Peru,PER,2003,3939268
Peru,PER,2004,2854576
Peru,PER,2005,2981804
Peru,PER,2006,4209002
Peru,PER,2007,5464844
Peru,PER,2008,11204536
Peru,PER,2009,6481684
Peru,PER,2010,10483568
Peru,PER,2011,13108208
Peru,PER,2012,14410364
Peru,PER,2013,16139524
Peru,PER,2014,14017376
Peru,PER,2015,14680584
Peru,PER,2016,13769168
Peru,PER,2017,13583400
Peru,PER,2018,14561768
Peru,PER,2019,14068816
Peru,PER,2020,14035236
Peru,PER,2021,12829888
Peru,PER,2022,13959988
Peru,PER,2023,12819392
Philippines,PHL,1990,10053732
Philippines,PHL,1991,10079372
Philippines,PHL,1992,10317872
Philippines,PHL,1993,10075372
Philippines,PHL,1994,10697100
Philippines,PHL,1995,10160840
Philippines,PHL,1996,17106844
Philippines,PHL,1997,16698712
Philippines,PHL,1998,9445680
Philippines,PHL,1999,15830416
Philippines,PHL,2000,16174288
Philippines,PHL,2001,18665632
Philippines,PHL,2002,18164304
Philippines,PHL,2003,21113968
Philippines,PHL,2004,21254024
Philippines,PHL,2005,21773568
Philippines,PHL,2006,19496004
Philippines,PHL,2007,22453560
Philippines,PHL,2008,25112344
Philippines,PHL,2009,18963648
Philippines,PHL,2010,22033648
Philippines,PHL,2011,28224400
Philippines,PHL,2012,32787152
Philippines,PHL,2013,35297960
Philippines,PHL,2014,36970376
Philippines,PHL,2015,33068184
Philippines,PHL,2016,44305670
Philippines,PHL,2017,43446856
Philippines,PHL,2018,44727744
Philippines,PHL,2019,43785470
Philippines,PHL,2020,44036344
Philippines,PHL,2021,51483984
Philippines,PHL,2022,54091120
Philippines,PHL,2023,50612096
Poland,POL,1990,-51861470
Poland,POL,1991,-32525536
Poland,POL,1992,-16479296
Poland,POL,1993,-27474176
Poland,POL,1994,-34064896
Poland,POL,1995,-38331810
Poland,POL,1996,-45249056
Poland,POL,1997,-47363520
Poland,POL,1998,-43629600
Poland,POL,1999,-21793632
Poland,POL,2000,-23214304
Poland,POL,2001,-24245760
Poland,POL,2002,-26200256
Poland,POL,2003,-29420352
Poland,POL,2004,-29076960
Poland,POL,2005,-27072864
Poland,POL,2006,-24538464
Poland,POL,2007,-16750784
Poland,POL,2008,-6820352
Poland,POL,2009,-6235936
Poland,POL,2010,-4353600
Poland,POL,2011,-7915328
Poland,POL,2012,-4712544
Poland,POL,2013,-17631808
Poland,POL,2014,-11312320
Poland,POL,2015,-13475744
Poland,POL,2016,-18755456
Poland,POL,2017,-19166592
Poland,POL,2018,-6948768
Poland,POL,2019,-7789120
Poland,POL,2020,-13957888
Poland,POL,2021,-16548672
Poland,POL,2022,-15332448
Poland,POL,2023,-9387648
Portugal,PRT,1990,7477756
Portugal,PRT,1991,7852988
Portugal,PRT,1992,10042424
Portugal,PRT,1993,9703256
Portugal,PRT,1994,9964728
Portugal,PRT,1995,10005996
Portugal,PRT,1996,9485240
Portugal,PRT,1997,12958752
Portugal,PRT,1998,17076176
Portugal,PRT,1999,16701556
Portugal,PRT,2000,22918376
Portugal,PRT,2001,25155732
Portugal,PRT,2002,22643136
Portugal,PRT,2003,46362656
Portugal,PRT,2004,44297370
Portugal,PRT,2005,58548640
Portugal,PRT,2006,53556236
Portugal,PRT,2007,56621044
Portugal,PRT,2008,57081856
Portugal,PRT,2009,41402400
Portugal,PRT,2010,45952496
Portugal,PRT,2011,12491848
Portugal,PRT,2012,1292732
Portugal,PRT,2013,2808388
Portugal,PRT,2014,1929580
Portugal,PRT,2015,446180
Portugal,PRT,2016,4996392
Portugal,PRT,2017,4294936
Portugal,PRT,2018,6064280
Portugal,PRT,2019,6469180
Portugal,PRT,2020,7047476
Portugal,PRT,2021,10107616
Portugal,PRT,2022,10147756
Portugal,PRT,2023,9837852
Qatar,QAT,1990,-1544632
Qatar,QAT,1991,-2453273
Qatar,QAT,1992,-4916728
Qatar,QAT,1993,-5164332
Qatar,QAT,1994,-5298600
Qatar,QAT,1995,-4941328
Qatar,QAT,1996,-5184498
Qatar,QAT,1997,-7400516
Qatar,QAT,1998,-6141922
Qatar,QAT,1999,-20008524
Qatar,QAT,2000,-25292060
Qatar,QAT,2001,-27021424
Qatar,QAT,2002,-23679870
Qatar,QAT,2003,-23140964
Qatar,QAT,2004,-24318690
Qatar,QAT,2005,-20773880
Qatar,QAT,2006,-23733144
Qatar,QAT,2007,-18050124
Qatar,QAT,2008,-18442204
Qatar,QAT,2009,-10998528
Qatar,QAT,2010,-21315176
Qatar,QAT,2011,-35896720
Qatar,QAT,2012,-43867100
Qatar,QAT,2013,-35913380
Qatar,QAT,2014,-29131852
Qatar,QAT,2015,-20007936
Qatar,QAT,2016,-14971504
Qatar,QAT,2017,-27287792
Qatar,QAT,2018,-26654112
Qatar,QAT,2019,-23526920
Qatar,QAT,2020,-22381136
Qatar,QAT,2021,-29935776
Qatar,QAT,2022,-39638800
Qatar,QAT,2023,-37316240
Romania,ROU,1990,-15775728
Romania,ROU,1991,-13530464
Romania,ROU,1992,-17351032
Romania,ROU,1993,-14299408
Romania,ROU,1994,-18628592
Romania,ROU,1995,-22245672
Romania,ROU,1996,-29231696
Romania,ROU,1997,-29735664
Romania,ROU,1998,-17612312
Romania,ROU,1999,-9598256
Romania,ROU,2000,-5391960
Romania,ROU,2001,-4233840
Romania,ROU,2002,-4874352
Romania,ROU,2003,-3859744
Romania,ROU,2004,-1807360
Romania,ROU,2005,1291088
Romania,ROU,2006,325608
Romania,ROU,2007,5270592
Romania,ROU,2008,8186304
Romania,ROU,2009,3799912
Romania,ROU,2010,6325176
Romania,ROU,2011,2024120
Romania,ROU,2012,-1990336
Romania,ROU,2013,-1413072
Romania,ROU,2014,914040
Romania,ROU,2015,719440
Romania,ROU,2016,2992672
Romania,ROU,2017,3996912
Romania,ROU,2018,8257432
Romania,ROU,2019,8455568
Romania,ROU,2020,7035576
Romania,ROU,2021,8447720
Romania,ROU,2022,10370112
Romania,ROU,2023,10385368
Russia,RUS,1990,-493247230
Russia,RUS,1991,-349494000
Russia,RUS,1992,-1230675300
Russia,RUS,1993,-771309200
Russia,RUS,1994,-483931400
Russia,RUS,1995,-465481340
Russia,RUS,1996,-333890940
Russia,RUS,1997,-294948860
Russia,RUS,1998,-421571600
Russia,RUS,1999,-493459780
Russia,RUS,2000,-494352200
Russia,RUS,2001,-415514000
Russia,RUS,2002,-397275650
Russia,RUS,2003,-368892400
Russia,RUS,2004,-350576640
Russia,RUS,2005,-358245380
Russia,RUS,2006,-387512700
Russia,RUS,2007,-317702530
Russia,RUS,2008,-325478530
Russia,RUS,2009,-313560580
Russia,RUS,2010,-331305470
Russia,RUS,2011,-324172160
Russia,RUS,2012,-278628100
Russia,RUS,2013,-254757630
Russia,RUS,2014,-289382800
Russia,RUS,2015,-366013950
Russia,RUS,2016,-356816260
Russia,RUS,2017,-357513200
Russia,RUS,2018,-459109500
Russia,RUS,2019,-418134270
Russia,RUS,2020,-353296500
Russia,RUS,2021,-436383500
Russia,RUS,2022,-396051460
Russia,RUS,2023,-327153020
Rwanda,RWA,1990,105105.84
Rwanda,RWA,1991,107693.31
Rwanda,RWA,1992,113353.81
Rwanda,RWA,1993,114913.5
Rwanda,RWA,1994,124487
Rwanda,RWA,1995,135813.31
Rwanda,RWA,1996,44179.188
Rwanda,RWA,1997,6229.5312
Rwanda,RWA,1998,15761.25
Rwanda,RWA,1999,1671.9062
Rwanda,RWA,2000,196108.28
Rwanda,RWA,2001,-18035.125
Rwanda,RWA,2002,-31836.375
Rwanda,RWA,2003,-7848.3438
Rwanda,RWA,2004,51902.812
Rwanda,RWA,2005,-8124.0312
Rwanda,RWA,2006,4073.25
Rwanda,RWA,2007,15384.0625
Rwanda,RWA,2008,46945.25
Rwanda,RWA,2009,-11180.5
Rwanda,RWA,2010,21245.875
Rwanda,RWA,2011,38418.688
Rwanda,RWA,2012,76707.19
Rwanda,RWA,2013,3544.5625
Rwanda,RWA,2014,70217.19
Rwanda,RWA,2015,86886.25
Rwanda,RWA,2016,44802
Rwanda,RWA,2017,722080.1
Rwanda,RWA,2018,1208149
Rwanda,RWA,2019,1287200.8
Rwanda,RWA,2020,1114336.8
Rwanda,RWA,2021,1280743.8
Rwanda,RWA,2022,1443023.5
Rwanda,RWA,2023,1501216.5
Saudi Arabia,SAU,1990,-8795936
Saudi Arabia,SAU,1991,-18822096
Saudi Arabia,SAU,1992,-21727600
Saudi Arabia,SAU,1993,-20278336
Saudi Arabia,SAU,1994,-19212128
Saudi Arabia,SAU,1995,-18737312
Saudi Arabia,SAU,1996,-16751888
Saudi Arabia,SAU,1997,-13049696
Saudi Arabia,SAU,1998,8820464
Saudi Arabia,SAU,1999,-49479360
Saudi Arabia,SAU,2000,-106516320
Saudi Arabia,SAU,2001,-98322190
Saudi Arabia,SAU,2002,-110911220
Saudi Arabia,SAU,2003,-33949760
Saudi Arabia,SAU,2004,-53014176
Saudi Arabia,SAU,2005,-56677410
Saudi Arabia,SAU,2006,-58355520
Saudi Arabia,SAU,2007,-41072160
Saudi Arabia,SAU,2008,-43584064
Saudi Arabia,SAU,2009,-24118720
Saudi Arabia,SAU,2010,-35657184
Saudi Arabia,SAU,2011,-37823040
Saudi Arabia,SAU,2012,-31421376
Saudi Arabia,SAU,2013,-13189568
Saudi Arabia,SAU,2014,5654272
Saudi Arabia,SAU,2015,29203136
Saudi Arabia,SAU,2016,-1268672
Saudi Arabia,SAU,2017,-20689536
Saudi Arabia,SAU,2018,-36194944
Saudi Arabia,SAU,2019,-36141440
Saudi Arabia,SAU,2020,-4715840
Saudi Arabia,SAU,2021,-26109568
Saudi Arabia,SAU,2022,-39179776
Saudi Arabia,SAU,2023,-23337728
Senegal,SEN,1990,351238.75
Senegal,SEN,1991,355833.75
Senegal,SEN,1992,419426.75
Senegal,SEN,1993,409912
Senegal,SEN,1994,275393.5
Senegal,SEN,1995,453607
Senegal,SEN,1996,786456
Senegal,SEN,1997,776579.25
Senegal,SEN,1998,709135
Senegal,SEN,1999,855714
Senegal,SEN,2000,1197007.5
Senegal,SEN,2001,870118.5
Senegal,SEN,2002,1120816.5
Senegal,SEN,2003,1023263
Senegal,SEN,2004,1114369
Senegal,SEN,2005,1454931
Senegal,SEN,2006,1792769.5
Senegal,SEN,2007,2157189
Senegal,SEN,2008,2523913.5
Senegal,SEN,2009,1369053
Senegal,SEN,2010,978315
Senegal,SEN,2011,1926038
Senegal,SEN,2012,2452878
Senegal,SEN,2013,3055328
Senegal,SEN,2014,3719433
Senegal,SEN,2015,3437624
Senegal,SEN,2016,4360182
Senegal,SEN,2017,4378209
Senegal,SEN,2018,5185017
Senegal,SEN,2019,4462766
Senegal,SEN,2020,4780948
Senegal,SEN,2021,5158530
Senegal,SEN,2022,4928003
Senegal,SEN,2023,4950833
Singapore,SGP,1990,18214964
Singapore,SGP,1991,18602628
Singapore,SGP,1992,27573216
Singapore,SGP,1993,23794176
Singapore,SGP,1994,18226792
Singapore,SGP,1995,37175690
Singapore,SGP,1996,31698980
Singapore,SGP,1997,29731080
Singapore,SGP,1998,16971620
Singapore,SGP,1999,35236750
Singapore,SGP,2000,120582860
Singapore,SGP,2001,104998420
Singapore,SGP,2002,112038990
Singapore,SGP,2003,60957356
Singapore,SGP,2004,77471830
Singapore,SGP,2005,87646216
Singapore,SGP,2006,93102920
Singapore,SGP,2007,86806120
Singapore,SGP,2008,134917950
Singapore,SGP,2009,60675210
Singapore,SGP,2010,61056170
Singapore,SGP,2011,152043710
Singapore,SGP,2012,159319100
Singapore,SGP,2013,194815090
Singapore,SGP,2014,141874200
Singapore,SGP,2015,113543100
Singapore,SGP,2016,112649120
Singapore,SGP,2017,119393360
Singapore,SGP,2018,126382140
Singapore,SGP,2019,126658850
Singapore,SGP,2020,108903390
Singapore,SGP,2021,126954220
Singapore,SGP,2022,146644210
Singapore,SGP,2023,135858080
Slovakia,SVK,1990,9452148
Slovakia,SVK,1991,3152924
Slovakia,SVK,1992,5073404
Slovakia,SVK,1993,3613616
Slovakia,SVK,1994,174008
Slovakia,SVK,1995,1631988
Slovakia,SVK,1996,298704
Slovakia,SVK,1997,-870708
Slovakia,SVK,1998,1838500
Slovakia,SVK,1999,1059000
Slovakia,SVK,2000,917068
Slovakia,SVK,2001,888096
Slovakia,SVK,2002,507720
Slovakia,SVK,2003,-812304
Slovakia,SVK,2004,-279340
Slovakia,SVK,2005,-2665840
Slovakia,SVK,2006,565160
Slovakia,SVK,2007,6814404
Slovakia,SVK,2008,9579420
Slovakia,SVK,2009,6633376
Slovakia,SVK,2010,9547440
Slovakia,SVK,2011,10103492
Slovakia,SVK,2012,5512752
Slovakia,SVK,2013,4346772
Slovakia,SVK,2014,3929204
Slovakia,SVK,2015,3748728
Slovakia,SVK,2016,5669024
Slovakia,SVK,2017,3345604
Slovakia,SVK,2018,4569684
Slovakia,SVK,2019,4953564
Slovakia,SVK,2020,4759452
Slovakia,SVK,2021,4635404
Slovakia,SVK,2022,6101924
Slovakia,SVK,2023,4268704
Slovenia,SVN,1990,6402525
Slovenia,SVN,1991,6105059
Slovenia,SVN,1992,8391571
Slovenia,SVN,1993,6673392
Slovenia,SVN,1994,5302538
Slovenia,SVN,1995,5566016
Slovenia,SVN,1996,5122615
Slovenia,SVN,1997,5150309
Slovenia,SVN,1998,5960289
Slovenia,SVN,1999,3585572
Slovenia,SVN,2000,4339355
Slovenia,SVN,2001,4080063
Slovenia,SVN,2002,3066301
Slovenia,SVN,2003,3521528
Slovenia,SVN,2004,3759627
Slovenia,SVN,2005,3747704
Slovenia,SVN,2006,3916492
Slovenia,SVN,2007,5752856
Slovenia,SVN,2008,5407460
Slovenia,SVN,2009,2902362
Slovenia,SVN,2010,3343216
Slovenia,SVN,2011,4534826
Slovenia,SVN,2012,3181021
Slovenia,SVN,2013,2700807
Slovenia,SVN,2014,3647404
Slovenia,SVN,2015,3979621
Slovenia,SVN,2016,3590788
Slovenia,SVN,2017,4785851
Slovenia,SVN,2018,5991372
Slovenia,SVN,2019,5982689
Slovenia,SVN,2020,5554159
Slovenia,SVN,2021,7105748
Slovenia,SVN,2022,7891492
Slovenia,SVN,2023,7723146
South Africa,ZAF,1990,0
South Africa,ZAF,1991,0
South Africa,ZAF,1992,32
South Africa,ZAF,1993,0
South Africa,ZAF,1994,0
South Africa,ZAF,1995,0
South Africa,ZAF,1996,32
South Africa,ZAF,1997,-32
South Africa,ZAF,1998,0
South Africa,ZAF,1999,0
South Africa,ZAF,2000,-91439810
South Africa,ZAF,2001,-97362050
South Africa,ZAF,2002,-101435820
South Africa,ZAF,2003,-129276320
South Africa,ZAF,2004,-130176190
South Africa,ZAF,2005,-120241980
South Africa,ZAF,2006,-112418430
South Africa,ZAF,2007,-123739870
South Africa,ZAF,2008,-153974560
South Africa,ZAF,2009,-120952800
South Africa,ZAF,2010,-117421860
South Africa,ZAF,2011,-120987460
South Africa,ZAF,2012,-111029060
South Africa,ZAF,2013,-99203300
South Africa,ZAF,2014,-119763140
South Africa,ZAF,2015,-107181180
South Africa,ZAF,2016,-102682560
South Africa,ZAF,2017,-92568220
South Africa,ZAF,2018,-98396510
South Africa,ZAF,2019,-103246720
South Africa,ZAF,2020,-99959420
South Africa,ZAF,2021,-111424100
South Africa,ZAF,2022,-110458910
South Africa,ZAF,2023,-111222880
South America,,1990,-10604864
South America,,1991,-438400
South America,,1992,10083072
South America,,1993,1558912
South America,,1994,2730624
South America,,1995,9099072
South America,,1996,2559872
South America,,1997,15505088
South America,,1998,24003520
South America,,1999,-48949630
South America,,2000,-55111360
South America,,2001,-45173570
South America,,2002,-125283900
South America,,2003,-78463230
South America,,2004,-80863300
South America,,2005,-67761090
South America,,2006,-50893890
South America,,2007,-16319232
South America,,2008,35011264
South America,,2009,4870784
South America,,2010,21525568
South America,,2011,60722816
South America,,2012,62602370
South America,,2013,72977150
South America,,2014,103292290
South America,,2015,44995330
South America,,2016,-10081024
South America,,2017,12390528
South America,,2018,-36088450
South America,,2019,-17330944
South America,,2020,14022528
South America,,2021,-2233728
South America,,2022,9298560
South America,,2023,18720512
South Korea,KOR,1990,80474480
South Korea,KOR,1991,78232930
South Korea,KOR,1992,120326620
South Korea,KOR,1993,90876960
South Korea,KOR,1994,84480580
South Korea,KOR,1995,82686110
South Korea,KOR,1996,82155740
South Korea,KOR,1997,54622880
South Korea,KOR,1998,-10568608
South Korea,KOR,1999,25485760
South Korea,KOR,2000,62238976
South Korea,KOR,2001,48286590
South Korea,KOR,2002,64645570
South Korea,KOR,2003,64030270
South Korea,KOR,2004,71625600
South Korea,KOR,2005,95687260
South Korea,KOR,2006,108886500
South Korea,KOR,2007,120361280
South Korea,KOR,2008,111771330
South Korea,KOR,2009,36065470
South Korea,KOR,2010,60239616
South Korea,KOR,2011,59675710
South Korea,KOR,2012,37085760
South Korea,KOR,2013,35174144
South Korea,KOR,2014,65338944
South Korea,KOR,2015,42099710
South Korea,KOR,2016,31503744
South Korea,KOR,2017,47278590
South Korea,KOR,2018,79062020
South Korea,KOR,2019,89444030
South Korea,KOR,2020,84403460
South Korea,KOR,2021,101517380
South Korea,KOR,2022,115792380
South Korea,KOR,2023,119686020
Spain,ESP,1990,41545890
Spain,ESP,1991,38291280
Spain,ESP,1992,54276624
Spain,ESP,1993,39415376
Spain,ESP,1994,30936736
Spain,ESP,1995,29805952
Spain,ESP,1996,27716992
Spain,ESP,1997,18464848
Spain,ESP,1998,22476096
Spain,ESP,1999,20328544
Spain,ESP,2000,24385728
Spain,ESP,2001,23884160
Spain,ESP,2002,26019168
Spain,ESP,2003,33371072
Spain,ESP,2004,40151904
Spain,ESP,2005,54657056
Spain,ESP,2006,64622176
Spain,ESP,2007,66938430
Spain,ESP,2008,66632384
Spain,ESP,2009,48336830
Spain,ESP,2010,46147810
Spain,ESP,2011,38167264
Spain,ESP,2012,11469664
Spain,ESP,2013,59038640
Spain,ESP,2014,24956976
Spain,ESP,2015,11130112
Spain,ESP,2016,16132192
Spain,ESP,2017,20801888
Spain,ESP,2018,30595552
Spain,ESP,2019,33417904
Spain,ESP,2020,40099570
Spain,ESP,2021,46449104
Spain,ESP,2022,44374064
Spain,ESP,2023,45154720
Sri Lanka,LKA,1990,-555711
Sri Lanka,LKA,1991,-537909.5
Sri Lanka,LKA,1992,-828907
Sri Lanka,LKA,1993,-830381
Sri Lanka,LKA,1994,-930696.5
Sri Lanka,LKA,1995,-1059625.5
Sri Lanka,LKA,1996,-1321962.5
Sri Lanka,LKA,1997,-1910619
Sri Lanka,LKA,1998,-1968205.5
Sri Lanka,LKA,1999,7691022.5
Sri Lanka,LKA,2000,7824017
Sri Lanka,LKA,2001,9044705
Sri Lanka,LKA,2002,11862040
Sri Lanka,LKA,2003,7373071
Sri Lanka,LKA,2004,8820085
Sri Lanka,LKA,2005,9310643
Sri Lanka,LKA,2006,10056792
Sri Lanka,LKA,2007,8321248
Sri Lanka,LKA,2008,9774488
Sri Lanka,LKA,2009,7747431
Sri Lanka,LKA,2010,10912776
Sri Lanka,LKA,2011,17887384
Sri Lanka,LKA,2012,15922876
Sri Lanka,LKA,2013,19408716
Sri Lanka,LKA,2014,20017888
Sri Lanka,LKA,2015,19597032
Sri Lanka,LKA,2016,21168630
Sri Lanka,LKA,2017,20969850
Sri Lanka,LKA,2018,22495558
Sri Lanka,LKA,2019,22060684
Sri Lanka,LKA,2020,21440796
Sri Lanka,LKA,2021,24919192
Sri Lanka,LKA,2022,27476820
Sri Lanka,LKA,2023,27273236
Sweden,SWE,1990,54752820
Sweden,SWE,1991,48216596
Sweden,SWE,1992,57279730
Sweden,SWE,1993,50011156
Sweden,SWE,1994,47155510
Sweden,SWE,1995,48284410
Sweden,SWE,1996,32156024
Sweden,SWE,1997,24694620
Sweden,SWE,1998,27722812
Sweden,SWE,1999,23694436
Sweden,SWE,2000,29444912
Sweden,SWE,2001,21206988
Sweden,SWE,2002,23628276
Sweden,SWE,2003,27357192
Sweden,SWE,2004,27967100
Sweden,SWE,2005,32918040
Sweden,SWE,2006,34421916
Sweden,SWE,2007,36073184
Sweden,SWE,2008,35949090
Sweden,SWE,2009,27021180
Sweden,SWE,2010,30288704
Sweden,SWE,2011,33038824
Sweden,SWE,2012,28407388
Sweden,SWE,2013,27405396
Sweden,SWE,2014,27958988
Sweden,SWE,2015,25836424
Sweden,SWE,2016,27012472
Sweden,SWE,2017,28633640
Sweden,SWE,2018,29220476
Sweden,SWE,2019,26226644
Sweden,SWE,2020,23497752
Sweden,SWE,2021,27611732
Sweden,SWE,2022,29997092
Sweden,SWE,2023,25012996
Switzerland,CHE,1990,42608020
Switzerland,CHE,1991,41165424
Switzerland,CHE,1992,50781772
Switzerland,CHE,1993,44436990
Switzerland,CHE,1994,43830250
Switzerland,CHE,1995,46572290
Switzerland,CHE,1996,54851268
Switzerland,CHE,1997,49934820
Switzerland,CHE,1998,62928750
Switzerland,CHE,1999,40879836
Switzerland,CHE,2000,47118920
Switzerland,CHE,2001,64495796
Switzerland,CHE,2002,54489804
Switzerland,CHE,2003,56642220
Switzerland,CHE,2004,57469520
Switzerland,CHE,2005,65154708
Switzerland,CHE,2006,77656830
Switzerland,CHE,2007,73547470
Switzerland,CHE,2008,66404120
Switzerland,CHE,2009,77054744
Switzerland,CHE,2010,68372460
Switzerland,CHE,2011,86626240
Switzerland,CHE,2012,133108100
Switzerland,CHE,2013,109945920
Switzerland,CHE,2014,120771970
Switzerland,CHE,2015,120901490
Switzerland,CHE,2016,131579864
Switzerland,CHE,2017,97037490
Switzerland,CHE,2018,90222110
Switzerland,CHE,2019,87186610
Switzerland,CHE,2020,75462984
Switzerland,CHE,2021,84886190
Switzerland,CHE,2022,92718180
Switzerland,CHE,2023,86352070
Taiwan,TWN,1990,-42662280
Taiwan,TWN,1991,-46429190
Taiwan,TWN,1992,-45657870
Taiwan,TWN,1993,-50265850
Taiwan,TWN,1994,-52427470
Taiwan,TWN,1995,-59014280
Taiwan,TWN,1996,-62316736
Taiwan,TWN,1997,52655040
Taiwan,TWN,1998,40681600
Taiwan,TWN,1999,56976530
Taiwan,TWN,2000,56076080
Taiwan,TWN,2001,32576624
Taiwan,TWN,2002,33414336
Taiwan,TWN,2003,18725232
Taiwan,TWN,2004,49261984
Taiwan,TWN,2005,33211808
Taiwan,TWN,2006,27669440
Taiwan,TWN,2007,4854912
Taiwan,TWN,2008,11225184
Taiwan,TWN,2009,-9437584
Taiwan,TWN,2010,26214304
Taiwan,TWN,2011,30924256
Taiwan,TWN,2012,7693568
Taiwan,TWN,2013,12285280
Taiwan,TWN,2014,21363328
Taiwan,TWN,2015,-10478000
Taiwan,TWN,2016,613280
Taiwan,TWN,2017,3014368
Taiwan,TWN,2018,3508896
Taiwan,TWN,2019,12539104
Taiwan,TWN,2020,5719328
Taiwan,TWN,2021,7752672
Taiwan,TWN,2022,21836832
Taiwan,TWN,2023,27674992
Tajikistan,TJK,1990,-6740549.5
Tajikistan,TJK,1991,-5660659
Tajikistan,TJK,1992,-3223853.2
Tajikistan,TJK,1993,-2338903.2
Tajikistan,TJK,1994,-1059991.2
Tajikistan,TJK,1995,-1888746.1
Tajikistan,TJK,1996,-346790.75
Tajikistan,TJK,1997,1189792.8
Tajikistan,TJK,1998,1690839.8
Tajikistan,TJK,1999,1502968.5
Tajikistan,TJK,2000,1518542
Tajikistan,TJK,2001,1465139.8
Tajikistan,TJK,2002,2507093
Tajikistan,TJK,2003,3722252
Tajikistan,TJK,2004,3507628
Tajikistan,TJK,2005,4763815
Tajikistan,TJK,2006,6497031
Tajikistan,TJK,2007,3169295
Tajikistan,TJK,2008,4832148
Tajikistan,TJK,2009,3683387
Tajikistan,TJK,2010,6059941
Tajikistan,TJK,2011,6327929
Tajikistan,TJK,2012,3631066
Tajikistan,TJK,2013,8092092
Tajikistan,TJK,2014,15544030
Tajikistan,TJK,2015,4308992
Tajikistan,TJK,2016,7921550
Tajikistan,TJK,2017,7056571
Tajikistan,TJK,2018,3800942.5
Tajikistan,TJK,2019,3168661
Tajikistan,TJK,2020,2132070
Tajikistan,TJK,2021,1891341
Tajikistan,TJK,2022,3251355
Tajikistan,TJK,2023,2756510
Tanzania,TZA,1990,778145
Tanzania,TZA,1991,850200
Tanzania,TZA,1992,874374.75
Tanzania,TZA,1993,818687.75
Tanzania,TZA,1994,925495.75
Tanzania,TZA,1995,849603.75
Tanzania,TZA,1996,849035.25
Tanzania,TZA,1997,938170.25
Tanzania,TZA,1998,1137528.8
Tanzania,TZA,1999,1296843.5
Tanzania,TZA,2000,2424695.5
Tanzania,TZA,2001,2691349.5
Tanzania,TZA,2002,2645314
Tanzania,TZA,2003,2310166
Tanzania,TZA,2004,2388995
Tanzania,TZA,2005,3048640
Tanzania,TZA,2006,2416606
Tanzania,TZA,2007,3109708
Tanzania,TZA,2008,5233161
Tanzania,TZA,2009,3622217
Tanzania,TZA,2010,3454413
Tanzania,TZA,2011,5007075
Tanzania,TZA,2012,4537305
Tanzania,TZA,2013,8473480
Tanzania,TZA,2014,8575720
Tanzania,TZA,2015,7923598
Tanzania,TZA,2016,5743028
Tanzania,TZA,2017,4841731
Tanzania,TZA,2018,5933199
Tanzania,TZA,2019,5070133
Tanzania,TZA,2020,5489913
Tanzania,TZA,2021,6285752
Tanzania,TZA,2022,6096922
Tanzania,TZA,2023,5477908
Thailand,THA,1990,38255320
Thailand,THA,1991,31031808
Thailand,THA,1992,59911930
Thailand,THA,1993,39620240
Thailand,THA,1994,30320032
Thailand,THA,1995,24839936
Thailand,THA,1996,6696784
Thailand,THA,1997,-12687600
Thailand,THA,1998,-31453144
Thailand,THA,1999,-17704336
Thailand,THA,2000,-17345264
Thailand,THA,2001,-15994480
Thailand,THA,2002,-12532224
Thailand,THA,2003,-3777104
Thailand,THA,2004,66880
Thailand,THA,2005,7333760
Thailand,THA,2006,2298672
Thailand,THA,2007,-538784
Thailand,THA,2008,10647024
Thailand,THA,2009,2660944
Thailand,THA,2010,16360944
Thailand,THA,2011,19662576
Thailand,THA,2012,24434896
Thailand,THA,2013,31458720
Thailand,THA,2014,3486912
Thailand,THA,2015,-2836512
Thailand,THA,2016,1314400
Thailand,THA,2017,6949056
Thailand,THA,2018,17209952
Thailand,THA,2019,21793408
Thailand,THA,2020,28154432
Thailand,THA,2021,42202450
Thailand,THA,2022,46974016
Thailand,THA,2023,40833520
Togo,TGO,1990,-50553.562
Togo,TGO,1991,-55055.5
Togo,TGO,1992,-25026.938
Togo,TGO,1993,-17589.75
Togo,TGO,1994,-32603.312
Togo,TGO,1995,-2822.625
Togo,TGO,1996,-88629.875
Togo,TGO,1997,-71163.125
Togo,TGO,1998,-130291.375
Togo,TGO,1999,-610328.5
Togo,TGO,2000,-349675.06
Togo,TGO,2001,-401612.5
Togo,TGO,2002,-327713.38
Togo,TGO,2003,-693535.6
Togo,TGO,2004,-716911.06
Togo,TGO,2005,-602906.1
Togo,TGO,2006,2241956.8
Togo,TGO,2007,-236463.5
Togo,TGO,2008,-291325
Togo,TGO,2009,-669030.6
Togo,TGO,2010,-763898
Togo,TGO,2011,-761523.4
Togo,TGO,2012,-374504.12
Togo,TGO,2013,-442810.75
Togo,TGO,2014,-172385
Togo,TGO,2015,-8211.75
Togo,TGO,2016,-18635.75
Togo,TGO,2017,-128114.25
Togo,TGO,2018,5844914
Togo,TGO,2019,5628351.5
Togo,TGO,2020,4788866
Togo,TGO,2021,5736600.5
Togo,TGO,2022,6146654
Togo,TGO,2023,5976321
Trinidad and Tobago,TTO,1990,-6446321
Trinidad and Tobago,TTO,1991,-5732962
Trinidad and Tobago,TTO,1992,-6306419
Trinidad and Tobago,TTO,1993,-5766575
Trinidad and Tobago,TTO,1994,-5473935
Trinidad and Tobago,TTO,1995,-5962941
Trinidad and Tobago,TTO,1996,-7095962
Trinidad and Tobago,TTO,1997,-7057873
Trinidad and Tobago,TTO,1998,-6790361
Trinidad and Tobago,TTO,1999,-11114043
Trinidad and Tobago,TTO,2000,-14284309
Trinidad and Tobago,TTO,2001,-14660075
Trinidad and Tobago,TTO,2002,-13804412
Trinidad and Tobago,TTO,2003,-14743376
Trinidad and Tobago,TTO,2004,-15478214
Trinidad and Tobago,TTO,2005,-22030764
Trinidad and Tobago,TTO,2006,-28177856
Trinidad and Tobago,TTO,2007,-25210574
Trinidad and Tobago,TTO,2008,-24695674
Trinidad and Tobago,TTO,2009,-18822544
Trinidad and Tobago,TTO,2010,-21652990
Trinidad and Tobago,TTO,2011,-27533252
Trinidad and Tobago,TTO,2012,-24586686
Trinidad and Tobago,TTO,2013,-31426504
Trinidad and Tobago,TTO,2014,-27496208
Trinidad and Tobago,TTO,2015,-22390076
Trinidad and Tobago,TTO,2016,-11468582
Trinidad and Tobago,TTO,2017,-15501268
Trinidad and Tobago,TTO,2018,-17392964
Trinidad and Tobago,TTO,2019,-15001554
Trinidad and Tobago,TTO,2020,-9334132
Trinidad and Tobago,TTO,2021,-15673604
Trinidad and Tobago,TTO,2022,-20658840
Trinidad and Tobago,TTO,2023,-13183920
Tunisia,TUN,1990,-1724779
Tunisia,TUN,1991,-3061843
Tunisia,TUN,1992,640061
Tunisia,TUN,1993,-1621831
Tunisia,TUN,1994,-3029431
Tunisia,TUN,1995,-2883143
Tunisia,TUN,1996,-4667088
Tunisia,TUN,1997,-5404309
Tunisia,TUN,1998,-5591576
Tunisia,TUN,1999,-4727863
Tunisia,TUN,2000,-5610611
Tunisia,TUN,2001,-6318053
Tunisia,TUN,2002,-5954819
Tunisia,TUN,2003,-5406698
Tunisia,TUN,2004,-6346917
Tunisia,TUN,2005,-7067077
Tunisia,TUN,2006,-6700342
Tunisia,TUN,2007,-8007032
Tunisia,TUN,2008,-8633226
Tunisia,TUN,2009,-6557150
Tunisia,TUN,2010,-7631624
Tunisia,TUN,2011,-7413014
Tunisia,TUN,2012,-7394222
Tunisia,TUN,2013,-7784070
Tunisia,TUN,2014,-7431928
Tunisia,TUN,2015,-7531622
Tunisia,TUN,2016,-6719310
Tunisia,TUN,2017,-7396468
Tunisia,TUN,2018,-168930
Tunisia,TUN,2019,-517568
Tunisia,TUN,2020,87246
Tunisia,TUN,2021,-144
Tunisia,TUN,2022,-728268
Tunisia,TUN,2023,-1558928
Turkey,TUR,1990,55063120
Turkey,TUR,1991,49633584
Turkey,TUR,1992,76318930
Turkey,TUR,1993,53331024
Turkey,TUR,1994,36871330
Turkey,TUR,1995,37562544
Turkey,TUR,1996,11490816
Turkey,TUR,1997,10629760
Turkey,TUR,1998,12789040
Turkey,TUR,1999,19890080
Turkey,TUR,2000,21057584
Turkey,TUR,2001,-12670096
Turkey,TUR,2002,22288
Turkey,TUR,2003,9107616
Turkey,TUR,2004,34697650
Turkey,TUR,2005,41704896
Turkey,TUR,2006,52500064
Turkey,TUR,2007,56603010
Turkey,TUR,2008,47100096
Turkey,TUR,2009,17203648
Turkey,TUR,2010,47391296
Turkey,TUR,2011,56317856
Turkey,TUR,2012,48817856
Turkey,TUR,2013,53861250
Turkey,TUR,2014,46819616
Turkey,TUR,2015,44420384
Turkey,TUR,2016,32174272
Turkey,TUR,2017,30858912
Turkey,TUR,2018,24484672
Turkey,TUR,2019,12262688
Turkey,TUR,2020,4869824
Turkey,TUR,2021,-9380352
Turkey,TUR,2022,-1222304
Turkey,TUR,2023,-3913984
Uganda,UGA,1990,552166.75
Uganda,UGA,1991,553646.75
Uganda,UGA,1992,594390.4
Uganda,UGA,1993,744768
Uganda,UGA,1994,757376.9
Uganda,UGA,1995,765834.25
Uganda,UGA,1996,677079.56
Uganda,UGA,1997,721420.25
Uganda,UGA,1998,802698.25
Uganda,UGA,1999,1608065.8
Uganda,UGA,2000,1389192.8
Uganda,UGA,2001,1164026.8
Uganda,UGA,2002,1520956.2
Uganda,UGA,2003,1137240
Uganda,UGA,2004,1266040.5
Uganda,UGA,2005,1397046.5
Uganda,UGA,2006,1463847.2
Uganda,UGA,2007,1656275.5
Uganda,UGA,2008,1686880
Uganda,UGA,2009,2007456.5
Uganda,UGA,2010,2054976.5
Uganda,UGA,2011,2266433
Uganda,UGA,2012,1805492
Uganda,UGA,2013,2003501.5
Uganda,UGA,2014,2202759
Uganda,UGA,2015,1924402.5
Uganda,UGA,2016,1990658.5
Uganda,UGA,2017,2198090
Uganda,UGA,2018,2191018
Uganda,UGA,2019,2009074
Uganda,UGA,2020,1911211
Uganda,UGA,2021,2335863
Uganda,UGA,2022,2897625
Uganda,UGA,2023,2565771
Ukraine,UKR,1990,-190579800
Ukraine,UKR,1991,-166291840
Ukraine,UKR,1992,-143692770
Ukraine,UKR,1993,-130462430
Ukraine,UKR,1994,-137706690
Ukraine,UKR,1995,-161625660
Ukraine,UKR,1996,-67928900
Ukraine,UKR,1997,-65395330
Ukraine,UKR,1998,-77705100
Ukraine,UKR,1999,-63850960
Ukraine,UKR,2000,-69067330
Ukraine,UKR,2001,-49311136
Ukraine,UKR,2002,-51889904
Ukraine,UKR,2003,-88520050
Ukraine,UKR,2004,-105339230
Ukraine,UKR,2005,-78450560
Ukraine,UKR,2006,-75452610
Ukraine,UKR,2007,-52701824
Ukraine,UKR,2008,-34558210
Ukraine,UKR,2009,-29815040
Ukraine,UKR,2010,-57462496
Ukraine,UKR,2011,-42874990
Ukraine,UKR,2012,-46610096
Ukraine,UKR,2013,-45766240
Ukraine,UKR,2014,-62421230
Ukraine,UKR,2015,-56400384
Ukraine,UKR,2016,-43129104
Ukraine,UKR,2017,-23612928
Ukraine,UKR,2018,-18616304
Ukraine,UKR,2019,-12818000
Ukraine,UKR,2020,-12594512
Ukraine,UKR,2021,-7630128
Ukraine,UKR,2022,25086384
Ukraine,UKR,2023,26980224
United Arab Emirates,ARE,1990,3181988
United Arab Emirates,ARE,1991,3551052
United Arab Emirates,ARE,1992,4750608
United Arab Emirates,ARE,1993,2193684
United Arab Emirates,ARE,1994,2805736
United Arab Emirates,ARE,1995,5318248
United Arab Emirates,ARE,1996,3876136
United Arab Emirates,ARE,1997,10061552
United Arab Emirates,ARE,1998,16783712
United Arab Emirates,ARE,1999,24276640
United Arab Emirates,ARE,2000,-26529208
United Arab Emirates,ARE,2001,-12185712
United Arab Emirates,ARE,2002,3381720
United Arab Emirates,ARE,2003,17976848
United Arab Emirates,ARE,2004,21069728
United Arab Emirates,ARE,2005,32811352
United Arab Emirates,ARE,2006,47949390
United Arab Emirates,ARE,2007,55102880
United Arab Emirates,ARE,2008,66294110
United Arab Emirates,ARE,2009,44006864
United Arab Emirates,ARE,2010,30694704
United Arab Emirates,ARE,2011,33461056
United Arab Emirates,ARE,2012,32838256
United Arab Emirates,ARE,2013,44412416
United Arab Emirates,ARE,2014,44241984
United Arab Emirates,ARE,2015,36402050
United Arab Emirates,ARE,2016,31106832
United Arab Emirates,ARE,2017,42146976
United Arab Emirates,ARE,2018,43152450
United Arab Emirates,ARE,2019,32657616
United Arab Emirates,ARE,2020,6512480
United Arab Emirates,ARE,2021,27412496
United Arab Emirates,ARE,2022,45550096
United Arab Emirates,ARE,2023,37643170
United Kingdom,GBR,1990,64061570
United Kingdom,GBR,1991,67621120
United Kingdom,GBR,1992,108033150
United Kingdom,GBR,1993,80767040
United Kingdom,GBR,1994,77172030
United Kingdom,GBR,1995,81575420
United Kingdom,GBR,1996,86965760
United Kingdom,GBR,1997,98636540
United Kingdom,GBR,1998,123396290
United Kingdom,GBR,1999,126951230
United Kingdom,GBR,2000,170064640
United Kingdom,GBR,2001,151507000
United Kingdom,GBR,2002,174581890
United Kingdom,GBR,2003,191405890
United Kingdom,GBR,2004,201238080
United Kingdom,GBR,2005,195494340
United Kingdom,GBR,2006,199014850
United Kingdom,GBR,2007,205409920
United Kingdom,GBR,2008,186589060
United Kingdom,GBR,2009,147716030
United Kingdom,GBR,2010,174961860
United Kingdom,GBR,2011,156908060
United Kingdom,GBR,2012,153064600
United Kingdom,GBR,2013,147198980
United Kingdom,GBR,2014,166099490
United Kingdom,GBR,2015,174540160
United Kingdom,GBR,2016,183325250
United Kingdom,GBR,2017,170969060
United Kingdom,GBR,2018,165517090
United Kingdom,GBR,2019,159980860
United Kingdom,GBR,2020,143628860
United Kingdom,GBR,2021,175248510
United Kingdom,GBR,2022,191652380
United Kingdom,GBR,2023,179273630
United States,USA,1990,-80420350
United States,USA,1991,-102032380
United States,USA,1992,8768512
United States,USA,1993,-52434430
United States,USA,1994,-39387650
United States,USA,1995,-39278080
United States,USA,1996,-55887870
United States,USA,1997,-34508800
United States,USA,1998,102532100
United States,USA,1999,137168380
United States,USA,2000,206542340
United States,USA,2001,245517820
United States,USA,2002,325997570
United States,USA,2003,429061630
United States,USA,2004,444230660
United States,USA,2005,529108480
United States,USA,2006,573595140
United States,USA,2007,405184500
United States,USA,2008,298853380
United States,USA,2009,239979520
United States,USA,2010,220581890
United States,USA,2011,198424580
United States,USA,2012,218855940
United States,USA,2013,164286460
United States,USA,2014,227010050
United States,USA,2015,325031420
United States,USA,2016,312398340
United States,USA,2017,330713100
United States,USA,2018,323300860
United States,USA,2019,344164350
United States,USA,2020,413130750
United States,USA,2021,469551600
United States,USA,2022,510585860
United States,USA,2023,513252350
Upper-middle-income countries,,1990,-668889100
Upper-middle-income countries,,1991,-713664500
Upper-middle-income countries,,1992,-629723650
Upper-middle-income countries,,1993,-615595000
Upper-middle-income countries,,1994,-854544900
Upper-middle-income countries,,1995,-908590100
Upper-middle-income countries,,1996,-843425300
Upper-middle-income countries,,1997,-917650940
Upper-middle-income countries,,1998,-978224100
Upper-middle-income countries,,1999,-960795650
Upper-middle-income countries,,2000,-1110121500
Upper-middle-income countries,,2001,-1112649200
Upper-middle-income countries,,2002,-1287150100
Upper-middle-income countries,,2003,-1626303500
Upper-middle-income countries,,2004,-1777920500
Upper-middle-income countries,,2005,-2021958100
Upper-middle-income countries,,2006,-2132498400
Upper-middle-income countries,,2007,-2068446200
Upper-middle-income countries,,2008,-2177807400
Upper-middle-income countries,,2009,-1836955600
Upper-middle-income countries,,2010,-2007764000
Upper-middle-income countries,,2011,-2085815300
Upper-middle-income countries,,2012,-1950227500
Upper-middle-income countries,,2013,-1862240300
Upper-middle-income countries,,2014,-1886651400
Upper-middle-income countries,,2015,-1699086300
Upper-middle-income countries,,2016,-1830678500
Upper-middle-income countries,,2017,-1796664300
Upper-middle-income countries,,2018,-1731687400
Upper-middle-income countries,,2019,-1761964000
Upper-middle-income countries,,2020,-1777791000
Upper-middle-income countries,,2021,-1985992700
Upper-middle-income countries,,2022,-2150239200
Upper-middle-income countries,,2023,-2155005000
Uruguay,URY,1990,830282.5
Uruguay,URY,1991,837975.5
Uruguay,URY,1992,931576
Uruguay,URY,1993,1145759
Uruguay,URY,1994,1320532
Uruguay,URY,1995,1417263.5
Uruguay,URY,1996,1674039
Uruguay,URY,1997,1645967.5
Uruguay,URY,1998,2064571
Uruguay,URY,1999,2201335
Uruguay,URY,2000,2630774.5
Uruguay,URY,2001,2339954
Uruguay,URY,2002,1833314
Uruguay,URY,2003,1553941
Uruguay,URY,2004,1835168.5
Uruguay,URY,2005,1807136.5
Uruguay,URY,2006,1892814
Uruguay,URY,2007,2982650
Uruguay,URY,2008,3466508
Uruguay,URY,2009,2442484
Uruguay,URY,2010,3845088
Uruguay,URY,2011,4560429
Uruguay,URY,2012,4349340
Uruguay,URY,2013,4109843
Uruguay,URY,2014,3680875
Uruguay,URY,2015,3024863
Uruguay,URY,2016,2339889
Uruguay,URY,2017,2994070
Uruguay,URY,2018,3155045
Uruguay,URY,2019,3126667
Uruguay,URY,2020,2897960
Uruguay,URY,2021,2718828
Uruguay,URY,2022,3184822
Uruguay,URY,2023,3154854
Venezuela,VEN,1990,-34666864
Venezuela,VEN,1991,-24548960
Venezuela,VEN,1992,-17919216
Venezuela,VEN,1993,-22555016
Venezuela,VEN,1994,-26136864
Venezuela,VEN,1995,-23819240
Venezuela,VEN,1996,-30839584
Venezuela,VEN,1997,-25673688
Venezuela,VEN,1998,-18552720
Venezuela,VEN,1999,-53254024
Venezuela,VEN,2000,-69753976
Venezuela,VEN,2001,-47588104
Venezuela,VEN,2002,-82655096
Venezuela,VEN,2003,-46442696
Venezuela,VEN,2004,-45006584
Venezuela,VEN,2005,-50138856
Venezuela,VEN,2006,-43271330
Venezuela,VEN,2007,-34979416
Venezuela,VEN,2008,-35648024
Venezuela,VEN,2009,-17864560
Venezuela,VEN,2010,-43588304
Venezuela,VEN,2011,-43111320
Venezuela,VEN,2012,-37917104
Venezuela,VEN,2013,-59344144
Venezuela,VEN,2014,-8050368
Venezuela,VEN,2015,-44416816
Venezuela,VEN,2016,-47721000
Venezuela,VEN,2017,-45730610
Venezuela,VEN,2018,-93996380
Venezuela,VEN,2019,-62439370
Venezuela,VEN,2020,-8981616
Venezuela,VEN,2021,-14195216
Venezuela,VEN,2022,-18729872
Venezuela,VEN,2023,-19072240
Vietnam,VNM,1990,1979042
Vietnam,VNM,1991,1790296
Vietnam,VNM,1992,1690390
Vietnam,VNM,1993,2309348
Vietnam,VNM,1994,2078986
Vietnam,VNM,1995,2353664
Vietnam,VNM,1996,2585924
Vietnam,VNM,1997,-412424
Vietnam,VNM,1998,-468136
Vietnam,VNM,1999,-3751264
Vietnam,VNM,2000,-16827264
Vietnam,VNM,2001,-18566880
Vietnam,VNM,2002,-21349412
Vietnam,VNM,2003,-18617796
Vietnam,VNM,2004,-22019820
Vietnam,VNM,2005,-24459040
Vietnam,VNM,2006,-25320224
Vietnam,VNM,2007,-22601528
Vietnam,VNM,2008,-24237880
Vietnam,VNM,2009,-25019336
Vietnam,VNM,2010,-31390936
Vietnam,VNM,2011,-38642830
Vietnam,VNM,2012,-37208550
Vietnam,VNM,2013,-29357216
Vietnam,VNM,2014,-39365136
Vietnam,VNM,2015,-48318144
Vietnam,VNM,2016,-47626464
Vietnam,VNM,2017,-55686590
Vietnam,VNM,2018,-66521230
Vietnam,VNM,2019,-94448880
Vietnam,VNM,2020,-102706080
Vietnam,VNM,2021,-91875570
Vietnam,VNM,2022,-94755900
Vietnam,VNM,2023,-99611280
World,OWID_WRL,1990,-2048
World,OWID_WRL,1991,0
World,OWID_WRL,1992,0
World,OWID_WRL,1993,0
World,OWID_WRL,1994,2048
World,OWID_WRL,1995,-2048
World,OWID_WRL,1996,0
World,OWID_WRL,1997,0
World,OWID_WRL,1998,2048
World,OWID_WRL,1999,0
World,OWID_WRL,2000,0
World,OWID_WRL,2001,0
World,OWID_WRL,2002,0
World,OWID_WRL,2003,0
World,OWID_WRL,2004,0
World,OWID_WRL,2005,0
World,OWID_WRL,2006,0
World,OWID_WRL,2007,-2048
World,OWID_WRL,2008,0
World,OWID_WRL,2009,-2048
World,OWID_WRL,2010,4096
World,OWID_WRL,2011,0
World,OWID_WRL,2012,0
World,OWID_WRL,2013,-4096
World,OWID_WRL,2014,0
World,OWID_WRL,2015,4096
World,OWID_WRL,2016,0
World,OWID_WRL,2017,-4096
World,OWID_WRL,2018,0
World,OWID_WRL,2019,0
World,OWID_WRL,2020,0
World,OWID_WRL,2021,0
World,OWID_WRL,2022,0
World,OWID_WRL,2023,0
World,OWID_WRL,2024,0
Zambia,ZMB,1990,-827779.4
Zambia,ZMB,1991,-530732.4
Zambia,ZMB,1992,-419258.12
Zambia,ZMB,1993,-378773.88
Zambia,ZMB,1994,-299232.88
Zambia,ZMB,1995,-173267.75
Zambia,ZMB,1996,-74701.25
Zambia,ZMB,1997,-71781
Zambia,ZMB,1998,198339.25
Zambia,ZMB,1999,217544.88
Zambia,ZMB,2000,1907588.8
Zambia,ZMB,2001,2091244.5
Zambia,ZMB,2002,2018774.5
Zambia,ZMB,2003,1811667.5
Zambia,ZMB,2004,1863038.2
Zambia,ZMB,2005,1926512
Zambia,ZMB,2006,2691430.5
Zambia,ZMB,2007,3407210
Zambia,ZMB,2008,4375980.5
Zambia,ZMB,2009,2931967.5
Zambia,ZMB,2010,2789850
Zambia,ZMB,2011,4313081.5
Zambia,ZMB,2012,3953120
Zambia,ZMB,2013,4284993
Zambia,ZMB,2014,4629533
Zambia,ZMB,2015,4051779
Zambia,ZMB,2016,3284358
Zambia,ZMB,2017,2652498
Zambia,ZMB,2018,1975338
Zambia,ZMB,2019,2295789
Zambia,ZMB,2020,-114386
Zambia,ZMB,2021,546460
Zambia,ZMB,2022,788977
Zambia,ZMB,2023,874454
Zimbabwe,ZWE,1990,-2663152
Zimbabwe,ZWE,1991,-2773104
Zimbabwe,ZWE,1992,-3286785
Zimbabwe,ZWE,1993,-3879736
Zimbabwe,ZWE,1994,-4724720
Zimbabwe,ZWE,1995,-4267220
Zimbabwe,ZWE,1996,-4190150
Zimbabwe,ZWE,1997,-3593635
Zimbabwe,ZWE,1998,-4331360
Zimbabwe,ZWE,1999,-5776158
Zimbabwe,ZWE,2000,-1836379
Zimbabwe,ZWE,2001,-1006269
Zimbabwe,ZWE,2002,183335
Zimbabwe,ZWE,2003,1885133
Zimbabwe,ZWE,2004,982767
Zimbabwe,ZWE,2005,819689
Zimbabwe,ZWE,2006,758444
Zimbabwe,ZWE,2007,1039302
Zimbabwe,ZWE,2008,2304387
Zimbabwe,ZWE,2009,1101746
Zimbabwe,ZWE,2010,165550
Zimbabwe,ZWE,2011,-366484
Zimbabwe,ZWE,2012,437367
Zimbabwe,ZWE,2013,402221
Zimbabwe,ZWE,2014,866165
Zimbabwe,ZWE,2015,1295699
Zimbabwe,ZWE,2016,2650516
Zimbabwe,ZWE,2017,1221513
Zimbabwe,ZWE,2018,1141910
Zimbabwe,ZWE,2019,1359852
Zimbabwe,ZWE,2020,1991086
Zimbabwe,ZWE,2021,2136505
Zimbabwe,ZWE,2022,1380109
Zimbabwe,ZWE,2023,1876236