Entity,Code,Year,Agriculture,Industry,Other fuel combustion,Waste,Land-use change and forestry,Fugitive emissions,Buildings,Electricity and heat,Manufacturing and construction,Aviation and shipping,Transport
Afghanistan,AFG,1990,2400000,90000,0,90000,0,0,0,0,0,0,0
Afghanistan,AFG,1991,2480000,80000,0,90000,0,0,0,0,0,0,0
Afghanistan,AFG,1992,2430000,60000,0,100000,0,0,0,0,0,0,0
Afghanistan,AFG,1993,2460000,60000,0,120000,0,0,0,0,0,0,0
Afghanistan,AFG,1994,2310000,20000,0,129999,0,0,0,0,0,0,0
Afghanistan,AFG,1995,2400000,10000,0,140000,0,0,0,0,0,0,0
Afghanistan,AFG,1996,2610000,10000,0,140000,0,0,0,0,0,0,0
Afghanistan,AFG,1997,2880000,10000,0,150000,0,0,0,0,0,0,0
Afghanistan,AFG,1998,3140000,10000,0,150000,0,0,0,0,0,0,0
Afghanistan,AFG,1999,3380000,10000,0,160000,0,0,0,0,0,0,0
Afghanistan,AFG,2000,2910000,10000,0,160000,0,0,0,0,0,0,0
Afghanistan,AFG,2001,2540000,20000,0,170000,0,0,0,0,0,0,0
Afghanistan,AFG,2002,2970000,20000,0,180000,0,0,0,0,0,0,0
Afghanistan,AFG,2003,3080000,20000,0,200000,0,0,0,0,0,0,0
Afghanistan,AFG,2004,3050000,20000,0,210000,0,0,0,0,0,0,0
Afghanistan,AFG,2005,3180000,20000,0,210000,0,0,0,0,0,0,0
Afghanistan,AFG,2006,3030000,20000,0,230000,0,0,0,0,0,0,0
Afghanistan,AFG,2007,2960000,20000,0,240000,0,0,0,0,0,0,0
Afghanistan,AFG,2008,3200000,20000,0,259999,0,0,0,0,0,0,0
Afghanistan,AFG,2009,3440000,20000,0,280000,0,0,0,0,0,0,0
Afghanistan,AFG,2010,3800000,20000,0,290000,0,0,0,0,0,0,0
Afghanistan,AFG,2011,3890000,20000,0,300000,0,0,0,0,0,0,0
Afghanistan,AFG,2012,3920000,20000,0,310000,0,0,0,0,0,0,0
Afghanistan,AFG,2013,3960000,20000,0,330000,0,0,0,0,0,0,0
Afghanistan,AFG,2014,4230000,20000,0,340000,0,0,0,0,0,0,0
Afghanistan,AFG,2015,4190000,20000,0,350000,0,0,0,0,0,0,0
Afghanistan,AFG,2016,4170000,20000,0,360000,0,0,0,0,0,0,0
Afghanistan,AFG,2017,4360000,20000,0,360000,0,0,0,0,0,0,0
Afghanistan,AFG,2018,4210000,20000,0,370000,0,0,0,0,0,0,0
Afghanistan,AFG,2019,3980000,20000,0,380000,0,0,0,0,0,0,0
Afghanistan,AFG,2020,3910000,20000,0,390000,0,0,0,0,0,0,0
Afghanistan,AFG,2021,3760000,20000,0,400000,0,0,0,0,0,0,0
Afghanistan,AFG,2022,3720000,20000,0,410000,0,0,0,0,0,0,0
Afghanistan,AFG,2023,3830000,20000,0,420000,0,0,0,,0,0,0
Africa,OWID_AFR,1990,230140000,3580000,70000,6690000,53210000,40000,3940000,10000,700000,160000,1950000
Africa,OWID_AFR,1991,231090000,3860000,70000,6940000,53210000,40000,4050000,10000,690000,160000,2060000
Africa,OWID_AFR,1992,233420000,3760000,80000,7120000,53210000,40000,4200000,20000,710000,190000,2140000
Africa,OWID_AFR,1993,234580000,3900000,90000,7370000,53210000,40000,4290000,20000,670000,190000,2160000
Africa,OWID_AFR,1994,236840000,3500000,100000,7560000,53210000,40000,4450000,10000,670000,210000,2200000
Africa,OWID_AFR,1995,240400000,3520000,100000,7730000,53210000,40000,4580000,10000,690000,230000,2340000
Africa,OWID_AFR,1996,247300000,3380000,100000,7850000,20420000,40000,4730000,10000,770000,260000,2430000
Africa,OWID_AFR,1997,248480000,3250000,100000,8040000,24030000,40000,4840000,20000,800000,240000,2550000
Africa,OWID_AFR,1998,264160000,3530000,110000,8180000,31700000,40000,4990000,20000,830000,250000,2530000
Africa,OWID_AFR,1999,262410000,3650000,100000,8300000,29000000,40000,5100000,30000,820000,270000,2730000
Africa,OWID_AFR,2000,266770000,3870000,90000,8530000,21710000,40000,4780000,20000,820000,260000,2780000
Africa,OWID_AFR,2001,259720000,4100000,90000,9680000,46340000,40000,4860000,230000,810000,240000,2920000
Africa,OWID_AFR,2002,275069984,3970000,80000,10790000,44940000,40000,5000000,230000,870000,240000,3030000
Africa,OWID_AFR,2003,284980000,4200000,90000,12150000,61180000,40000,5150000,200000,880000,250000,3160000
Africa,OWID_AFR,2004,287900000,3760000,90000,13430000,58950000,40000,5360000,210000,940000,240000,3300000
Africa,OWID_AFR,2005,302370016,3550000,120000,14770000,66910000,40000,5480000,190000,1010000,240000,3340000
Africa,OWID_AFR,2006,296609984,3640000,120000,16030000,58980000,40000,5590000,190000,1000000,220000,3400000
Africa,OWID_AFR,2007,309030016,4350000,120000,17100000,59860000,40000,5520000,200000,1020000,260000,3590000
Africa,OWID_AFR,2008,316710016,4530000,130000,18580000,62980000,40000,5630000,210000,1120000,260000,3840000
Africa,OWID_AFR,2009,312609984,4980000,140000,19890000,56960000,40000,5770000,130000,1210000,230000,4000000
Africa,OWID_AFR,2010,327600000,5420000,160000,21230000,69890000,40000,5800000,270000,1230000,270000,4410000
Africa,OWID_AFR,2011,335800000,4770000,160000,16780000,68690000,40000,6020000,260000,1230000,270000,4570000
Africa,OWID_AFR,2012,336720000,4740000,170000,12360000,69460000,40000,6010000,270000,1180000,290000,5010000
Africa,OWID_AFR,2013,339120000,4450000,170000,12670000,64300000,40000,6240000,250000,1300000,260000,5430000
Africa,OWID_AFR,2014,338929984,4470000,160000,13060000,60370000,40000,6420000,250000,1160000,260000,5690000
Africa,OWID_AFR,2015,346009984,4450000,160000,13340000,64240000,40000,6520000,250000,1140000,270000,5790000
Africa,OWID_AFR,2016,357720000,4570000,140000,13670000,67220000,40000,6700000,250000,1150000,250000,6070000
Africa,OWID_AFR,2017,360070016,4670000,160000,13960000,66690000,40000,7000000,270000,1010000,290000,6050000
Africa,OWID_AFR,2018,363260000,4810000,160000,14270000,59140000,40000,6960000,260000,1100000,310000,6230000
Africa,OWID_AFR,2019,366800000,4920000,170000,14580000,60830000,40000,7020000,260000,1110000,290000,6220000
Africa,OWID_AFR,2020,386460000,5020000,170000,14930000,57160000,40000,7330000,260000,1100000,190000,5720000
Africa,OWID_AFR,2021,387830016,5160000,160000,15290000,53830000,40000,7500000,260000,1110000,210000,6420000
Africa,OWID_AFR,2022,387060000,5240000,160000,15690000,48300000,40000,7800000,240000,1150000,250000,6610000
Africa,OWID_AFR,2023,395350016,5380000,160000,16050000,40420000,40000,7920000,240000,1140000,280000,6580000
Albania,ALB,1990,1210000,120000,0,70000,0,0,20000,0,0,0,10000
Albania,ALB,1991,900000,40000,0,70000,0,0,20000,0,0,0,10000
Albania,ALB,1992,860000,10000,0,70000,0,0,20000,0,0,0,10000
Albania,ALB,1993,920000,10000,0,70000,0,0,20000,0,0,0,10000
Albania,ALB,1994,1130000,10000,0,70000,0,0,20000,0,0,0,10000
Albania,ALB,1995,1130000,0,0,70000,0,0,10000,0,0,0,10000
Albania,ALB,1996,1000000,0,0,70000,0,0,10000,0,0,0,10000
Albania,ALB,1997,940000,0,0,70000,10000,0,10000,0,0,0,10000
Albania,ALB,1998,970000,0,0,70000,10000,0,10000,0,0,0,10000
Albania,ALB,1999,920000,0,0,70000,0,0,10000,0,0,0,30000
Albania,ALB,2000,970000,0,0,70000,30000,0,10000,0,0,0,30000
Albania,ALB,2001,940000,0,0,70000,0,0,10000,0,0,0,30000
Albania,ALB,2002,1060000,0,0,70000,0,0,10000,0,0,0,30000
Albania,ALB,2003,1080000,0,0,70000,0,0,10000,0,0,0,40000
Albania,ALB,2004,1039999,0,0,70000,0,0,10000,0,0,0,40000
Albania,ALB,2005,1039999,0,0,70000,0,0,10000,0,0,0,40000
Albania,ALB,2006,990000,0,0,70000,0,0,10000,0,0,0,30000
Albania,ALB,2007,980000,0,0,70000,10000,0,10000,0,0,0,40000
Albania,ALB,2008,920000,0,0,70000,0,0,10000,0,0,0,40000
Albania,ALB,2009,920000,0,0,70000,0,0,10000,0,0,0,30000
Albania,ALB,2010,910000,0,0,80000,0,0,10000,0,0,0,30000
Albania,ALB,2011,940000,0,0,80000,0,0,10000,0,0,0,40000
Albania,ALB,2012,940000,0,0,80000,0,0,10000,0,0,0,30000
Albania,ALB,2013,920000,0,0,80000,0,0,10000,0,0,0,40000
Albania,ALB,2014,930000,0,0,80000,0,0,10000,0,0,0,40000
Albania,ALB,2015,970000,0,0,80000,0,0,10000,0,0,0,40000
Albania,ALB,2016,990000,0,0,80000,0,0,10000,0,0,0,50000
Albania,ALB,2017,960000,0,0,80000,0,0,10000,0,0,0,50000
Albania,ALB,2018,860000,0,0,80000,0,0,10000,0,0,0,50000
Albania,ALB,2019,890000,0,0,80000,0,0,10000,0,0,0,60000
Albania,ALB,2020,800000,0,0,80000,0,0,10000,0,0,0,40000
Albania,ALB,2021,740000,0,0,80000,0,0,10000,0,0,0,50000
Albania,ALB,2022,640000,0,0,80000,0,0,10000,0,0,0,50000
Albania,ALB,2023,630000,0,0,80000,0,0,10000,0,0,0,50000
Algeria,DZA,1990,3110000,129999,0,240000,40000,10000,0,10000,10000,20000,259999
Algeria,DZA,1991,3050000,140000,0,250000,40000,10000,0,10000,10000,20000,280000
Algeria,DZA,1992,3180000,100000,0,250000,40000,10000,0,10000,10000,20000,270000
Algeria,DZA,1993,3240000,150000,0,259999,40000,10000,0,10000,10000,10000,270000
Algeria,DZA,1994,3050000,120000,0,270000,40000,10000,0,10000,10000,10000,250000
Algeria,DZA,1995,2960000,20000,0,290000,40000,10000,0,10000,10000,20000,240000
Algeria,DZA,1996,3050000,10000,0,310000,40000,10000,0,10000,10000,10000,240000
Algeria,DZA,1997,2920000,40000,0,330000,30000,10000,0,10000,10000,10000,230000
Algeria,DZA,1998,3410000,50000,0,350000,30000,10000,0,10000,10000,10000,240000
Algeria,DZA,1999,3330000,70000,0,370000,30000,10000,0,10000,10000,10000,240000
Algeria,DZA,2000,3260000,120000,0,390000,140000,10000,10000,10000,10000,10000,250000
Algeria,DZA,2001,3390000,160000,0,410000,0,10000,10000,10000,10000,10000,259999
Algeria,DZA,2002,3220000,100000,0,430000,10000,10000,10000,10000,10000,20000,280000
Algeria,DZA,2003,3430000,140000,0,440000,30000,10000,10000,10000,10000,10000,290000
Algeria,DZA,2004,4010000,120000,0,450000,10000,10000,10000,10000,10000,20000,310000
Algeria,DZA,2005,3460000,100000,0,460000,20000,10000,10000,10000,10000,20000,330000
Algeria,DZA,2006,3790000,30000,0,460000,30000,10000,10000,10000,10000,20000,340000
Algeria,DZA,2007,3800000,20000,0,470000,100000,10000,10000,10000,10000,20000,380000
Algeria,DZA,2008,3530000,0,0,500000,60000,10000,10000,10000,10000,20000,410000
Algeria,DZA,2009,4040000,20000,10000,519999,10000,10000,10000,10000,10000,20000,450000
Algeria,DZA,2010,4270000,30000,10000,550000,10000,10000,10000,10000,10000,20000,480000
Algeria,DZA,2011,4360000,20000,10000,570000,50000,10000,10000,10000,10000,20000,510000
Algeria,DZA,2012,4730000,30000,10000,580000,100000,10000,10000,10000,10000,20000,580000
Algeria,DZA,2013,4780000,80000,20000,600000,10000,10000,10000,10000,10000,20000,620000
Algeria,DZA,2014,5050000,550000,10000,610000,20000,10000,10000,10000,10000,20000,690000
Algeria,DZA,2015,5120000,970000,10000,610000,0,10000,10000,10000,10000,20000,710000
Algeria,DZA,2016,5100000,1000000,10000,620000,20000,10000,10000,10000,10000,20000,690000
Algeria,DZA,2017,5100000,1020000,10000,640000,129999,10000,10000,10000,10000,10000,670000
Algeria,DZA,2018,5210000,1050000,20000,660000,0,10000,10000,10000,10000,20000,680000
Algeria,DZA,2019,5200000,1080000,20000,670000,20000,10000,10000,10000,10000,10000,670000
Algeria,DZA,2020,5270000,1100000,20000,680000,50000,10000,10000,10000,10000,10000,580000
Algeria,DZA,2021,5210000,1130000,10000,690000,110000,10000,10000,10000,10000,10000,610000
Algeria,DZA,2022,5300000,1150000,10000,710000,30000,10000,10000,10000,10000,10000,630000
Algeria,DZA,2023,5360000,1180000,10000,720000,40000,10000,10000,10000,10000,20000,650000
Andorra,AND,1990,0,0,,0,0,0,,,,,
Andorra,AND,1991,0,0,,0,0,0,,,,,
Andorra,AND,1992,0,0,,0,0,0,,,,,
Andorra,AND,1993,0,0,,0,0,0,,,,,
Andorra,AND,1994,0,0,,0,0,0,,,,,
Andorra,AND,1995,0,0,,0,0,0,,,,,
Andorra,AND,1996,0,0,,0,0,0,,,,,
Andorra,AND,1997,0,0,,0,0,0,,,,,
Andorra,AND,1998,0,0,,0,0,0,,,,,
Andorra,AND,1999,0,0,,0,0,0,,,,,
Andorra,AND,2000,0,0,,0,0,0,,,,,
Andorra,AND,2001,0,0,,0,0,0,,,,,
Andorra,AND,2002,0,0,,0,0,0,,,,,
Andorra,AND,2003,0,0,,0,0,0,,,,,
Andorra,AND,2004,0,0,,0,0,0,,,,,
Andorra,AND,2005,0,0,,0,0,0,,,,,
Andorra,AND,2006,0,0,,0,0,0,,,,,
Andorra,AND,2007,0,0,,0,0,0,,,,,
Andorra,AND,2008,0,0,,0,0,0,,,,,
Andorra,AND,2009,0,0,,0,0,0,,,,,
Andorra,AND,2010,0,0,,0,0,0,,,,,
Andorra,AND,2011,0,0,,0,0,0,,,,,
Andorra,AND,2012,0,0,,0,0,0,,,,,
Andorra,AND,2013,0,0,,0,0,0,,,,,
Andorra,AND,2014,0,0,,0,0,0,,,,,
Andorra,AND,2015,0,0,,0,0,0,,,,,
Andorra,AND,2016,0,0,,0,0,0,,,,,
Andorra,AND,2017,0,0,,0,0,0,,,,,
Andorra,AND,2018,0,0,,0,0,0,,,,,
Andorra,AND,2019,0,0,,0,0,0,,,,,
Andorra,AND,2020,0,0,,0,0,0,,,,,
Andorra,AND,2021,0,0,,0,0,0,,,,,
Andorra,AND,2022,0,0,,0,0,0,,,,,
Andorra,AND,2023,0,0,,0,0,0,,,,,
Angola,AGO,1990,13370000,0,0,90000,6710000,0,120000,0,10000,10000,20000
Angola,AGO,1991,13400000,0,0,100000,6710000,0,129999,0,10000,10000,20000
Angola,AGO,1992,13440000,0,0,100000,6710000,0,129999,0,10000,10000,20000
Angola,AGO,1993,13390000,0,0,100000,6710000,0,129999,0,10000,10000,20000
Angola,AGO,1994,13340000,0,0,110000,6710000,0,129999,0,10000,10000,20000
Angola,AGO,1995,13330000,0,0,110000,6710000,0,140000,0,10000,10000,20000
Angola,AGO,1996,11990000,0,0,110000,3830000,0,140000,0,10000,10000,20000
Angola,AGO,1997,11770000,0,0,120000,3410000,0,140000,0,10000,10000,20000
Angola,AGO,1998,13030000,0,0,120000,4600000,0,140000,0,10000,10000,10000
Angola,AGO,1999,12020000,0,0,129999,4290000,0,140000,0,10000,10000,20000
Angola,AGO,2000,12380000,0,0,129999,3090000,0,150000,0,10000,10000,20000
Angola,AGO,2001,12950000,0,0,140000,6510000,0,150000,0,10000,10000,20000
Angola,AGO,2002,14000000,0,0,140000,6210000,0,150000,0,10000,10000,20000
Angola,AGO,2003,16020000,0,0,150000,6760000,0,150000,0,10000,10000,30000
Angola,AGO,2004,15930000,0,0,160000,7700000,0,150000,0,10000,10000,50000
Angola,AGO,2005,15730000,0,0,170000,8160000,0,150000,0,10000,10000,40000
Angola,AGO,2006,14440000,0,0,180000,6740000,0,160000,0,10000,10000,50000
Angola,AGO,2007,15490000,0,0,200000,6750000,0,160000,0,10000,10000,60000
Angola,AGO,2008,14540000,0,0,200000,7520000,0,170000,0,10000,10000,80000
Angola,AGO,2009,14470000,0,0,210000,8710000,0,170000,0,10000,10000,90000
Angola,AGO,2010,15210000,0,0,220000,9570000,0,170000,0,20000,10000,90000
Angola,AGO,2011,15740000,0,0,240000,8900000,0,180000,0,20000,10000,100000
Angola,AGO,2012,14850000,0,0,259999,9280000,0,180000,0,20000,20000,110000
Angola,AGO,2013,15420000,0,0,270000,8310000,0,190000,0,20000,10000,129999
Angola,AGO,2014,14870000,0,0,280000,8010000,0,190000,0,20000,20000,129999
Angola,AGO,2015,15490000,0,0,270000,8069999,0,190000,0,20000,20000,129999
Angola,AGO,2016,15640000,0,0,280000,7070000,0,190000,0,20000,10000,129999
Angola,AGO,2017,15770000,0,0,290000,9180000,0,200000,0,20000,10000,110000
Angola,AGO,2018,14020000,0,0,290000,5730000,0,200000,0,20000,10000,110000
Angola,AGO,2019,15620000,0,0,290000,8210000,0,200000,0,20000,10000,120000
Angola,AGO,2020,14980000,0,0,300000,6620000,0,200000,0,20000,10000,60000
Angola,AGO,2021,15080000,0,0,310000,6230000,0,210000,0,20000,10000,120000
Angola,AGO,2022,15040000,0,0,320000,4840000,0,210000,0,20000,10000,140000
Angola,AGO,2023,15700000,0,0,330000,4700000,0,210000,0,20000,10000,150000
Antigua and Barbuda,ATG,1990,10000,0,,0,0,0,0,,,0,0
Antigua and Barbuda,ATG,1991,10000,0,,0,0,0,0,,,0,0
Antigua and Barbuda,ATG,1992,10000,0,,0,0,0,0,,,0,0
Antigua and Barbuda,ATG,1993,10000,0,,0,0,0,0,,,0,0
Antigua and Barbuda,ATG,1994,10000,0,,0,0,0,0,,,0,0
Antigua and Barbuda,ATG,1995,10000,0,,0,0,0,0,,,0,0
Antigua and Barbuda,ATG,1996,10000,0,,0,0,0,0,,,0,0
Antigua and Barbuda,ATG,1997,10000,0,,0,0,0,0,,,0,0
Antigua and Barbuda,ATG,1998,10000,0,,0,0,0,0,,,0,0
Antigua and Barbuda,ATG,1999,10000,0,,0,0,0,0,,,0,0
Antigua and Barbuda,ATG,2000,10000,0,,0,0,0,0,,,0,0
Antigua and Barbuda,ATG,2001,10000,0,,0,0,0,0,,,0,0
Antigua and Barbuda,ATG,2002,10000,0,,0,0,0,0,,,0,0
Antigua and Barbuda,ATG,2003,10000,0,,0,0,0,0,,,0,0
Antigua and Barbuda,ATG,2004,10000,0,,0,0,0,0,,,0,0
Antigua and Barbuda,ATG,2005,10000,0,,0,0,0,0,,,0,0
Antigua and Barbuda,ATG,2006,10000,0,,0,0,0,0,,,0,0
Antigua and Barbuda,ATG,2007,10000,0,,0,0,0,0,,,0,0
Antigua and Barbuda,ATG,2008,10000,0,,0,0,0,0,,,0,0
Antigua and Barbuda,ATG,2009,10000,0,,0,0,0,0,,,0,0
Antigua and Barbuda,ATG,2010,10000,0,,0,0,0,0,,,0,0
Antigua and Barbuda,ATG,2011,10000,0,,0,0,0,0,,,0,0
Antigua and Barbuda,ATG,2012,10000,0,,0,0,0,0,,,0,0
Antigua and Barbuda,ATG,2013,10000,0,,0,0,0,0,,,0,0
Antigua and Barbuda,ATG,2014,10000,0,,0,0,0,0,,,0,0
Antigua and Barbuda,ATG,2015,10000,0,,0,0,0,0,,,0,0
Antigua and Barbuda,ATG,2016,10000,0,,0,0,0,0,,,0,0
Antigua and Barbuda,ATG,2017,10000,0,,0,0,0,0,,,0,0
Antigua and Barbuda,ATG,2018,10000,0,,0,0,0,0,,,0,0
Antigua and Barbuda,ATG,2019,10000,0,,0,0,0,0,,,0,0
Antigua and Barbuda,ATG,2020,10000,0,,0,0,0,0,,,0,0
Antigua and Barbuda,ATG,2021,10000,0,,0,0,0,0,,,0,0
Antigua and Barbuda,ATG,2022,10000,0,,0,0,0,0,,,0,0
Antigua and Barbuda,ATG,2023,10000,0,,0,0,0,0,,,0,0
Argentina,ARG,1990,29800000,80000,10000,660000,390000,0,20000,10000,50000,30000,470000
Argentina,ARG,1991,29630000,90000,10000,680000,390000,0,30000,10000,60000,20000,490000
Argentina,ARG,1992,30220000,70000,10000,700000,390000,0,30000,10000,50000,20000,530000
Argentina,ARG,1993,29750000,90000,10000,720000,390000,0,30000,10000,60000,20000,560000
Argentina,ARG,1994,30590000,80000,20000,740000,390000,10000,20000,10000,60000,20000,540000
Argentina,ARG,1995,30590000,80000,20000,770000,390000,10000,20000,10000,70000,30000,550000
Argentina,ARG,1996,30850000,100000,20000,800000,740000,10000,20000,10000,60000,30000,650000
Argentina,ARG,1997,31110000,129999,20000,820000,880000,10000,20000,10000,70000,30000,640000
Argentina,ARG,1998,30760000,129999,20000,820000,820000,10000,20000,10000,70000,30000,680000
Argentina,ARG,1999,30960000,150000,20000,820000,1150000,10000,30000,10000,70000,30000,620000
Argentina,ARG,2000,32830002,190000,20000,820000,560000,10000,30000,10000,70000,30000,600000
Argentina,ARG,2001,32439998,640000,20000,830000,200000,10000,20000,10000,70000,30000,540000
Argentina,ARG,2002,33130002,680000,20000,840000,259999,10000,20000,10000,60000,30000,500000
Argentina,ARG,2003,36640000,800000,20000,850000,350000,10000,20000,10000,60000,30000,500000
Argentina,ARG,2004,36660000,800000,20000,850000,470000,10000,20000,10000,60000,30000,530000
Argentina,ARG,2005,36280000,710000,20000,860000,360000,10000,20000,10000,70000,30000,530000
Argentina,ARG,2006,37420000,790000,20000,870000,300000,10000,20000,10000,60000,30000,580000
Argentina,ARG,2007,39500000,600000,30000,880000,410000,10000,20000,10000,50000,40000,640000
Argentina,ARG,2008,38220000,500000,30000,890000,430000,10000,20000,10000,50000,40000,690000
Argentina,ARG,2009,33349998,600000,20000,890000,410000,10000,20000,10000,50000,40000,630000
Argentina,ARG,2010,34250000,600000,20000,900000,250000,10000,20000,10000,50000,50000,760000
Argentina,ARG,2011,35150000,660000,30000,900000,210000,10000,20000,10000,50000,50000,840000
Argentina,ARG,2012,34680000,710000,20000,900000,200000,10000,20000,10000,50000,60000,850000
Argentina,ARG,2013,35870000,610000,30000,930000,570000,10000,20000,10000,40000,60000,930000
Argentina,ARG,2014,36220000,550000,20000,950000,60000,10000,20000,10000,50000,50000,900000
Argentina,ARG,2015,35740000,500000,30000,970000,140000,10000,20000,10000,50000,40000,950000
Argentina,ARG,2016,38400000,500000,20000,990000,100000,10000,20000,10000,50000,40000,970000
Argentina,ARG,2017,40600000,510000,20000,1010000,420000,10000,20000,10000,50000,40000,1030000
Argentina,ARG,2018,40010000,510000,20000,1050000,80000,10000,20000,10000,60000,40000,1039999
Argentina,ARG,2019,41740000,519999,20000,1070000,80000,10000,20000,10000,60000,40000,1039999
Argentina,ARG,2020,43060000,519999,20000,1100000,690000,10000,20000,10000,40000,30000,740000
Argentina,ARG,2021,42910000,530000,20000,1110000,160000,10000,20000,10000,50000,30000,900000
Argentina,ARG,2022,44190000,530000,30000,1110000,710000,10000,20000,10000,40000,40000,1030000
Argentina,ARG,2023,38790000,540000,20000,1120000,100000,10000,20000,10000,40000,40000,990000
Armenia,ARM,1990,650000,0,0,50000,0,0,10000,0,0,0,60000
Armenia,ARM,1991,610000,0,10000,50000,0,0,0,0,0,0,60000
Armenia,ARM,1992,580000,0,0,40000,0,0,0,0,0,0,40000
Armenia,ARM,1993,490000,0,0,40000,0,0,0,0,0,0,30000
Armenia,ARM,1994,430000,0,0,40000,0,0,0,0,0,0,0
Armenia,ARM,1995,430000,0,0,40000,0,0,0,0,0,0,0
Armenia,ARM,1996,440000,0,0,40000,0,0,0,0,0,0,0
Armenia,ARM,1997,430000,0,0,40000,0,0,0,0,0,0,0
Armenia,ARM,1998,410000,0,0,40000,0,0,0,0,0,0,0
Armenia,ARM,1999,400000,0,0,40000,0,0,0,0,0,0,0
Armenia,ARM,2000,410000,0,0,40000,0,0,0,0,0,0,10000
Armenia,ARM,2001,410000,0,0,40000,0,0,0,0,0,0,10000
Armenia,ARM,2002,490000,0,0,40000,0,0,0,0,0,0,10000
Armenia,ARM,2003,480000,0,0,50000,0,0,0,0,0,0,10000
Armenia,ARM,2004,519999,0,0,50000,0,0,0,0,0,0,10000
Armenia,ARM,2005,500000,0,0,50000,0,0,0,0,0,0,10000
Armenia,ARM,2006,770000,10000,0,50000,0,0,0,0,0,0,10000
Armenia,ARM,2007,630000,20000,0,50000,0,0,0,0,0,0,20000
Armenia,ARM,2008,610000,10000,0,50000,0,0,0,0,0,0,20000
Armenia,ARM,2009,650000,10000,0,50000,0,0,0,0,0,0,20000
Armenia,ARM,2010,600000,20000,0,50000,0,0,0,0,0,0,20000
Armenia,ARM,2011,630000,10000,0,50000,0,0,0,0,0,0,20000
Armenia,ARM,2012,770000,0,0,50000,0,0,0,0,0,0,20000
Armenia,ARM,2013,830000,0,0,50000,0,0,0,0,0,0,20000
Armenia,ARM,2014,790000,0,0,50000,0,0,0,0,0,0,30000
Armenia,ARM,2015,880000,0,0,50000,0,0,0,0,0,0,30000
Armenia,ARM,2016,1350000,0,0,50000,0,0,10000,0,0,0,30000
Armenia,ARM,2017,990000,0,0,50000,0,0,10000,0,0,0,30000
Armenia,ARM,2018,620000,0,0,50000,0,0,10000,0,0,0,30000
Armenia,ARM,2019,580000,0,0,50000,0,0,10000,0,0,0,30000
Armenia,ARM,2020,590000,0,0,50000,0,0,10000,0,0,0,40000
Armenia,ARM,2021,570000,0,0,50000,0,0,10000,0,0,0,40000
Armenia,ARM,2022,530000,0,0,50000,0,0,10000,0,0,0,40000
Armenia,ARM,2023,490000,0,0,50000,0,0,10000,0,0,0,30000
Asia,OWID_ASI,1990,563049984,33570000,1180000,37070000,13600000,1460000,18650000,410000,6750000,1170000,13270000
Asia,OWID_ASI,1991,569920000,32990000,1200000,37490000,13600000,1500000,18740000,430000,7000000,1270000,13820000
Asia,OWID_ASI,1992,582080000,34720000,1170000,38070000,13590000,1610000,18720000,440000,7170000,1420000,14460000
Asia,OWID_ASI,1993,576110016,35000000,1120000,38570000,13590000,1620000,18850000,480000,7370000,1400000,15380000
Asia,OWID_ASI,1994,591110016,35570000,1130000,39110000,13590000,1760000,18670000,520000,7630000,1510000,15740000
Asia,OWID_ASI,1995,630449984,38530000,920000,41480000,13590000,1880000,18870000,570000,8290000,1530000,16660000
Asia,OWID_ASI,1996,658729984,42240000,730000,43650000,5090000,1990000,18650000,590000,8010000,1600000,17970000
Asia,OWID_ASI,1997,634680000,46080000,890000,45800000,16370000,2060000,18900000,620000,7970000,1710000,18020000
Asia,OWID_ASI,1998,645129984,49430000,900000,47990000,16130000,2050000,18540000,690000,8190000,1740000,17910000
Asia,OWID_ASI,1999,660729984,47200000,900000,50080000,7580000,2120000,18560000,630000,7680000,1820000,18470000
Asia,OWID_ASI,2000,648219968,53180000,750000,52200000,5120000,2110000,18440000,640000,7540000,1850000,21220000
Asia,OWID_ASI,2001,648960000,52770000,740000,53740000,5240000,2050000,18120000,630000,7680000,1870000,21860000
Asia,OWID_ASI,2002,665560000,55000000,780000,55430000,8660000,1890000,18100000,630000,7900000,1930000,22780000
Asia,OWID_ASI,2003,671179968,59490000,850000,57270000,14340000,1900000,17900000,750000,8630000,2010000,23800000
Asia,OWID_ASI,2004,692140032,63080000,890000,59140000,24510000,1880000,17760000,710000,10120000,2230000,25790000
Asia,OWID_ASI,2005,708670016,63400000,970000,61120000,14430000,1950000,17550000,739999,11920000,2410000,26900000
Asia,OWID_ASI,2006,727030016,68160000,1010000,62580000,14470000,1840000,17460000,870000,12620000,2580000,27710000
Asia,OWID_ASI,2007,737900032,65280000,1020000,64420000,22220000,1720000,16960000,960000,13340000,2720000,29180000
Asia,OWID_ASI,2008,748049984,71540000,1070000,66400000,11720000,1660000,16450000,1020000,13889999,2820000,30600000
Asia,OWID_ASI,2009,768520000,77150000,1010000,68340000,20620000,1610000,16080000,1270000,14420000,2790000,31420000
Asia,OWID_ASI,2010,777529984,82480000,1020000,70500000,19900000,1560000,15750000,1360000,15550000,3050000,33050000
Asia,OWID_ASI,2011,784180032,88510000,990000,71610000,12020000,1550000,15380000,1380000,16130000,3110000,34720000
Asia,OWID_ASI,2012,789809984,95570000,1040000,72970000,17750000,1550000,15020000,1400000,16350000,3120000,36970000
Asia,OWID_ASI,2013,797030016,116210000,1040000,75400000,13980000,1560000,14850000,1440000,16080000,3180000,38780000
Asia,OWID_ASI,2014,803960000,119520000,1030000,78190000,17060000,1460000,14760000,1050000,16270000,3270000,39950000
Asia,OWID_ASI,2015,812430016,123680000,1050000,79440000,16060000,1520000,14340000,1120000,16040000,3590000,41760000
Asia,OWID_ASI,2016,815729984,127110000,1060000,80530000,13410000,1350000,13890000,960000,15370000,3750000,43010000
Asia,OWID_ASI,2017,826110016,130830000,1050000,81350000,12730000,1450000,13770000,1060000,15020000,3830000,44560000
Asia,OWID_ASI,2018,816940032,135260000,970000,82430000,10490000,1460000,13430000,950000,14640000,3950000,46890000
Asia,OWID_ASI,2019,817809984,139550000,910000,83830000,13390000,1470000,12800000,950000,14230000,3850000,48510000
Asia,OWID_ASI,2020,844640000,143900000,920000,85420000,14450000,1400000,12310000,800000,14140000,3010000,46020000
Asia,OWID_ASI,2021,844030016,148150000,880000,85940000,16070000,1260000,11790000,870000,14340000,3140000,49230000
Asia,OWID_ASI,2022,847969984,152610000,900000,86350000,7270000,1260000,11280000,930000,14450000,3500000,50490000
Asia,OWID_ASI,2023,862470016,157240000,890000,86820000,12700000,1260000,10990000,950000,14780000,3970000,51850000
Australia,AUS,1990,65110000,380000,10000,300000,1560000,40000,90000,10000,140000,50000,1260000
Australia,AUS,1991,64690004,390000,10000,300000,1560000,30000,90000,10000,140000,50000,1220000
Australia,AUS,1992,63030000,350000,10000,310000,1560000,30000,90000,10000,120000,50000,1230000
Australia,AUS,1993,62650000,360000,10000,310000,1560000,30000,110000,10000,140000,50000,1240000
Australia,AUS,1994,63360000,350000,10000,310000,1560000,30000,90000,10000,140000,60000,1260000
Australia,AUS,1995,61690000,400000,10000,320000,1560000,30000,90000,10000,150000,60000,1280000
Australia,AUS,1996,57840000,380000,10000,320000,1690000,30000,90000,10000,180000,70000,1310000
Australia,AUS,1997,57620000,350000,10000,320000,2540000,20000,90000,10000,190000,70000,1330000
Australia,AUS,1998,60920000,410000,10000,330000,1970000,20000,90000,10000,180000,70000,1330000
Australia,AUS,1999,76050000,430000,10000,330000,2490000,20000,90000,10000,180000,70000,1370000
Australia,AUS,2000,83230000,530000,10000,330000,1010000,30000,90000,10000,190000,70000,1410000
Australia,AUS,2001,91950000,519999,10000,350000,1400000,30000,90000,10000,180000,80000,1380000
Australia,AUS,2002,85580000,450000,10000,350000,2089999,30000,100000,10000,180000,60000,1400000
Australia,AUS,2003,49950000,460000,10000,360000,3310000,20000,90000,20000,140000,60000,1430000
Australia,AUS,2004,70420000,550000,10000,350000,370000,20000,80000,20000,150000,70000,1510000
Australia,AUS,2005,50440000,470000,10000,370000,330000,20000,70000,20000,150000,80000,1500000
Australia,AUS,2006,67190000,460000,10000,370000,2690000,20000,70000,20000,150000,80000,1510000
Australia,AUS,2007,63140000,440000,10000,380000,1010000,20000,70000,20000,150000,90000,1560000
Australia,AUS,2008,48860000,470000,10000,410000,200000,20000,70000,20000,150000,90000,1620000
Australia,AUS,2009,52560000,500000,10000,430000,1570000,30000,70000,20000,160000,80000,1640000
Australia,AUS,2010,42280000,470000,10000,460000,250000,30000,70000,20000,180000,90000,1660000
Australia,AUS,2011,88910000,540000,10000,470000,590000,20000,70000,20000,190000,90000,1710000
Australia,AUS,2012,89070000,500000,10000,470000,910000,30000,70000,30000,190000,90000,1740000
Australia,AUS,2013,51660000,450000,10000,480000,1390000,30000,70000,30000,200000,90000,1770000
Australia,AUS,2014,62810000,500000,10000,490000,1020000,30000,70000,30000,190000,100000,1780000
Australia,AUS,2015,59260000,640000,10000,490000,640000,40000,60000,30000,200000,100000,1810000
Australia,AUS,2016,46390000,640000,10000,500000,830000,50000,60000,30000,200000,100000,1820000
Australia,AUS,2017,65940004,650000,20000,510000,530000,70000,60000,30000,220000,110000,1850000
Australia,AUS,2018,64199996,650000,20000,519999,910000,70000,60000,30000,210000,120000,1890000
Australia,AUS,2019,50030000,660000,10000,530000,9210000,80000,60000,40000,200000,129999,1890000
Australia,AUS,2020,41860000,660000,10000,530000,5070000,60000,60000,40000,190000,100000,1770000
Australia,AUS,2021,51470000,670000,20000,530000,190000,60000,60000,40000,200000,40000,1750000
Australia,AUS,2022,52980000,670000,20000,540000,190000,60000,60000,40000,200000,50000,1740000
Australia,AUS,2023,89300000,680000,10000,540000,450000,60000,60000,40000,200000,90000,1840000
Austria,AUT,1990,2900000,900000,10000,90000,0,0,90000,0,40000,10000,259999
Austria,AUT,1991,2860000,910000,10000,90000,0,0,100000,0,40000,10000,280000
Austria,AUT,1992,2770000,830000,10000,90000,0,0,90000,0,40000,10000,280000
Austria,AUT,1993,2670000,870000,10000,90000,0,0,90000,0,40000,10000,280000
Austria,AUT,1994,2670000,820000,10000,90000,0,0,90000,0,40000,10000,280000
Austria,AUT,1995,2610000,850000,10000,100000,0,0,90000,0,40000,10000,280000
Austria,AUT,1996,2610000,860000,10000,100000,0,0,100000,0,40000,10000,300000
Austria,AUT,1997,2640000,850000,10000,110000,0,0,90000,0,40000,10000,280000
Austria,AUT,1998,2580000,880000,10000,110000,0,0,90000,0,40000,10000,310000
Austria,AUT,1999,2530000,910000,10000,110000,0,0,90000,0,50000,10000,300000
Austria,AUT,2000,2490000,930000,10000,120000,0,0,90000,0,50000,10000,310000
Austria,AUT,2001,2460000,780000,10000,129999,0,0,90000,0,50000,10000,330000
Austria,AUT,2002,2490000,790000,10000,129999,0,0,90000,0,50000,10000,360000
Austria,AUT,2003,2250000,840000,10000,129999,0,0,90000,0,60000,10000,390000
Austria,AUT,2004,2310000,320000,10000,129999,0,0,80000,0,60000,10000,390000
Austria,AUT,2005,2280000,300000,10000,129999,0,0,80000,0,70000,10000,410000
Austria,AUT,2006,2280000,300000,10000,140000,0,0,90000,0,70000,20000,430000
Austria,AUT,2007,2270000,290000,10000,140000,0,0,80000,0,80000,20000,440000
Austria,AUT,2008,2500000,330000,10000,140000,0,0,90000,10000,70000,20000,440000
Austria,AUT,2009,2190000,180000,10000,140000,0,0,90000,0,70000,10000,450000
Austria,AUT,2010,2230000,100000,10000,140000,0,0,100000,10000,80000,20000,450000
Austria,AUT,2011,2410000,80000,10000,140000,0,0,90000,10000,70000,20000,440000
Austria,AUT,2012,2230000,80000,10000,140000,0,0,90000,10000,80000,20000,440000
Austria,AUT,2013,2300000,80000,10000,140000,0,0,100000,10000,70000,10000,450000
Austria,AUT,2014,2350000,80000,10000,140000,0,0,80000,10000,70000,10000,470000
Austria,AUT,2015,2410000,80000,10000,140000,0,0,90000,0,70000,20000,480000
Austria,AUT,2016,2410000,70000,10000,150000,0,0,90000,0,80000,20000,470000
Austria,AUT,2017,2340000,70000,10000,150000,0,0,90000,0,80000,20000,470000
Austria,AUT,2018,2200000,80000,10000,150000,0,0,90000,0,70000,20000,470000
Austria,AUT,2019,2130000,110000,10000,150000,0,0,90000,0,70000,20000,470000
Austria,AUT,2020,2300000,80000,10000,150000,0,0,90000,0,70000,10000,410000
Austria,AUT,2021,2170000,70000,10000,150000,0,0,110000,0,70000,10000,430000
Austria,AUT,2022,2120000,70000,10000,150000,0,0,90000,0,80000,10000,410000
Austria,AUT,2023,2089999,70000,10000,150000,0,0,80000,0,80000,20000,420000
Azerbaijan,AZE,1990,2170000,0,10000,190000,0,10000,0,0,10000,10000,120000
Azerbaijan,AZE,1991,2050000,0,0,60000,0,10000,0,0,10000,10000,90000
Azerbaijan,AZE,1992,1840000,0,0,60000,0,10000,0,0,10000,0,80000
Azerbaijan,AZE,1993,1630000,0,0,60000,0,10000,0,0,0,0,70000
Azerbaijan,AZE,1994,1520000,0,0,60000,0,10000,0,0,0,0,70000
Azerbaijan,AZE,1995,1510000,0,0,60000,0,10000,0,0,0,0,70000
Azerbaijan,AZE,1996,1450000,0,0,60000,0,10000,0,0,0,0,50000
Azerbaijan,AZE,1997,1540000,0,0,60000,0,10000,0,0,0,0,60000
Azerbaijan,AZE,1998,1570000,0,0,60000,10000,10000,0,0,0,0,50000
Azerbaijan,AZE,1999,1630000,0,0,60000,0,10000,0,0,0,0,30000
Azerbaijan,AZE,2000,1640000,0,10000,70000,10000,10000,0,0,0,0,40000
Azerbaijan,AZE,2001,1800000,0,0,90000,0,10000,0,0,0,0,40000
Azerbaijan,AZE,2002,1900000,0,0,100000,0,10000,0,0,0,0,50000
Azerbaijan,AZE,2003,1960000,0,0,120000,0,10000,0,0,0,0,50000
Azerbaijan,AZE,2004,2069999,0,0,129999,0,10000,0,0,0,0,60000
Azerbaijan,AZE,2005,2110000,0,0,150000,0,10000,0,0,0,10000,70000
Azerbaijan,AZE,2006,2220000,0,0,160000,0,10000,0,0,0,10000,80000
Azerbaijan,AZE,2007,2230000,0,0,180000,0,10000,10000,0,0,10000,70000
Azerbaijan,AZE,2008,2390000,0,0,190000,0,10000,10000,0,0,10000,90000
Azerbaijan,AZE,2009,2420000,0,0,210000,0,10000,10000,0,0,10000,80000
Azerbaijan,AZE,2010,2380000,0,0,220000,0,10000,10000,0,0,10000,90000
Azerbaijan,AZE,2011,2450000,0,0,230000,0,10000,10000,0,0,10000,100000
Azerbaijan,AZE,2012,2530000,0,0,250000,0,10000,10000,0,0,10000,110000
Azerbaijan,AZE,2013,2550000,0,0,10000,0,10000,10000,0,0,10000,129999
Azerbaijan,AZE,2014,2620000,0,0,10000,0,10000,10000,0,0,10000,129999
Azerbaijan,AZE,2015,2970000,0,0,10000,0,10000,10000,0,0,10000,120000
Azerbaijan,AZE,2016,2930000,0,0,10000,0,10000,0,0,0,10000,110000
Azerbaijan,AZE,2017,2840000,0,0,10000,0,10000,0,0,0,0,129999
Azerbaijan,AZE,2018,3100000,0,0,10000,0,10000,0,0,0,0,140000
Azerbaijan,AZE,2019,2850000,0,0,10000,0,10000,10000,0,0,10000,140000
Azerbaijan,AZE,2020,2900000,0,0,10000,10000,10000,0,0,0,10000,120000
Azerbaijan,AZE,2021,2620000,0,0,10000,0,10000,0,0,0,10000,140000
Azerbaijan,AZE,2022,2470000,0,0,10000,0,10000,0,0,0,10000,160000
Azerbaijan,AZE,2023,2630000,0,0,10000,0,10000,10000,0,0,10000,170000
Bahamas,BHS,1990,10000,0,0,0,20000,0,0,,0,0,0
Bahamas,BHS,1991,10000,0,0,0,20000,0,0,,0,0,0
Bahamas,BHS,1992,10000,0,0,0,20000,0,0,,0,0,0
Bahamas,BHS,1993,10000,0,0,0,20000,0,0,,0,0,0
Bahamas,BHS,1994,10000,0,0,0,20000,0,0,,0,0,0
Bahamas,BHS,1995,20000,0,0,0,20000,0,0,,0,0,0
Bahamas,BHS,1996,20000,0,0,0,20000,0,0,,0,0,0
Bahamas,BHS,1997,20000,0,0,0,20000,0,0,,0,0,0
Bahamas,BHS,1998,20000,0,0,0,20000,0,0,,0,0,0
Bahamas,BHS,1999,20000,0,0,0,20000,0,0,,0,0,0
Bahamas,BHS,2000,20000,0,0,0,30000,0,0,,0,0,0
Bahamas,BHS,2001,20000,0,0,0,10000,0,0,,0,0,0
Bahamas,BHS,2002,10000,0,0,0,10000,0,0,,0,0,0
Bahamas,BHS,2003,10000,0,0,0,0,0,0,,0,0,0
Bahamas,BHS,2004,20000,0,0,0,30000,0,0,,0,0,0
Bahamas,BHS,2005,20000,0,0,0,20000,0,0,,0,0,0
Bahamas,BHS,2006,20000,0,0,0,10000,0,0,,0,0,0
Bahamas,BHS,2007,20000,0,0,0,0,0,0,,0,0,0
Bahamas,BHS,2008,20000,0,0,10000,30000,0,0,,0,0,0
Bahamas,BHS,2009,20000,0,0,10000,20000,0,0,,0,0,0
Bahamas,BHS,2010,10000,0,0,10000,10000,0,0,,0,0,0
Bahamas,BHS,2011,20000,0,0,10000,30000,0,0,,0,0,0
Bahamas,BHS,2012,20000,0,0,10000,0,0,0,,0,0,0
Bahamas,BHS,2013,20000,0,0,10000,40000,0,0,,0,0,0
Bahamas,BHS,2014,20000,0,0,10000,10000,0,0,,0,0,0
Bahamas,BHS,2015,20000,0,0,10000,10000,0,0,,0,0,0
Bahamas,BHS,2016,20000,0,0,10000,20000,0,0,,0,0,0
Bahamas,BHS,2017,30000,0,0,10000,40000,0,0,,0,0,0
Bahamas,BHS,2018,30000,0,0,10000,0,0,0,,0,0,0
Bahamas,BHS,2019,20000,0,0,10000,10000,0,0,,0,0,0
Bahamas,BHS,2020,20000,0,0,10000,10000,0,0,,0,0,0
Bahamas,BHS,2021,20000,0,0,10000,10000,0,0,,0,0,0
Bahamas,BHS,2022,10000,0,0,10000,0,0,0,,0,0,0
Bahamas,BHS,2023,10000,0,0,10000,10000,0,0,,0,0,0
Bahrain,BHR,1990,10000,0,0,10000,0,0,0,0,0,10000,20000
Bahrain,BHR,1991,10000,0,0,10000,0,0,0,0,0,10000,20000
Bahrain,BHR,1992,10000,0,0,10000,0,0,0,0,0,10000,20000
Bahrain,BHR,1993,10000,0,0,10000,0,0,0,0,0,10000,20000
Bahrain,BHR,1994,10000,0,0,10000,0,0,0,0,0,10000,20000
Bahrain,BHR,1995,10000,0,0,10000,0,0,0,0,0,10000,20000
Bahrain,BHR,1996,10000,0,0,10000,0,0,0,0,0,10000,20000
Bahrain,BHR,1997,10000,0,0,10000,0,0,0,0,0,10000,30000
Bahrain,BHR,1998,20000,0,0,10000,0,0,0,0,0,10000,30000
Bahrain,BHR,1999,10000,0,0,10000,0,0,0,0,0,10000,30000
Bahrain,BHR,2000,10000,0,0,10000,0,0,0,0,0,10000,30000
Bahrain,BHR,2001,10000,0,0,10000,0,0,0,0,0,10000,30000
Bahrain,BHR,2002,30000,0,0,10000,0,0,0,0,0,10000,30000
Bahrain,BHR,2003,20000,0,0,10000,0,0,0,0,0,10000,40000
Bahrain,BHR,2004,20000,0,0,10000,0,0,0,0,0,10000,40000
Bahrain,BHR,2005,20000,0,0,20000,0,0,0,0,0,10000,50000
Bahrain,BHR,2006,20000,0,0,20000,0,0,0,0,0,10000,50000
Bahrain,BHR,2007,20000,0,0,20000,0,0,0,0,0,10000,50000
Bahrain,BHR,2008,20000,0,0,20000,0,0,0,0,0,20000,60000
Bahrain,BHR,2009,20000,0,0,20000,0,0,0,0,0,20000,60000
Bahrain,BHR,2010,30000,0,0,20000,0,0,0,0,0,20000,60000
Bahrain,BHR,2011,20000,0,0,20000,0,0,0,0,0,10000,50000
Bahrain,BHR,2012,30000,0,0,20000,0,0,0,0,0,10000,60000
Bahrain,BHR,2013,30000,0,0,20000,0,0,0,0,0,10000,60000
Bahrain,BHR,2014,40000,0,0,20000,0,0,0,0,0,10000,60000
Bahrain,BHR,2015,30000,0,0,20000,0,0,0,0,0,10000,70000
Bahrain,BHR,2016,20000,0,0,20000,0,0,0,0,0,10000,70000
Bahrain,BHR,2017,20000,0,0,30000,0,0,0,0,0,10000,70000
Bahrain,BHR,2018,20000,0,0,30000,0,0,0,0,0,10000,70000
Bahrain,BHR,2019,20000,0,0,30000,0,0,0,0,0,10000,70000
Bahrain,BHR,2020,20000,0,0,30000,0,0,0,0,0,10000,60000
Bahrain,BHR,2021,20000,0,0,30000,0,0,0,0,0,10000,70000
Bahrain,BHR,2022,20000,0,0,30000,0,0,0,0,0,10000,70000
Bahrain,BHR,2023,20000,0,0,30000,0,0,0,0,0,10000,80000
Bangladesh,BGD,1990,11970000,1050000,0,820000,50000,0,300000,0,10000,0,40000
Bangladesh,BGD,1991,12660000,1210000,0,830000,50000,0,300000,0,0,0,50000
Bangladesh,BGD,1992,12910000,1370000,0,850000,50000,0,310000,0,0,0,50000
Bangladesh,BGD,1993,13240000,1450000,0,860000,50000,0,310000,0,0,0,50000
Bangladesh,BGD,1994,13920000,1320000,0,880000,50000,0,310000,0,0,0,60000
Bangladesh,BGD,1995,15120000,1320000,0,900000,50000,0,320000,0,10000,0,70000
Bangladesh,BGD,1996,15820000,1250000,0,910000,20000,0,310000,0,10000,0,70000
Bangladesh,BGD,1997,15440000,1150000,0,930000,20000,0,320000,0,10000,0,80000
Bangladesh,BGD,1998,15570000,1330000,0,950000,20000,0,320000,0,0,0,80000
Bangladesh,BGD,1999,16549999,1350000,0,960000,30000,0,330000,0,0,0,80000
Bangladesh,BGD,2000,16500000,1460000,0,980000,20000,0,330000,0,0,0,80000
Bangladesh,BGD,2001,16620001,1490000,0,1020000,80000,0,340000,0,10000,10000,100000
Bangladesh,BGD,2002,16700001,1410000,0,1060000,0,0,350000,0,10000,10000,100000
Bangladesh,BGD,2003,15910000,1560000,0,1100000,40000,0,350000,0,10000,10000,100000
Bangladesh,BGD,2004,15700000,1550000,0,1140000,10000,0,360000,0,10000,10000,110000
Bangladesh,BGD,2005,16110001,1370000,10000,1180000,50000,0,360000,0,10000,10000,110000
Bangladesh,BGD,2006,16830000,1270000,10000,1190000,220000,0,370000,0,10000,10000,120000
Bangladesh,BGD,2007,16790000,1240000,10000,1230000,30000,0,370000,0,10000,10000,120000
Bangladesh,BGD,2008,18500000,1220000,10000,1260000,90000,0,370000,0,10000,10000,129999
Bangladesh,BGD,2009,17930000,1080000,10000,1310000,120000,0,370000,0,10000,10000,129999
Bangladesh,BGD,2010,18270000,760000,10000,1350000,20000,0,370000,0,10000,10000,150000
Bangladesh,BGD,2011,19040000,860000,10000,1380000,20000,0,370000,0,10000,10000,190000
Bangladesh,BGD,2012,18430000,760000,10000,1410000,30000,0,370000,0,20000,10000,200000
Bangladesh,BGD,2013,18540000,740000,10000,1440000,150000,0,370000,0,20000,10000,180000
Bangladesh,BGD,2014,19320000,670000,10000,1470000,129999,0,370000,0,10000,10000,200000
Bangladesh,BGD,2015,19890000,710000,10000,1510000,20000,0,370000,0,20000,10000,210000
Bangladesh,BGD,2016,19070000,720000,10000,1560000,10000,0,360000,0,30000,10000,220000
Bangladesh,BGD,2017,19770000,730000,10000,1600000,0,0,360000,0,40000,10000,250000
Bangladesh,BGD,2018,20360000,740000,10000,1650000,20000,0,350000,0,30000,10000,290000
Bangladesh,BGD,2019,20330000,740000,10000,1700000,10000,0,350000,0,40000,10000,310000
Bangladesh,BGD,2020,20770000,750000,10000,1750000,120000,0,340000,0,50000,10000,290000
Bangladesh,BGD,2021,21870000,760000,10000,1770000,110000,0,340000,0,40000,10000,330000
Bangladesh,BGD,2022,21840000,770000,10000,1790000,10000,0,340000,0,40000,10000,340000
Bangladesh,BGD,2023,21950000,780000,10000,1810000,20000,0,340000,0,30000,10000,340000
Barbados,BRB,1990,40000,0,0,10000,0,0,0,0,0,0,0
Barbados,BRB,1991,40000,0,0,10000,0,0,0,0,0,0,0
Barbados,BRB,1992,40000,0,0,10000,0,0,0,0,0,0,0
Barbados,BRB,1993,40000,0,0,10000,0,0,0,0,0,0,0
Barbados,BRB,1994,40000,0,0,10000,0,0,0,0,0,0,0
Barbados,BRB,1995,40000,0,0,10000,0,0,0,0,0,0,0
Barbados,BRB,1996,40000,0,0,10000,0,0,0,0,0,0,0
Barbados,BRB,1997,40000,0,0,10000,0,0,0,0,0,0,0
Barbados,BRB,1998,40000,0,0,10000,0,0,0,0,0,0,0
Barbados,BRB,1999,40000,0,0,10000,0,0,0,0,0,0,0
Barbados,BRB,2000,40000,0,0,10000,0,0,0,0,0,0,0
Barbados,BRB,2001,30000,0,0,10000,0,0,0,0,0,0,0
Barbados,BRB,2002,30000,0,0,10000,0,0,0,0,0,0,0
Barbados,BRB,2003,30000,0,0,10000,0,0,0,0,0,0,0
Barbados,BRB,2004,40000,0,0,10000,0,0,0,0,0,0,0
Barbados,BRB,2005,30000,0,0,10000,0,0,0,0,0,0,0
Barbados,BRB,2006,30000,0,0,10000,0,0,0,0,0,0,0
Barbados,BRB,2007,30000,0,0,10000,0,0,0,0,0,0,0
Barbados,BRB,2008,30000,0,0,10000,0,0,0,0,0,0,0
Barbados,BRB,2009,30000,0,0,10000,0,0,0,0,0,0,0
Barbados,BRB,2010,30000,0,0,10000,0,0,0,0,0,0,0
Barbados,BRB,2011,30000,0,0,10000,0,0,0,0,0,0,0
Barbados,BRB,2012,30000,0,0,10000,0,0,0,0,0,0,0
Barbados,BRB,2013,30000,0,0,10000,0,0,0,0,0,0,0
Barbados,BRB,2014,30000,0,0,10000,0,0,0,0,0,0,0
Barbados,BRB,2015,30000,0,0,10000,0,0,0,0,0,0,0
Barbados,BRB,2016,30000,0,0,10000,0,0,0,0,0,0,0
Barbados,BRB,2017,30000,0,0,10000,0,0,0,0,0,0,0
Barbados,BRB,2018,30000,0,0,10000,0,0,0,0,0,0,0
Barbados,BRB,2019,30000,0,0,10000,0,0,0,0,0,0,0
Barbados,BRB,2020,30000,0,0,10000,0,0,0,0,0,0,0
Barbados,BRB,2021,30000,0,0,10000,0,0,0,0,0,0,0
Barbados,BRB,2022,30000,0,0,10000,0,0,0,0,0,0,0
Barbados,BRB,2023,30000,0,0,10000,0,0,0,0,0,0,0
Belarus,BLR,1990,17850000,640000,10000,129999,10000,0,40000,10000,10000,0,340000
Belarus,BLR,1991,16800000,610000,10000,129999,10000,0,40000,10000,10000,0,360000
Belarus,BLR,1992,13570000,550000,10000,120000,10000,0,40000,0,10000,0,330000
Belarus,BLR,1993,13280000,440000,10000,120000,10000,0,40000,0,10000,0,370000
Belarus,BLR,1994,12810000,390000,10000,120000,10000,0,40000,0,10000,0,220000
Belarus,BLR,1995,12800000,490000,0,110000,10000,0,40000,0,10000,0,210000
Belarus,BLR,1996,12800000,480000,0,120000,10000,0,40000,0,10000,0,220000
Belarus,BLR,1997,12840000,480000,0,129999,10000,0,30000,0,10000,0,230000
Belarus,BLR,1998,12770000,480000,0,129999,10000,0,30000,0,10000,0,230000
Belarus,BLR,1999,12760000,530000,0,140000,20000,0,40000,0,10000,0,220000
Belarus,BLR,2000,12630000,560000,10000,140000,10000,0,40000,0,0,0,170000
Belarus,BLR,2001,12620000,560000,0,140000,10000,0,40000,0,10000,0,170000
Belarus,BLR,2002,12320000,560000,0,140000,70000,0,40000,0,0,0,160000
Belarus,BLR,2003,12550000,580000,10000,129999,30000,0,40000,0,10000,0,170000
Belarus,BLR,2004,12730000,580000,10000,129999,10000,0,40000,0,10000,0,170000
Belarus,BLR,2005,13040000,580000,10000,140000,0,0,40000,0,10000,0,190000
Belarus,BLR,2006,13450000,610000,10000,140000,20000,0,50000,0,10000,0,210000
Belarus,BLR,2007,13330000,640000,10000,129999,0,0,40000,0,10000,0,220000
Belarus,BLR,2008,13780000,620000,10000,129999,0,0,40000,0,10000,0,250000
Belarus,BLR,2009,13970000,610000,10000,120000,0,0,40000,0,10000,0,200000
Belarus,BLR,2010,13830000,700000,10000,120000,0,0,40000,10000,10000,0,220000
Belarus,BLR,2011,14330000,670000,10000,129999,0,0,40000,0,10000,0,230000
Belarus,BLR,2012,14220000,660000,10000,129999,20000,0,40000,0,10000,0,230000
Belarus,BLR,2013,14020000,670000,10000,129999,0,0,40000,0,10000,0,240000
Belarus,BLR,2014,13650000,660000,10000,140000,30000,0,30000,0,10000,0,220000
Belarus,BLR,2015,13580000,680000,10000,140000,10000,0,30000,0,10000,0,200000
Belarus,BLR,2016,12890000,620000,10000,140000,0,0,30000,0,10000,0,210000
Belarus,BLR,2017,13250000,630000,10000,140000,0,0,30000,0,10000,0,210000
Belarus,BLR,2018,13120000,670000,10000,140000,30000,0,30000,0,10000,0,230000
Belarus,BLR,2019,13130000,760000,10000,140000,0,0,30000,0,10000,0,230000
Belarus,BLR,2020,13490000,830000,10000,140000,20000,0,30000,0,10000,0,200000
Belarus,BLR,2021,13190000,750000,10000,150000,0,0,30000,0,10000,0,200000
Belarus,BLR,2022,13420000,750000,10000,150000,0,0,30000,0,10000,0,190000
Belarus,BLR,2023,13550000,750000,10000,150000,0,0,30000,0,10000,0,190000
Belgium,BEL,1990,3360000,3570000,0,120000,0,0,50000,10000,60000,110000,360000
Belgium,BEL,1991,3370000,3480000,0,120000,0,0,50000,10000,60000,110000,360000
Belgium,BEL,1992,3300000,3200000,10000,129999,0,0,50000,10000,60000,110000,370000
Belgium,BEL,1993,3300000,3410000,10000,129999,0,0,50000,10000,50000,110000,380000
Belgium,BEL,1994,3290000,3850000,10000,120000,0,0,50000,10000,60000,110000,390000
Belgium,BEL,1995,3330000,4159999,10000,120000,0,0,50000,10000,50000,110000,390000
Belgium,BEL,1996,3380000,4540000,10000,120000,0,0,60000,10000,50000,120000,390000
Belgium,BEL,1997,3320000,4260000,10000,120000,0,0,50000,10000,60000,140000,390000
Belgium,BEL,1998,3320000,4310000,10000,120000,0,0,50000,10000,60000,150000,390000
Belgium,BEL,1999,3400000,4179999,10000,120000,0,0,50000,10000,60000,140000,390000
Belgium,BEL,2000,2430000,4040000,10000,110000,0,0,50000,10000,60000,150000,400000
Belgium,BEL,2001,2380000,3890000,10000,110000,0,0,50000,10000,70000,150000,400000
Belgium,BEL,2002,3150000,3520000,10000,110000,0,0,40000,10000,50000,180000,400000
Belgium,BEL,2003,3060000,2860000,10000,110000,0,0,50000,10000,50000,190000,410000
Belgium,BEL,2004,3020000,3010000,10000,110000,0,0,50000,10000,50000,200000,420000
Belgium,BEL,2005,2970000,3020000,10000,110000,0,0,50000,0,50000,200000,410000
Belgium,BEL,2006,2910000,2290000,10000,110000,0,0,50000,0,50000,210000,410000
Belgium,BEL,2007,2970000,1740000,10000,90000,0,0,50000,0,40000,230000,430000
Belgium,BEL,2008,2880000,1730000,10000,90000,0,0,60000,0,50000,240000,420000
Belgium,BEL,2009,3010000,1820000,10000,90000,0,0,50000,0,50000,180000,430000
Belgium,BEL,2010,3080000,2300000,0,90000,0,0,60000,0,60000,200000,460000
Belgium,BEL,2011,3040000,1290000,0,90000,0,0,50000,0,60000,180000,450000
Belgium,BEL,2012,3010000,1330000,0,90000,0,0,60000,0,60000,160000,440000
Belgium,BEL,2013,3000000,1200000,0,90000,0,0,60000,0,60000,160000,430000
Belgium,BEL,2014,3070000,1120000,0,90000,0,0,50000,0,60000,150000,450000
Belgium,BEL,2015,3100000,960000,0,90000,0,0,60000,0,60000,160000,440000
Belgium,BEL,2016,2970000,970000,0,90000,0,0,60000,0,60000,180000,480000
Belgium,BEL,2017,2880000,950000,0,90000,0,0,60000,0,60000,200000,470000
Belgium,BEL,2018,2880000,780000,0,90000,0,0,60000,0,60000,240000,480000
Belgium,BEL,2019,2920000,730000,0,90000,0,0,50000,0,60000,220000,480000
Belgium,BEL,2020,2880000,670000,0,90000,0,0,50000,0,60000,170000,460000
Belgium,BEL,2021,2880000,660000,0,90000,0,0,50000,0,60000,200000,510000
Belgium,BEL,2022,2630000,660000,0,90000,0,0,50000,0,60000,210000,530000
Belgium,BEL,2023,2540000,660000,0,90000,0,0,50000,0,60000,190000,530000
Belize,BLZ,1990,60000,0,,0,40000,0,0,,0,0,0
Belize,BLZ,1991,60000,0,,0,40000,0,0,,0,0,0
Belize,BLZ,1992,70000,0,,0,40000,0,0,,0,0,0
Belize,BLZ,1993,60000,0,,0,40000,0,0,,0,0,0
Belize,BLZ,1994,60000,0,,0,40000,0,0,,0,0,0
Belize,BLZ,1995,50000,0,,0,40000,0,0,,0,0,0
Belize,BLZ,1996,50000,0,,0,20000,0,0,,0,0,0
Belize,BLZ,1997,50000,0,,0,10000,0,0,,0,0,0
Belize,BLZ,1998,50000,0,,0,30000,0,0,,0,0,0
Belize,BLZ,1999,60000,0,,10000,20000,0,0,,0,0,0
Belize,BLZ,2000,60000,0,,10000,30000,0,0,,0,0,0
Belize,BLZ,2001,60000,0,,10000,20000,0,0,,0,0,0
Belize,BLZ,2002,120000,0,,10000,30000,0,0,,0,0,0
Belize,BLZ,2003,170000,0,,10000,140000,0,0,,0,0,0
Belize,BLZ,2004,60000,0,,10000,0,0,0,,0,0,0
Belize,BLZ,2005,80000,0,,10000,50000,0,0,,0,0,0
Belize,BLZ,2006,70000,0,,10000,20000,0,0,,0,0,0
Belize,BLZ,2007,80000,0,,10000,70000,0,0,,0,0,0
Belize,BLZ,2008,70000,0,,10000,30000,0,0,,0,0,0
Belize,BLZ,2009,100000,0,,10000,10000,0,0,,0,0,0
Belize,BLZ,2010,80000,0,,10000,30000,0,0,,0,0,0
Belize,BLZ,2011,110000,0,,10000,200000,0,0,,0,0,0
Belize,BLZ,2012,100000,0,,10000,10000,0,0,,0,0,0
Belize,BLZ,2013,160000,0,,10000,70000,0,0,,0,0,0
Belize,BLZ,2014,170000,0,,10000,10000,0,0,,0,0,0
Belize,BLZ,2015,170000,0,,10000,30000,0,0,,0,0,0
Belize,BLZ,2016,170000,0,,10000,20000,0,0,,0,0,0
Belize,BLZ,2017,150000,0,,10000,50000,0,0,,0,0,0
Belize,BLZ,2018,170000,0,,10000,10000,0,0,,0,0,0
Belize,BLZ,2019,170000,0,,10000,40000,0,0,,0,0,0
Belize,BLZ,2020,170000,0,,10000,90000,0,0,,0,0,0
Belize,BLZ,2021,170000,0,,10000,20000,0,0,0,0,0,0
Belize,BLZ,2022,120000,0,,10000,10000,0,0,0,0,0,0
Belize,BLZ,2023,180000,0,,10000,50000,0,0,0,0,0,0
Benin,BEN,1990,1220000,0,20000,70000,129999,0,20000,0,0,0,0
Benin,BEN,1991,1280000,0,20000,70000,129999,0,20000,0,0,0,0
Benin,BEN,1992,1300000,0,30000,70000,129999,0,30000,0,0,0,0
Benin,BEN,1993,1310000,0,30000,80000,129999,0,30000,0,0,0,0
Benin,BEN,1994,1400000,0,30000,80000,129999,0,30000,0,0,0,0
Benin,BEN,1995,1350000,0,30000,80000,129999,0,30000,0,0,0,0
Benin,BEN,1996,1710000,0,30000,70000,150000,0,30000,0,0,0,10000
Benin,BEN,1997,1800000,0,30000,70000,120000,0,30000,0,0,0,10000
Benin,BEN,1998,1890000,0,30000,60000,310000,0,40000,0,0,0,10000
Benin,BEN,1999,1860000,0,10000,50000,259999,0,50000,0,0,0,20000
Benin,BEN,2000,2000000,0,0,50000,180000,0,50000,0,0,0,20000
Benin,BEN,2001,1560000,0,0,50000,40000,0,50000,0,0,0,20000
Benin,BEN,2002,1850000,0,0,50000,30000,0,50000,0,0,0,20000
Benin,BEN,2003,1650000,0,0,50000,30000,0,50000,0,0,0,30000
Benin,BEN,2004,1590000,0,0,50000,20000,0,50000,0,0,0,30000
Benin,BEN,2005,1940000,0,0,50000,70000,0,60000,0,0,0,30000
Benin,BEN,2006,1740000,0,0,60000,50000,0,60000,0,0,0,40000
Benin,BEN,2007,1800000,0,0,60000,40000,0,60000,0,0,0,50000
Benin,BEN,2008,1600000,0,0,70000,20000,0,70000,0,0,0,50000
Benin,BEN,2009,1690000,0,0,70000,20000,0,70000,0,0,0,50000
Benin,BEN,2010,1710000,0,0,70000,10000,0,60000,0,0,0,60000
Benin,BEN,2011,1760000,0,0,80000,30000,0,60000,0,0,0,60000
Benin,BEN,2012,1800000,0,0,80000,10000,0,60000,0,0,0,60000
Benin,BEN,2013,1900000,0,0,80000,20000,0,60000,0,0,0,70000
Benin,BEN,2014,1890000,0,0,90000,0,0,60000,0,0,0,70000
Benin,BEN,2015,1840000,0,0,90000,10000,0,70000,0,0,0,80000
Benin,BEN,2016,2010000,0,0,90000,10000,0,70000,0,0,0,110000
Benin,BEN,2017,1920000,0,0,90000,20000,0,70000,0,0,0,110000
Benin,BEN,2018,2230000,0,0,90000,10000,0,70000,0,0,0,120000
Benin,BEN,2019,2470000,0,0,100000,20000,0,80000,0,0,0,110000
Benin,BEN,2020,2290000,0,0,100000,20000,0,80000,0,0,0,110000
Benin,BEN,2021,2430000,0,0,100000,0,0,80000,0,0,0,80000
Benin,BEN,2022,2540000,0,0,110000,0,0,80000,0,0,0,90000
Benin,BEN,2023,2730000,0,0,110000,10000,0,80000,0,0,0,110000
Bhutan,BTN,1990,100000,0,0,0,10000,0,0,,0,0,0
Bhutan,BTN,1991,70000,0,0,0,10000,0,0,,0,0,0
Bhutan,BTN,1992,70000,0,0,0,10000,0,0,,0,0,0
Bhutan,BTN,1993,70000,0,0,0,10000,0,0,,0,0,0
Bhutan,BTN,1994,70000,0,0,0,10000,0,0,,0,0,0
Bhutan,BTN,1995,70000,0,0,0,10000,0,0,,0,0,0
Bhutan,BTN,1996,70000,0,0,0,0,0,0,,0,0,0
Bhutan,BTN,1997,70000,0,0,0,0,0,0,,0,0,0
Bhutan,BTN,1998,70000,0,0,0,10000,0,0,,0,0,0
Bhutan,BTN,1999,80000,0,0,0,10000,0,0,,0,0,0
Bhutan,BTN,2000,70000,0,0,0,10000,0,0,,0,0,0
Bhutan,BTN,2001,60000,0,0,0,10000,0,0,,0,0,0
Bhutan,BTN,2002,60000,0,,0,0,0,0,,0,0,0
Bhutan,BTN,2003,70000,0,,0,0,0,0,,0,0,0
Bhutan,BTN,2004,70000,0,,0,10000,0,0,,0,0,0
Bhutan,BTN,2005,80000,0,,0,0,0,0,,0,0,0
Bhutan,BTN,2006,80000,0,,0,10000,0,0,,0,0,0
Bhutan,BTN,2007,80000,0,,0,40000,0,0,,0,0,0
Bhutan,BTN,2008,80000,0,,0,0,0,0,,0,0,0
Bhutan,BTN,2009,80000,0,,0,10000,0,0,,0,0,0
Bhutan,BTN,2010,80000,0,,0,20000,0,0,,0,0,0
Bhutan,BTN,2011,80000,0,,0,10000,0,0,,0,0,0
Bhutan,BTN,2012,80000,0,,0,40000,0,0,,0,0,0
Bhutan,BTN,2013,80000,0,,0,10000,0,0,,0,0,0
Bhutan,BTN,2014,80000,0,,0,20000,0,0,,0,0,0
Bhutan,BTN,2015,80000,0,,0,20000,0,0,,0,0,0
Bhutan,BTN,2016,80000,0,,0,10000,0,0,,0,0,0
Bhutan,BTN,2017,90000,0,,0,10000,0,0,,0,0,0
Bhutan,BTN,2018,90000,0,,0,0,0,0,,0,0,0
Bhutan,BTN,2019,90000,0,,0,0,0,0,,0,0,0
Bhutan,BTN,2020,90000,0,,0,0,0,0,,0,0,0
Bhutan,BTN,2021,80000,0,,0,0,0,0,,0,0,0
Bhutan,BTN,2022,70000,0,,0,10000,0,0,,0,0,0
Bhutan,BTN,2023,70000,0,,0,10000,0,0,,0,0,0
Bolivia,BOL,1990,4330000,0,0,80000,3470000,0,30000,0,10000,0,40000
Bolivia,BOL,1991,4440000,0,0,80000,3470000,0,30000,0,10000,0,50000
Bolivia,BOL,1992,4530000,0,0,90000,3470000,10000,30000,0,10000,0,40000
Bolivia,BOL,1993,4640000,0,0,90000,3470000,10000,30000,0,10000,0,50000
Bolivia,BOL,1994,4770000,0,0,100000,3470000,10000,30000,0,10000,0,50000
Bolivia,BOL,1995,4890000,0,0,100000,3470000,10000,20000,0,10000,0,60000
Bolivia,BOL,1996,4670000,0,0,100000,1530000,10000,20000,0,10000,0,60000
Bolivia,BOL,1997,4840000,0,0,100000,1630000,0,20000,0,10000,0,60000
Bolivia,BOL,1998,5150000,0,0,100000,1620000,0,20000,0,10000,0,60000
Bolivia,BOL,1999,5440000,0,0,110000,2840000,0,20000,0,10000,0,60000
Bolivia,BOL,2000,5170000,0,0,110000,690000,0,10000,0,20000,0,50000
Bolivia,BOL,2001,5110000,0,0,120000,1440000,0,10000,0,20000,0,40000
Bolivia,BOL,2002,5880000,0,0,129999,3250000,0,10000,0,20000,0,50000
Bolivia,BOL,2003,5630000,0,0,129999,1210000,0,10000,0,20000,0,50000
Bolivia,BOL,2004,6360000,0,0,129999,7090000,0,10000,0,20000,0,50000
Bolivia,BOL,2005,6830000,0,0,129999,3340000,0,10000,0,20000,0,60000
Bolivia,BOL,2006,6540000,0,0,140000,3820000,0,10000,0,30000,0,60000
Bolivia,BOL,2007,6510000,0,0,150000,6000000,0,10000,0,30000,0,70000
Bolivia,BOL,2008,6510000,0,0,150000,2410000,0,10000,0,30000,0,80000
Bolivia,BOL,2009,6500000,0,0,160000,1030000,0,10000,0,30000,0,90000
Bolivia,BOL,2010,8069999,0,0,170000,11050000,0,10000,0,30000,0,100000
Bolivia,BOL,2011,7170000,0,0,170000,2480000,0,10000,0,30000,0,110000
Bolivia,BOL,2012,7200000,0,0,180000,1850000,0,0,0,30000,0,120000
Bolivia,BOL,2013,7180000,0,0,190000,760000,0,10000,0,30000,0,129999
Bolivia,BOL,2014,6800000,0,0,200000,460000,0,10000,0,30000,0,150000
Bolivia,BOL,2015,7250000,0,0,210000,1450000,0,0,0,30000,0,150000
Bolivia,BOL,2016,7680000,0,0,210000,1860000,0,0,0,30000,0,160000
Bolivia,BOL,2017,7500000,0,0,220000,980000,0,0,0,30000,0,170000
Bolivia,BOL,2018,7420000,0,0,220000,1130000,0,0,0,30000,0,180000
Bolivia,BOL,2019,8130000,0,0,220000,6400000,0,0,0,30000,0,190000
Bolivia,BOL,2020,8260000,0,0,230000,4210000,0,0,0,30000,0,150000
Bolivia,BOL,2021,8410000,0,0,230000,4820000,0,0,0,20000,0,200000
Bolivia,BOL,2022,8610000,0,0,230000,3190000,0,0,0,30000,0,220000
Bolivia,BOL,2023,9160000,0,0,230000,4260000,0,0,0,30000,0,230000
Bosnia and Herzegovina,BIH,1990,700000,0,10000,0,10000,0,10000,0,20000,0,40000
Bosnia and Herzegovina,BIH,1991,630000,0,10000,0,10000,0,10000,0,20000,0,30000
Bosnia and Herzegovina,BIH,1992,610000,0,10000,0,10000,0,10000,0,10000,0,20000
Bosnia and Herzegovina,BIH,1993,570000,0,10000,0,10000,0,10000,0,10000,0,20000
Bosnia and Herzegovina,BIH,1994,540000,0,0,0,10000,0,10000,0,0,0,20000
Bosnia and Herzegovina,BIH,1995,480000,0,0,0,10000,0,10000,0,0,0,20000
Bosnia and Herzegovina,BIH,1996,420000,0,0,0,0,0,10000,0,0,0,20000
Bosnia and Herzegovina,BIH,1997,510000,0,0,0,0,0,10000,0,0,0,20000
Bosnia and Herzegovina,BIH,1998,650000,0,0,0,20000,0,10000,0,0,0,30000
Bosnia and Herzegovina,BIH,1999,700000,0,0,0,10000,0,10000,0,0,0,20000
Bosnia and Herzegovina,BIH,2000,700000,0,0,0,50000,0,10000,0,10000,0,40000
Bosnia and Herzegovina,BIH,2001,640000,0,0,0,0,0,10000,0,10000,0,40000
Bosnia and Herzegovina,BIH,2002,630000,0,0,0,0,0,10000,0,10000,0,30000
Bosnia and Herzegovina,BIH,2003,600000,0,0,0,20000,0,10000,0,0,0,30000
Bosnia and Herzegovina,BIH,2004,770000,0,0,0,0,0,10000,0,0,0,40000
Bosnia and Herzegovina,BIH,2005,790000,0,10000,0,0,0,10000,0,0,0,40000
Bosnia and Herzegovina,BIH,2006,770000,0,0,0,0,0,10000,0,0,0,50000
Bosnia and Herzegovina,BIH,2007,730000,0,0,0,0,0,10000,0,0,0,50000
Bosnia and Herzegovina,BIH,2008,850000,0,0,0,10000,0,10000,0,0,0,50000
Bosnia and Herzegovina,BIH,2009,970000,0,0,0,0,0,10000,0,0,0,60000
Bosnia and Herzegovina,BIH,2010,950000,0,0,0,0,0,10000,0,0,0,50000
Bosnia and Herzegovina,BIH,2011,1060000,30000,0,0,10000,0,10000,0,0,0,50000
Bosnia and Herzegovina,BIH,2012,1140000,20000,0,0,10000,0,10000,0,0,0,50000
Bosnia and Herzegovina,BIH,2013,1070000,20000,0,0,0,0,10000,0,0,0,40000
Bosnia and Herzegovina,BIH,2014,1160000,20000,0,0,0,0,20000,0,0,0,40000
Bosnia and Herzegovina,BIH,2015,1200000,30000,0,0,0,0,20000,0,0,0,50000
Bosnia and Herzegovina,BIH,2016,1080000,30000,0,0,0,0,20000,0,0,0,50000
Bosnia and Herzegovina,BIH,2017,1070000,30000,0,0,0,0,20000,0,0,0,50000
Bosnia and Herzegovina,BIH,2018,970000,30000,0,0,0,0,50000,0,0,0,50000
Bosnia and Herzegovina,BIH,2019,810000,30000,0,0,0,0,50000,0,0,0,60000
Bosnia and Herzegovina,BIH,2020,930000,30000,0,0,10000,0,60000,0,0,0,50000
Bosnia and Herzegovina,BIH,2021,740000,30000,0,0,0,0,50000,0,0,0,60000
Bosnia and Herzegovina,BIH,2022,730000,30000,0,0,0,0,60000,0,0,0,60000
Bosnia and Herzegovina,BIH,2023,570000,30000,0,0,0,0,60000,0,0,0,60000
Botswana,BWA,1990,4170000,0,0,10000,10000,0,20000,0,0,0,10000
Botswana,BWA,1991,3940000,0,0,10000,10000,0,20000,0,0,0,20000
Botswana,BWA,1992,3840000,0,0,10000,10000,0,20000,0,0,0,20000
Botswana,BWA,1993,3740000,0,0,10000,10000,0,20000,0,0,0,20000
Botswana,BWA,1994,3860000,0,0,10000,10000,0,20000,0,0,0,20000
Botswana,BWA,1995,4130000,0,0,10000,10000,0,20000,0,0,0,20000
Botswana,BWA,1996,4670000,0,0,20000,60000,0,20000,0,0,0,20000
Botswana,BWA,1997,4400000,0,0,20000,50000,0,20000,0,0,0,20000
Botswana,BWA,1998,3940000,0,0,20000,70000,0,20000,0,0,0,20000
Botswana,BWA,1999,3830000,0,0,20000,50000,0,20000,0,0,0,30000
Botswana,BWA,2000,3640000,0,0,20000,10000,0,20000,0,0,0,30000
Botswana,BWA,2001,5070000,0,0,20000,0,0,30000,0,0,0,30000
Botswana,BWA,2002,5250000,0,0,20000,0,0,20000,0,0,0,30000
Botswana,BWA,2003,1550000,0,0,20000,0,0,20000,0,0,0,30000
Botswana,BWA,2004,1730000,0,0,20000,0,0,20000,0,0,0,30000
Botswana,BWA,2005,2290000,0,0,20000,0,0,20000,0,0,0,30000
Botswana,BWA,2006,3300000,0,0,20000,0,0,20000,0,0,0,30000
Botswana,BWA,2007,2440000,0,0,20000,0,0,20000,0,0,0,30000
Botswana,BWA,2008,6720000,0,0,20000,0,0,20000,0,0,0,40000
Botswana,BWA,2009,2210000,0,0,20000,0,0,20000,0,0,0,30000
Botswana,BWA,2010,8060000,0,0,20000,0,0,20000,0,0,0,40000
Botswana,BWA,2011,10540000,0,0,20000,0,0,20000,0,0,0,40000
Botswana,BWA,2012,3950000,0,0,20000,0,0,20000,0,10000,0,40000
Botswana,BWA,2013,3280000,0,0,20000,0,0,20000,0,0,0,40000
Botswana,BWA,2014,2050000,0,0,20000,0,0,30000,0,0,0,40000
Botswana,BWA,2015,1780000,0,0,20000,0,0,30000,0,0,0,40000
Botswana,BWA,2016,1390000,0,0,20000,0,0,30000,0,0,0,40000
Botswana,BWA,2017,2960000,0,0,20000,0,0,30000,0,0,0,40000
Botswana,BWA,2018,1920000,0,0,20000,0,0,30000,0,0,0,50000
Botswana,BWA,2019,1039999,0,0,30000,0,0,30000,0,0,0,50000
Botswana,BWA,2020,2560000,0,0,30000,0,0,30000,0,0,0,40000
Botswana,BWA,2021,6360000,0,0,30000,0,0,30000,0,0,0,40000
Botswana,BWA,2022,4830000,0,0,30000,0,0,30000,0,0,0,50000
Botswana,BWA,2023,6480000,0,0,30000,0,0,30000,0,0,0,50000
Brazil,BRA,1990,86820000,2830000,120000,1140000,5890000,60000,380000,310000,840000,20000,1720000
Brazil,BRA,1991,89430000,3570000,120000,1170000,5890000,60000,370000,350000,820000,30000,1820000
Brazil,BRA,1992,91080000,3330000,110000,1200000,5890000,60000,370000,330000,840000,30000,1870000
Brazil,BRA,1993,92520000,4280000,110000,1230000,5890000,60000,330000,320000,880000,30000,1950000
Brazil,BRA,1994,95310000,4320000,110000,1250000,5890000,60000,320000,350000,960000,40000,2050000
Brazil,BRA,1995,96560000,4620000,110000,1280000,5890000,60000,290000,330000,950000,40000,2250000
Brazil,BRA,1996,91230000,3610000,110000,1310000,2790000,60000,290000,350000,960000,50000,2460000
Brazil,BRA,1997,94280000,3210000,120000,1360000,3410000,60000,290000,400000,990000,60000,2620000
Brazil,BRA,1998,98760000,5050000,110000,1410000,6030000,60000,300000,350000,1050000,60000,2730000
Brazil,BRA,1999,98990000,5030000,110000,1470000,4620000,60000,310000,320000,1130000,80000,2720000
Brazil,BRA,2000,98740000,5280000,100000,1510000,680000,60000,310000,259999,1080000,80000,2680000
Brazil,BRA,2001,104650000,4310000,110000,1530000,3950000,60000,330000,270000,1130000,90000,2720000
Brazil,BRA,2002,112470000,5380000,110000,1610000,7900000,60000,360000,300000,1200000,100000,2850000
Brazil,BRA,2003,117510000,4930000,120000,1690000,7030000,60000,370000,340000,1300000,90000,2860000
Brazil,BRA,2004,124510000,6890000,129999,1720000,8380000,60000,380000,350000,1400000,90000,3030000
Brazil,BRA,2005,124170000,6050000,129999,1750000,10550000,60000,390000,370000,1420000,100000,3080000
Brazil,BRA,2006,121850000,6570000,129999,1780000,4610000,60000,390000,410000,1530000,100000,2970000
Brazil,BRA,2007,131890000,780000,140000,1810000,11840000,60000,370000,490000,1620000,110000,3260000
Brazil,BRA,2008,126140000,600000,150000,1840000,4020000,60000,360000,610000,1610000,129999,3610000
Brazil,BRA,2009,123220000,270000,140000,1880000,1560000,60000,360000,570000,1550000,120000,3670000
Brazil,BRA,2010,137640000,250000,150000,1910000,12040000,60000,340000,580000,1710000,129999,4240000
Brazil,BRA,2011,137110000,240000,150000,1960000,2820000,60000,310000,480000,1720000,140000,4530000
Brazil,BRA,2012,137630000,240000,150000,2010000,5650000,60000,310000,490000,1750000,129999,4790000
Brazil,BRA,2013,137760000,230000,160000,2060000,1580000,60000,270000,560000,1740000,129999,5110000
Brazil,BRA,2014,143370000,230000,160000,2110000,3330000,60000,290000,570000,1700000,129999,5380000
Brazil,BRA,2015,140990000,230000,170000,2170000,6480000,60000,300000,600000,1670000,140000,5300000
Brazil,BRA,2016,140790000,220000,160000,2180000,4820000,60000,290000,560000,1730000,129999,5230000
Brazil,BRA,2017,148350000,230000,180000,2200000,7360000,60000,310000,540000,1750000,120000,5400000
Brazil,BRA,2018,144250000,240000,180000,2210000,2170000,60000,340000,650000,1600000,120000,5330000
Brazil,BRA,2019,150290000,250000,190000,2200000,6220000,60000,330000,680000,1580000,129999,5490000
Brazil,BRA,2020,158040000,259999,190000,2210000,9660000,60000,340000,640000,1820000,100000,5260000
Brazil,BRA,2021,164340000,270000,190000,2220000,4910000,60000,350000,580000,1730000,90000,5650000
Brazil,BRA,2022,169110000,280000,190000,2230000,5910000,60000,350000,550000,1830000,110000,5890000
Brazil,BRA,2023,170610000,290000,200000,2240000,4730000,60000,350000,610000,1990000,110000,6270000
Brunei,BRN,1990,30000,0,0,10000,0,0,0,0,0,0,10000
Brunei,BRN,1991,30000,0,0,10000,0,0,0,0,0,0,10000
Brunei,BRN,1992,30000,0,0,10000,0,0,0,0,0,0,10000
Brunei,BRN,1993,30000,0,0,10000,0,0,0,0,0,0,10000
Brunei,BRN,1994,30000,0,0,10000,0,0,0,0,0,0,10000
Brunei,BRN,1995,30000,0,0,10000,0,0,0,0,0,0,20000
Brunei,BRN,1996,30000,0,0,10000,0,0,0,0,0,0,20000
Brunei,BRN,1997,40000,0,0,10000,10000,0,0,0,0,0,20000
Brunei,BRN,1998,40000,0,0,10000,70000,0,0,0,0,0,20000
Brunei,BRN,1999,50000,0,0,10000,0,0,0,0,0,0,20000
Brunei,BRN,2000,50000,0,0,10000,0,0,0,0,0,0,20000
Brunei,BRN,2001,50000,0,0,10000,0,0,0,0,0,0,20000
Brunei,BRN,2002,50000,0,0,10000,0,0,0,0,0,0,20000
Brunei,BRN,2003,60000,0,0,10000,0,0,0,0,0,0,20000
Brunei,BRN,2004,60000,0,0,10000,0,0,0,0,0,0,20000
Brunei,BRN,2005,60000,0,0,10000,0,0,0,0,0,0,20000
Brunei,BRN,2006,60000,0,0,10000,0,0,0,0,0,0,20000
Brunei,BRN,2007,70000,0,0,10000,0,0,0,0,0,0,20000
Brunei,BRN,2008,70000,0,0,10000,0,0,0,0,0,0,20000
Brunei,BRN,2009,60000,0,0,10000,0,0,0,0,0,0,20000
Brunei,BRN,2010,70000,0,0,10000,0,0,0,0,0,0,20000
Brunei,BRN,2011,70000,0,0,10000,0,0,0,0,0,0,20000
Brunei,BRN,2012,70000,0,0,10000,0,0,0,0,0,0,20000
Brunei,BRN,2013,80000,0,0,10000,0,0,0,0,0,0,20000
Brunei,BRN,2014,70000,0,0,10000,0,0,0,0,0,0,30000
Brunei,BRN,2015,70000,0,0,10000,0,0,0,0,0,0,30000
Brunei,BRN,2016,80000,0,0,10000,0,0,0,0,0,0,30000
Brunei,BRN,2017,70000,0,0,10000,0,0,0,0,0,0,30000
Brunei,BRN,2018,80000,0,0,10000,0,0,0,0,0,0,30000
Brunei,BRN,2019,70000,0,0,10000,0,0,0,0,0,0,30000
Brunei,BRN,2020,80000,0,0,10000,0,0,0,0,0,0,20000
Brunei,BRN,2021,90000,0,0,10000,0,0,0,0,0,0,20000
Brunei,BRN,2022,90000,0,0,10000,0,0,0,0,0,0,20000
Brunei,BRN,2023,90000,0,0,10000,0,0,0,0,0,0,20000
Bulgaria,BGR,1990,5400000,1490000,0,180000,0,0,30000,0,20000,10000,150000
Bulgaria,BGR,1991,4900000,1039999,0,170000,0,0,20000,0,10000,10000,80000
Bulgaria,BGR,1992,3450000,880000,0,160000,0,0,20000,0,10000,10000,100000
Bulgaria,BGR,1993,2900000,780000,0,160000,0,0,20000,0,10000,10000,110000
Bulgaria,BGR,1994,2910000,840000,0,150000,0,0,20000,0,10000,10000,100000
Bulgaria,BGR,1995,2300000,1230000,0,160000,0,0,20000,0,10000,10000,100000
Bulgaria,BGR,1996,2360000,1270000,0,150000,0,0,20000,0,10000,10000,90000
Bulgaria,BGR,1997,2430000,950000,0,150000,0,0,20000,0,20000,0,80000
Bulgaria,BGR,1998,2250000,590000,0,160000,0,0,30000,0,20000,0,100000
Bulgaria,BGR,1999,2150000,490000,0,150000,0,0,20000,0,10000,0,100000
Bulgaria,BGR,2000,2280000,730000,0,150000,10000,0,30000,0,10000,0,90000
Bulgaria,BGR,2001,2450000,730000,0,140000,0,0,30000,0,20000,0,90000
Bulgaria,BGR,2002,2950000,610000,0,140000,0,0,30000,0,20000,10000,90000
Bulgaria,BGR,2003,3010000,630000,0,129999,0,0,30000,0,20000,10000,100000
Bulgaria,BGR,2004,2800000,750000,0,129999,0,10000,30000,0,20000,10000,100000
Bulgaria,BGR,2005,2400000,800000,0,129999,0,0,30000,0,20000,10000,110000
Bulgaria,BGR,2006,2100000,440000,0,129999,0,0,30000,0,20000,10000,110000
Bulgaria,BGR,2007,2330000,540000,0,120000,10000,0,30000,0,20000,10000,110000
Bulgaria,BGR,2008,2530000,519999,0,129999,0,0,30000,0,10000,10000,120000
Bulgaria,BGR,2009,2800000,250000,0,129999,0,0,30000,0,10000,10000,110000
Bulgaria,BGR,2010,2720000,250000,0,129999,10000,0,40000,0,10000,10000,110000
Bulgaria,BGR,2011,3290000,220000,0,129999,0,0,40000,0,10000,10000,110000
Bulgaria,BGR,2012,2580000,140000,0,129999,0,0,40000,0,10000,10000,129999
Bulgaria,BGR,2013,2910000,120000,0,129999,0,0,40000,0,20000,10000,120000
Bulgaria,BGR,2014,2960000,120000,0,129999,0,0,40000,0,20000,10000,129999
Bulgaria,BGR,2015,3090000,129999,0,120000,0,0,40000,0,20000,10000,150000
Bulgaria,BGR,2016,3300000,110000,0,129999,0,0,40000,0,20000,10000,150000
Bulgaria,BGR,2017,3270000,90000,0,129999,0,0,40000,0,20000,10000,150000
Bulgaria,BGR,2018,3210000,110000,0,120000,0,0,40000,0,20000,10000,150000
Bulgaria,BGR,2019,3310000,90000,0,120000,0,0,40000,0,20000,10000,160000
Bulgaria,BGR,2020,3280000,80000,0,120000,0,10000,40000,0,20000,0,150000
Bulgaria,BGR,2021,3260000,80000,0,120000,0,0,40000,0,20000,10000,160000
Bulgaria,BGR,2022,3140000,80000,0,120000,0,0,40000,0,20000,10000,170000
Bulgaria,BGR,2023,3160000,80000,0,120000,0,0,30000,0,20000,10000,170000
Burkina Faso,BFA,1990,3740000,0,0,120000,170000,0,40000,0,0,0,10000
Burkina Faso,BFA,1991,3920000,0,0,120000,170000,0,50000,0,0,0,10000
Burkina Faso,BFA,1992,4000000,0,0,129999,170000,0,50000,0,0,0,10000
Burkina Faso,BFA,1993,4070000,0,0,129999,170000,0,50000,0,0,0,10000
Burkina Faso,BFA,1994,4159999,0,0,129999,170000,0,50000,0,0,0,10000
Burkina Faso,BFA,1995,4260000,0,0,129999,170000,0,50000,0,0,0,10000
Burkina Faso,BFA,1996,4540000,0,0,129999,270000,0,40000,0,0,0,10000
Burkina Faso,BFA,1997,4760000,0,0,129999,250000,0,50000,0,0,0,10000
Burkina Faso,BFA,1998,4820000,0,0,129999,400000,0,50000,0,0,0,10000
Burkina Faso,BFA,1999,4960000,0,0,129999,300000,0,30000,0,0,0,10000
Burkina Faso,BFA,2000,5380000,0,0,129999,350000,0,30000,0,0,0,10000
Burkina Faso,BFA,2001,4870000,0,0,129999,0,0,40000,0,0,0,10000
Burkina Faso,BFA,2002,5180000,0,0,129999,0,0,40000,0,0,0,10000
Burkina Faso,BFA,2003,6310000,0,0,129999,0,0,50000,0,0,0,10000
Burkina Faso,BFA,2004,6520000,0,0,120000,0,0,60000,0,0,0,10000
Burkina Faso,BFA,2005,6770000,0,0,120000,0,0,60000,0,0,0,10000
Burkina Faso,BFA,2006,6590000,0,0,120000,0,0,70000,0,0,0,10000
Burkina Faso,BFA,2007,6710000,0,0,120000,0,0,80000,0,0,0,20000
Burkina Faso,BFA,2008,6830000,0,0,120000,0,0,90000,0,0,0,20000
Burkina Faso,BFA,2009,6980000,0,0,129999,0,0,90000,0,0,0,20000
Burkina Faso,BFA,2010,7290000,0,0,129999,0,0,100000,0,0,0,30000
Burkina Faso,BFA,2011,7280000,0,0,140000,0,0,110000,0,0,0,20000
Burkina Faso,BFA,2012,7330000,0,0,140000,0,0,110000,0,0,0,30000
Burkina Faso,BFA,2013,7590000,0,0,140000,0,0,120000,0,0,0,30000
Burkina Faso,BFA,2014,7650000,0,0,150000,0,0,120000,0,0,0,30000
Burkina Faso,BFA,2015,7710000,0,0,150000,0,0,129999,0,0,0,30000
Burkina Faso,BFA,2016,8140000,0,0,150000,0,0,129999,0,0,0,40000
Burkina Faso,BFA,2017,8160000,0,0,150000,0,0,140000,0,0,0,50000
Burkina Faso,BFA,2018,8250000,0,0,170000,0,0,150000,0,0,0,60000
Burkina Faso,BFA,2019,8270000,0,0,180000,0,0,140000,0,0,0,50000
Burkina Faso,BFA,2020,6930000,0,0,190000,0,0,160000,0,0,0,50000
Burkina Faso,BFA,2021,7600000,0,0,190000,0,0,150000,0,0,0,60000
Burkina Faso,BFA,2022,7710000,0,0,200000,0,0,150000,0,0,0,70000
Burkina Faso,BFA,2023,8180000,0,0,200000,0,0,160000,0,0,0,70000
Burundi,BDI,1990,540000,0,,90000,0,0,0,,0,0,0
Burundi,BDI,1991,530000,0,,90000,0,0,0,,0,0,0
Burundi,BDI,1992,540000,0,,100000,0,0,0,,0,0,0
Burundi,BDI,1993,530000,0,,90000,0,0,0,,0,0,0
Burundi,BDI,1994,480000,0,,90000,0,0,0,,0,0,0
Burundi,BDI,1995,510000,0,,100000,0,0,0,,0,0,0
Burundi,BDI,1996,500000,0,,100000,10000,0,0,,0,0,0
Burundi,BDI,1997,510000,0,,100000,0,0,0,,0,0,0
Burundi,BDI,1998,480000,0,,100000,0,0,0,,0,0,0
Burundi,BDI,1999,500000,0,,100000,10000,0,0,,0,0,0
Burundi,BDI,2000,500000,0,,110000,0,0,0,,0,0,0
Burundi,BDI,2001,510000,0,,110000,0,0,0,,0,0,0
Burundi,BDI,2002,490000,0,,110000,0,0,0,,0,0,0
Burundi,BDI,2003,500000,0,,120000,0,0,0,,0,0,0
Burundi,BDI,2004,519999,0,,120000,0,0,0,,0,0,0
Burundi,BDI,2005,540000,0,,129999,0,0,0,,0,0,0
Burundi,BDI,2006,580000,0,,129999,0,0,0,,0,0,0
Burundi,BDI,2007,590000,0,,129999,0,0,0,,0,0,0
Burundi,BDI,2008,630000,0,,129999,0,0,0,,0,0,0
Burundi,BDI,2009,670000,0,,140000,0,0,0,,0,0,0
Burundi,BDI,2010,740000,0,,140000,10000,0,0,,0,0,0
Burundi,BDI,2011,800000,0,,140000,0,0,0,,0,0,0
Burundi,BDI,2012,830000,0,,150000,0,0,0,,0,0,0
Burundi,BDI,2013,950000,0,,150000,0,0,0,,0,0,0
Burundi,BDI,2014,950000,0,,160000,0,0,0,,0,0,0
Burundi,BDI,2015,930000,0,,160000,0,0,0,,0,0,0
Burundi,BDI,2016,1050000,0,,170000,0,0,0,,0,0,0
Burundi,BDI,2017,1240000,0,,180000,0,0,0,,0,0,0
Burundi,BDI,2018,1270000,0,,180000,0,0,0,,0,0,0
Burundi,BDI,2019,1320000,0,,190000,0,0,0,,0,0,0
Burundi,BDI,2020,1180000,0,,190000,0,0,0,,0,0,0
Burundi,BDI,2021,1550000,0,,200000,0,0,0,,0,0,0
Burundi,BDI,2022,1610000,0,,200000,0,0,0,,0,0,0
Burundi,BDI,2023,1570000,0,,210000,0,0,0,,0,0,0
Cambodia,KHM,1990,2330000,0,0,90000,2069999,0,0,0,0,0,0
Cambodia,KHM,1991,2370000,0,0,100000,2069999,0,0,0,0,0,0
Cambodia,KHM,1992,2530000,0,0,100000,2069999,0,0,0,0,0,0
Cambodia,KHM,1993,2610000,0,0,110000,2069999,0,0,0,0,0,0
Cambodia,KHM,1994,2570000,0,0,110000,2069999,0,0,0,0,0,0
Cambodia,KHM,1995,2710000,0,0,90000,2069999,0,70000,0,20000,0,20000
Cambodia,KHM,1996,2890000,0,0,80000,110000,0,70000,0,20000,0,30000
Cambodia,KHM,1997,2820000,0,0,60000,370000,0,70000,0,20000,0,30000
Cambodia,KHM,1998,2710000,0,0,50000,1170000,0,70000,0,20000,0,30000
Cambodia,KHM,1999,3040000,0,0,30000,780000,0,70000,0,30000,0,30000
Cambodia,KHM,2000,2750000,0,0,10000,650000,0,70000,0,30000,0,30000
Cambodia,KHM,2001,2650000,0,0,10000,1490000,0,80000,0,30000,0,40000
Cambodia,KHM,2002,2770000,0,0,10000,2760000,0,80000,0,30000,0,30000
Cambodia,KHM,2003,2890000,0,0,10000,3250000,0,80000,0,30000,0,30000
Cambodia,KHM,2004,3000000,0,0,20000,3790000,0,80000,0,30000,0,40000
Cambodia,KHM,2005,2890000,0,0,20000,2460000,0,80000,0,30000,0,40000
Cambodia,KHM,2006,3210000,0,0,20000,3500000,0,80000,0,30000,0,40000
Cambodia,KHM,2007,3320000,0,0,20000,3450000,0,80000,0,30000,0,50000
Cambodia,KHM,2008,3320000,0,0,20000,3050000,0,80000,0,30000,0,50000
Cambodia,KHM,2009,3510000,0,0,20000,3020000,0,80000,0,30000,0,70000
Cambodia,KHM,2010,3450000,0,0,20000,2320000,0,80000,0,30000,0,80000
Cambodia,KHM,2011,3590000,0,0,20000,3480000,0,80000,0,30000,0,80000
Cambodia,KHM,2012,3420000,0,0,20000,2490000,0,80000,0,30000,0,90000
Cambodia,KHM,2013,3380000,0,0,20000,2740000,0,80000,0,40000,0,90000
Cambodia,KHM,2014,3400000,0,0,20000,2500000,0,80000,0,40000,0,90000
Cambodia,KHM,2015,3630000,0,0,20000,2580000,0,80000,0,40000,0,100000
Cambodia,KHM,2016,3370000,0,0,20000,2370000,0,80000,0,40000,0,110000
Cambodia,KHM,2017,3900000,0,0,20000,2140000,0,70000,0,50000,0,120000
Cambodia,KHM,2018,4020000,0,0,20000,1740000,0,70000,0,50000,0,129999
Cambodia,KHM,2019,3810000,0,0,20000,1460000,0,70000,0,60000,0,160000
Cambodia,KHM,2020,3740000,0,0,20000,1620000,0,60000,0,60000,0,170000
Cambodia,KHM,2021,3890000,0,0,20000,1670000,0,60000,0,60000,0,190000
Cambodia,KHM,2022,3520000,0,0,20000,880000,0,50000,0,70000,0,200000
Cambodia,KHM,2023,3920000,0,0,20000,930000,0,50000,0,70000,0,210000
Cameroon,CMR,1990,3990000,0,0,350000,480000,0,160000,0,0,0,30000
Cameroon,CMR,1991,3940000,0,0,360000,480000,0,160000,0,0,0,30000
Cameroon,CMR,1992,3960000,0,0,370000,480000,0,170000,0,0,0,30000
Cameroon,CMR,1993,3950000,0,0,380000,480000,0,170000,0,0,0,30000
Cameroon,CMR,1994,3990000,0,0,390000,480000,0,180000,0,0,0,30000
Cameroon,CMR,1995,3990000,0,0,370000,480000,0,180000,0,0,0,30000
Cameroon,CMR,1996,4240000,0,0,350000,410000,0,190000,0,0,0,30000
Cameroon,CMR,1997,4400000,0,0,330000,390000,0,190000,0,0,0,30000
Cameroon,CMR,1998,4890000,0,0,310000,930000,0,200000,0,0,0,30000
Cameroon,CMR,1999,4850000,0,0,290000,680000,0,210000,0,0,0,30000
Cameroon,CMR,2000,5480000,0,0,270000,530000,0,210000,0,0,0,30000
Cameroon,CMR,2001,5000000,0,0,280000,400000,0,210000,0,0,0,30000
Cameroon,CMR,2002,5010000,0,0,290000,380000,0,230000,0,0,0,30000
Cameroon,CMR,2003,5630000,0,0,300000,1140000,0,230000,0,0,0,40000
Cameroon,CMR,2004,4970000,0,0,320000,510000,0,240000,0,0,0,40000
Cameroon,CMR,2005,5650000,0,0,340000,1080000,0,250000,0,0,0,40000
Cameroon,CMR,2006,5130000,0,0,360000,380000,0,210000,0,0,0,40000
Cameroon,CMR,2007,5000000,0,0,370000,390000,0,180000,0,0,0,40000
Cameroon,CMR,2008,4820000,0,0,410000,550000,0,180000,0,0,0,40000
Cameroon,CMR,2009,4670000,0,0,440000,350000,0,190000,0,0,0,50000
Cameroon,CMR,2010,4880000,0,0,460000,490000,0,190000,0,0,0,50000
Cameroon,CMR,2011,4790000,0,0,480000,460000,0,190000,0,0,0,50000
Cameroon,CMR,2012,4710000,0,0,490000,390000,0,200000,0,0,0,60000
Cameroon,CMR,2013,4840000,0,0,510000,390000,0,210000,0,0,0,60000
Cameroon,CMR,2014,4920000,0,0,519999,210000,0,220000,0,0,0,60000
Cameroon,CMR,2015,4970000,0,0,540000,230000,0,230000,0,0,0,60000
Cameroon,CMR,2016,5030000,0,0,550000,370000,0,240000,0,0,0,60000
Cameroon,CMR,2017,4980000,0,0,560000,330000,0,240000,0,0,0,60000
Cameroon,CMR,2018,4930000,0,0,570000,259999,0,250000,0,0,0,60000
Cameroon,CMR,2019,4890000,0,0,580000,550000,0,259999,0,0,0,60000
Cameroon,CMR,2020,5070000,0,0,590000,760000,0,259999,0,0,0,60000
Cameroon,CMR,2021,5050000,0,0,610000,330000,0,270000,0,0,0,60000
Cameroon,CMR,2022,5060000,0,0,630000,440000,0,280000,0,0,0,60000
Cameroon,CMR,2023,4930000,0,0,640000,290000,0,290000,0,0,0,70000
Canada,CAN,1990,23880000,10190000,10000,700000,990000,140000,240000,30000,340000,40000,2650000
Canada,CAN,1991,24320000,9610000,10000,730000,990000,140000,240000,30000,340000,40000,2540000
Canada,CAN,1992,24710000,9560000,10000,750000,990000,210000,230000,30000,350000,40000,2590000
Canada,CAN,1993,25270000,8810000,10000,760000,990000,250000,240000,30000,340000,40000,2640000
Canada,CAN,1994,25330000,10350000,20000,820000,990000,270000,240000,30000,400000,40000,2750000
Canada,CAN,1995,26650000,10210000,20000,810000,990000,270000,230000,40000,420000,40000,2730000
Canada,CAN,1996,27930000,10950000,20000,840000,1970000,270000,230000,40000,400000,40000,2760000
Canada,CAN,1997,27320000,9560000,20000,860000,1000000,270000,220000,40000,390000,40000,2840000
Canada,CAN,1998,28190000,5500000,20000,890000,3780000,280000,230000,40000,400000,50000,2880000
Canada,CAN,1999,27970000,2850000,20000,940000,1580000,290000,220000,40000,430000,50000,2980000
Canada,CAN,2000,27010000,2200000,20000,940000,810000,290000,150000,40000,450000,50000,3000000
Canada,CAN,2001,26530000,2170000,20000,950000,50000,300000,140000,50000,410000,50000,2980000
Canada,CAN,2002,27150000,2500000,10000,950000,240000,290000,140000,50000,440000,40000,3100000
Canada,CAN,2003,27720000,2380000,10000,950000,590000,300000,140000,50000,460000,30000,3170000
Canada,CAN,2004,27850000,4070000,10000,960000,400000,280000,140000,50000,519999,80000,3190000
Canada,CAN,2005,29150000,3680000,30000,950000,230000,290000,140000,60000,480000,90000,3260000
Canada,CAN,2006,26740000,2400000,30000,970000,350000,290000,140000,60000,460000,90000,3280000
Canada,CAN,2007,30050000,2530000,30000,990000,180000,280000,160000,70000,440000,90000,3520000
Canada,CAN,2008,29450000,3050000,40000,1000000,70000,290000,160000,60000,400000,90000,3570000
Canada,CAN,2009,28640000,1240000,30000,1000000,210000,290000,160000,70000,370000,80000,3340000
Canada,CAN,2010,29310000,650000,30000,990000,470000,280000,140000,70000,350000,80000,3610000
Canada,CAN,2011,31480000,640000,30000,990000,440000,290000,150000,70000,340000,80000,3750000
Canada,CAN,2012,33419998,570000,30000,1020000,580000,259999,140000,80000,330000,90000,3770000
Canada,CAN,2013,32990002,560000,30000,1020000,580000,250000,160000,80000,350000,90000,3840000
Canada,CAN,2014,32480000,480000,40000,1050000,380000,320000,160000,80000,360000,90000,3830000
Canada,CAN,2015,32390000,510000,40000,1060000,1380000,270000,160000,80000,340000,90000,3780000
Canada,CAN,2016,31730000,590000,40000,1160000,490000,270000,150000,80000,320000,100000,3750000
Canada,CAN,2017,32099998,650000,40000,1200000,630000,250000,150000,80000,350000,100000,3950000
Canada,CAN,2018,33720000,710000,40000,1260000,1540000,270000,150000,80000,350000,120000,4060000
Canada,CAN,2019,32669998,700000,40000,1300000,680000,270000,140000,90000,350000,120000,3990000
Canada,CAN,2020,35340000,660000,40000,1320000,100000,240000,129999,80000,310000,50000,3440000
Canada,CAN,2021,33650000,690000,40000,1330000,1470000,259999,120000,80000,330000,50000,3580000
Canada,CAN,2022,33850000,700000,40000,1340000,420000,259999,129999,90000,340000,90000,3730000
Canada,CAN,2023,37600000,700000,40000,1350000,6450000,259999,120000,90000,310000,100000,3800000
Cape Verde,CPV,1990,40000,0,,0,0,0,0,,0,0,0
Cape Verde,CPV,1991,50000,0,,0,0,0,0,,0,0,0
Cape Verde,CPV,1992,70000,0,,0,0,0,0,,0,0,0
Cape Verde,CPV,1993,70000,0,,0,0,0,0,,0,0,0
Cape Verde,CPV,1994,50000,0,,0,0,0,0,,0,0,0
Cape Verde,CPV,1995,70000,0,,0,0,0,0,,0,0,0
Cape Verde,CPV,1996,50000,0,,0,0,0,0,,0,0,0
Cape Verde,CPV,1997,60000,0,,0,0,0,0,,0,0,0
Cape Verde,CPV,1998,60000,0,,0,0,0,0,,0,0,0
Cape Verde,CPV,1999,70000,0,,0,0,0,0,,0,0,0
Cape Verde,CPV,2000,60000,0,,0,0,0,0,,0,0,0
Cape Verde,CPV,2001,60000,0,,0,0,0,0,,0,0,0
Cape Verde,CPV,2002,60000,0,,0,0,0,0,,0,0,0
Cape Verde,CPV,2003,60000,0,,0,0,0,0,,0,0,0
Cape Verde,CPV,2004,60000,0,,0,0,0,0,,0,0,0
Cape Verde,CPV,2005,50000,0,,0,0,0,0,,0,0,0
Cape Verde,CPV,2006,50000,0,,0,0,0,0,,0,0,0
Cape Verde,CPV,2007,50000,0,,0,0,0,0,,0,0,0
Cape Verde,CPV,2008,50000,0,,0,0,0,0,,0,0,0
Cape Verde,CPV,2009,50000,0,,0,0,0,0,,0,0,0
Cape Verde,CPV,2010,50000,0,,0,0,0,0,,0,0,0
Cape Verde,CPV,2011,50000,0,,0,0,0,0,,0,0,0
Cape Verde,CPV,2012,50000,0,,0,0,0,0,,0,0,0
Cape Verde,CPV,2013,50000,0,,0,0,0,0,,0,0,0
Cape Verde,CPV,2014,50000,0,,0,0,0,0,,0,0,0
Cape Verde,CPV,2015,60000,0,,0,0,0,0,,0,0,0
Cape Verde,CPV,2016,60000,0,0,0,0,0,0,,0,0,0
Cape Verde,CPV,2017,50000,0,0,0,0,0,0,,0,0,0
Cape Verde,CPV,2018,40000,0,0,0,0,0,0,,0,0,0
Cape Verde,CPV,2019,50000,0,0,0,0,0,0,,0,0,0
Cape Verde,CPV,2020,50000,0,0,0,0,0,0,,0,0,0
Cape Verde,CPV,2021,50000,0,0,0,0,0,0,,0,0,0
Cape Verde,CPV,2022,50000,0,0,0,0,0,0,,,0,0
Cape Verde,CPV,2023,50000,0,,0,0,0,0,,,0,0
Central African Republic,CAF,1990,6910000,0,,20000,8300000,0,0,,0,0,0
Central African Republic,CAF,1991,7020000,0,,20000,8300000,0,0,,0,0,0
Central African Republic,CAF,1992,7030000,0,,20000,8300000,0,0,,0,0,0
Central African Republic,CAF,1993,7040000,0,,20000,8300000,0,0,,0,0,0
Central African Republic,CAF,1994,7080000,0,,20000,8300000,0,0,,0,0,0
Central African Republic,CAF,1995,7120000,0,,20000,8300000,0,0,,0,0,0
Central African Republic,CAF,1996,8250000,0,,20000,550000,0,0,,0,0,0
Central African Republic,CAF,1997,8310000,0,,30000,1270000,0,0,,0,0,0
Central African Republic,CAF,1998,9210000,0,0,30000,2000000,0,0,,0,0,0
Central African Republic,CAF,1999,8109999,0,0,30000,1670000,0,0,,0,0,0
Central African Republic,CAF,2000,9460000,0,0,30000,1270000,0,0,,0,0,0
Central African Republic,CAF,2001,7690000,0,0,30000,9170000,0,0,,0,0,0
Central African Republic,CAF,2002,6710000,0,0,30000,7520000,0,0,,0,0,0
Central African Republic,CAF,2003,9130000,0,0,30000,12240000,0,0,,0,0,0
Central African Republic,CAF,2004,7800000,0,0,30000,8610000,0,0,,0,0,0
Central African Republic,CAF,2005,8290000,0,0,30000,11940000,0,0,,0,0,0
Central African Republic,CAF,2006,8420000,0,0,30000,10480000,0,0,,0,0,0
Central African Republic,CAF,2007,8440000,0,0,30000,12190000,0,0,,0,0,0
Central African Republic,CAF,2008,9110000,0,,40000,10730000,0,0,,0,0,0
Central African Republic,CAF,2009,7000000,0,,40000,7000000,0,0,,0,0,0
Central African Republic,CAF,2010,8000000,0,,40000,10260000,0,0,,0,0,0
Central African Republic,CAF,2011,8450000,0,,40000,11410000,0,0,,0,0,0
Central African Republic,CAF,2012,7010000,0,,40000,11010000,0,0,,0,0,0
Central African Republic,CAF,2013,7570000,0,,40000,9480000,0,0,,0,0,0
Central African Republic,CAF,2014,7340000,0,,50000,8040000,0,0,,0,0,0
Central African Republic,CAF,2015,7530000,0,,50000,8180000,0,0,,0,0,0
Central African Republic,CAF,2016,8319999,0,,50000,11710000,0,0,,0,0,0
Central African Republic,CAF,2017,7420000,0,,50000,9920000,0,0,,0,0,0
Central African Republic,CAF,2018,7600000,0,,50000,10140000,0,0,,0,0,0
Central African Republic,CAF,2019,6800000,0,,50000,9960000,0,0,,0,0,0
Central African Republic,CAF,2020,7320000,0,,50000,9470000,0,0,,0,0,0
Central African Republic,CAF,2021,7340000,0,,50000,9790000,0,0,,0,0,0
Central African Republic,CAF,2022,7660000,0,,50000,10020000,0,0,,0,0,0
Central African Republic,CAF,2023,6130000,0,,60000,7290000,0,0,,0,0,0
Chad,TCD,1990,6500000,0,10000,70000,680000,0,50000,0,0,0,0
Chad,TCD,1991,6740000,0,10000,80000,680000,0,50000,0,0,0,0
Chad,TCD,1992,7000000,0,10000,80000,680000,0,50000,0,0,0,0
Chad,TCD,1993,7220000,0,10000,80000,680000,0,60000,0,0,0,0
Chad,TCD,1994,7520000,0,10000,80000,680000,0,60000,0,0,0,0
Chad,TCD,1995,7800000,0,10000,90000,680000,0,60000,0,0,0,0
Chad,TCD,1996,9400000,0,10000,90000,480000,0,60000,0,0,0,0
Chad,TCD,1997,9440000,0,10000,90000,730000,0,60000,0,0,0,0
Chad,TCD,1998,9660000,0,10000,100000,1600000,0,60000,0,0,0,0
Chad,TCD,1999,10360000,0,10000,100000,1550000,0,60000,0,0,0,10000
Chad,TCD,2000,11420000,0,10000,110000,970000,0,60000,0,0,0,0
Chad,TCD,2001,9620000,0,10000,120000,490000,0,70000,0,0,0,0
Chad,TCD,2002,10460000,0,10000,120000,519999,0,70000,0,0,0,0
Chad,TCD,2003,11030000,0,10000,129999,580000,0,70000,0,0,0,0
Chad,TCD,2004,11510000,0,10000,150000,590000,0,70000,0,0,0,0
Chad,TCD,2005,12230000,0,10000,170000,460000,0,70000,0,0,0,0
Chad,TCD,2006,12490000,0,10000,190000,820000,0,70000,0,0,0,0
Chad,TCD,2007,13210000,0,10000,210000,1120000,0,80000,0,0,0,0
Chad,TCD,2008,13520000,0,10000,230000,700000,0,80000,0,0,0,0
Chad,TCD,2009,13680000,0,10000,250000,300000,0,80000,0,0,0,10000
Chad,TCD,2010,14650000,0,10000,270000,710000,0,80000,0,0,0,10000
Chad,TCD,2011,15420000,0,10000,280000,710000,0,80000,0,0,0,10000
Chad,TCD,2012,16260000,0,10000,290000,1030000,0,80000,0,0,0,10000
Chad,TCD,2013,16770000,0,10000,300000,620000,0,90000,0,0,0,10000
Chad,TCD,2014,17470000,0,10000,310000,560000,0,90000,0,0,0,20000
Chad,TCD,2015,18840000,0,10000,320000,570000,0,90000,0,0,0,10000
Chad,TCD,2016,20280000,0,0,330000,980000,0,90000,0,0,0,10000
Chad,TCD,2017,20790000,0,0,350000,690000,0,90000,0,0,0,10000
Chad,TCD,2018,22150000,0,0,360000,650000,0,90000,0,0,0,10000
Chad,TCD,2019,22830000,0,0,360000,530000,0,90000,0,0,0,10000
Chad,TCD,2020,24540000,0,0,370000,550000,0,100000,0,0,0,10000
Chad,TCD,2021,25430000,0,0,380000,460000,0,100000,0,0,0,10000
Chad,TCD,2022,26670000,0,0,400000,259999,0,100000,0,0,0,10000
Chad,TCD,2023,28210000,0,0,410000,280000,0,100000,0,0,0,10000
Chile,CHL,1990,3500000,170000,0,210000,120000,0,90000,0,50000,10000,160000
Chile,CHL,1991,3480000,160000,0,210000,120000,0,90000,0,60000,10000,160000
Chile,CHL,1992,3630000,190000,0,220000,120000,0,100000,0,70000,10000,170000
Chile,CHL,1993,3810000,170000,0,220000,120000,0,100000,0,50000,10000,190000
Chile,CHL,1994,4020000,140000,0,210000,120000,0,110000,0,50000,10000,210000
Chile,CHL,1995,4190000,150000,0,200000,120000,0,110000,0,50000,10000,230000
Chile,CHL,1996,4320000,140000,0,190000,50000,0,120000,0,60000,10000,250000
Chile,CHL,1997,4410000,150000,0,170000,90000,0,129999,0,60000,10000,259999
Chile,CHL,1998,4390000,129999,0,160000,70000,0,129999,0,60000,20000,270000
Chile,CHL,1999,4530000,120000,0,150000,80000,0,129999,0,60000,20000,280000
Chile,CHL,2000,4550000,150000,0,140000,30000,0,129999,0,70000,20000,290000
Chile,CHL,2001,4580000,150000,0,129999,10000,0,129999,0,70000,20000,270000
Chile,CHL,2002,4400000,150000,0,120000,70000,0,129999,0,70000,20000,280000
Chile,CHL,2003,4470000,140000,0,110000,60000,0,129999,0,60000,30000,270000
Chile,CHL,2004,4850000,210000,0,90000,50000,0,129999,0,70000,30000,280000
Chile,CHL,2005,4660000,160000,0,80000,70000,0,129999,0,70000,30000,300000
Chile,CHL,2006,4680000,160000,0,70000,40000,0,129999,0,80000,40000,290000
Chile,CHL,2007,4670000,140000,0,60000,80000,0,129999,0,90000,40000,310000
Chile,CHL,2008,4820000,140000,0,50000,110000,0,129999,0,100000,40000,330000
Chile,CHL,2009,4560000,140000,0,40000,60000,0,129999,0,90000,30000,340000
Chile,CHL,2010,4890000,140000,0,30000,50000,0,140000,0,70000,20000,360000
Chile,CHL,2011,4900000,129999,0,30000,90000,0,150000,0,100000,20000,360000
Chile,CHL,2012,4940000,90000,0,30000,90000,0,160000,0,100000,20000,370000
Chile,CHL,2013,4660000,0,0,30000,30000,0,160000,0,120000,20000,410000
Chile,CHL,2014,4460000,0,0,30000,100000,0,80000,0,120000,20000,400000
Chile,CHL,2015,4620000,0,0,30000,280000,0,80000,0,120000,20000,410000
Chile,CHL,2016,4270000,0,0,30000,50000,0,80000,0,110000,20000,440000
Chile,CHL,2017,4290000,0,0,30000,610000,0,80000,0,110000,20000,450000
Chile,CHL,2018,4210000,0,0,30000,20000,0,90000,0,120000,20000,460000
Chile,CHL,2019,4280000,0,0,30000,70000,0,90000,0,120000,20000,470000
Chile,CHL,2020,4350000,0,0,30000,100000,0,90000,0,110000,10000,420000
Chile,CHL,2021,4440000,0,0,30000,70000,0,90000,0,80000,10000,460000
Chile,CHL,2022,3950000,0,0,30000,140000,0,120000,0,90000,20000,500000
Chile,CHL,2023,4179999,0,0,30000,770000,0,120000,0,110000,20000,480000
China,CHN,1990,225780000,3980000,420000,20170000,330000,0,10440000,259999,3070000,40000,1380000
China,CHN,1991,231040000,4070000,430000,20470000,330000,0,10500000,270000,3200000,50000,1570000
China,CHN,1992,234990000,3980000,400000,20700000,330000,0,10440000,290000,3330000,80000,1780000
China,CHN,1993,225980000,3860000,420000,20910000,330000,0,10490000,320000,3550000,70000,2079999
China,CHN,1994,237030000,3980000,440000,21110000,330000,0,10340000,350000,3750000,80000,1930000
China,CHN,1995,271950016,6170000,440000,21300000,330000,0,10370000,390000,4250000,80000,2110000
China,CHN,1996,291780000,8370000,259999,21480000,440000,0,10120000,390000,3850000,90000,2630000
China,CHN,1997,264049984,10570000,400000,21640000,460000,0,10270000,410000,3750000,70000,2440000
China,CHN,1998,268940000,12770000,430000,21800000,530000,0,9930000,470000,4050000,70000,2410000
China,CHN,1999,280480000,14970000,430000,21950000,500000,0,9870000,410000,3410000,80000,2570000
China,CHN,2000,270709984,17170000,280000,22100000,570000,0,9620000,440000,3180000,100000,4830000
China,CHN,2001,270089984,19370000,290000,22340000,300000,0,9250000,450000,3290000,110000,4980000
China,CHN,2002,283149984,21570000,330000,22720000,170000,0,9140000,440000,3420000,120000,5380000
China,CHN,2003,281690016,23770000,380000,23070000,560000,0,8910000,540000,3970000,120000,6120000
China,CHN,2004,290249984,25970000,420000,23430000,480000,0,8650000,500000,5260000,160000,7360000
China,CHN,2005,294429984,28170000,460000,23850000,290000,0,8370000,530000,6830000,190000,7980000
China,CHN,2006,297740000,33800000,470000,24170000,210000,0,8270000,660000,7250000,220000,8540000
China,CHN,2007,298260000,39430000,480000,24490000,300000,0,7650000,760000,7640000,240000,9040000
China,CHN,2008,305089984,45060000,480000,24800000,820000,0,6990000,770000,8189999,230000,9840000
China,CHN,2009,308149984,50690000,500000,25120000,370000,0,6600000,1039999,8650000,250000,9800000
China,CHN,2010,310960000,56320000,510000,25440000,410000,0,6170000,1130000,9370000,310000,10570000
China,CHN,2011,310350016,61950000,540000,25570000,250000,0,5810000,1150000,9810000,330000,11360000
China,CHN,2012,313940000,67580000,560000,25710000,190000,0,5490000,1170000,9940000,330000,12230000
China,CHN,2013,314510016,87170000,600000,27430000,200000,0,5120000,1210000,9610000,320000,13070000
China,CHN,2014,315100000,89510000,590000,29150000,370000,0,5010000,810000,9560000,320000,13390000
China,CHN,2015,318360000,93010000,610000,29420000,220000,0,4940000,890000,9250000,380000,14370000
China,CHN,2016,317080000,96060000,620000,29680000,240000,0,4670000,710000,8500000,410000,14670000
China,CHN,2017,310220000,99200000,590000,29950000,120000,0,4590000,820000,7560000,440000,15090000
China,CHN,2018,302510016,102450000,519999,30390000,259999,0,4370000,710000,6800000,490000,16600000
China,CHN,2019,290940000,105800000,480000,31000000,270000,0,3830000,720000,6420000,490000,17390000
China,CHN,2020,292670016,109260000,470000,31650000,280000,0,3470000,580000,6210000,380000,17570000
China,CHN,2021,293429984,112810000,420000,31670000,210000,0,3070000,630000,5970000,400000,18840000
China,CHN,2022,293070016,116470000,410000,31670000,129999,0,2690000,690000,5770000,360000,17520000
China,CHN,2023,294460000,120260000,400000,31660000,310000,0,2390000,710000,5770000,440000,18030000
Colombia,COL,1990,14390000,160000,50000,490000,150000,0,160000,10000,80000,10000,340000
Colombia,COL,1991,14340000,160000,40000,500000,150000,0,160000,10000,80000,10000,350000
Colombia,COL,1992,14290000,129999,50000,510000,150000,0,129999,10000,60000,10000,370000
Colombia,COL,1993,14540000,120000,40000,519999,150000,0,140000,10000,80000,10000,370000
Colombia,COL,1994,14750000,140000,60000,530000,150000,0,140000,10000,80000,10000,340000
Colombia,COL,1995,14700000,120000,50000,540000,150000,0,140000,10000,80000,10000,410000
Colombia,COL,1996,14480000,140000,40000,550000,50000,0,140000,10000,80000,10000,420000
Colombia,COL,1997,14470000,120000,40000,560000,140000,0,80000,10000,80000,10000,440000
Colombia,COL,1998,14730000,120000,40000,570000,140000,0,70000,10000,80000,10000,430000
Colombia,COL,1999,14130000,100000,40000,580000,90000,0,80000,10000,80000,10000,380000
Colombia,COL,2000,14530000,100000,30000,590000,170000,0,70000,10000,80000,10000,360000
Colombia,COL,2001,14940000,90000,30000,610000,70000,0,70000,10000,80000,20000,370000
Colombia,COL,2002,15180000,110000,40000,620000,30000,0,60000,10000,80000,10000,340000
Colombia,COL,2003,15780000,110000,40000,640000,140000,0,80000,10000,70000,10000,340000
Colombia,COL,2004,16070000,100000,40000,660000,500000,0,60000,10000,70000,20000,380000
Colombia,COL,2005,15550000,70000,40000,680000,40000,0,60000,10000,70000,20000,370000
Colombia,COL,2006,15530000,80000,40000,690000,100000,0,70000,0,70000,20000,390000
Colombia,COL,2007,16650000,80000,30000,700000,420000,0,70000,0,70000,20000,400000
Colombia,COL,2008,16389999,90000,30000,710000,120000,0,70000,0,80000,20000,420000
Colombia,COL,2009,16139999,100000,40000,730000,50000,0,70000,10000,80000,20000,390000
Colombia,COL,2010,16750000,140000,30000,770000,40000,0,70000,0,70000,20000,420000
Colombia,COL,2011,15960000,129999,30000,800000,60000,0,70000,0,80000,30000,510000
Colombia,COL,2012,14990000,100000,30000,840000,60000,0,80000,0,60000,40000,540000
Colombia,COL,2013,14570000,100000,40000,870000,80000,0,140000,0,120000,20000,550000
Colombia,COL,2014,15180000,129999,50000,900000,180000,0,129999,0,120000,20000,570000
Colombia,COL,2015,14570000,120000,40000,920000,150000,0,129999,0,120000,20000,620000
Colombia,COL,2016,14760000,120000,40000,950000,170000,0,120000,0,110000,20000,640000
Colombia,COL,2017,15810000,120000,20000,980000,100000,0,110000,0,120000,20000,640000
Colombia,COL,2018,16780000,120000,20000,1010000,490000,0,110000,0,100000,20000,670000
Colombia,COL,2019,17240000,120000,20000,1030000,100000,0,110000,0,110000,20000,700000
Colombia,COL,2020,18150000,129999,40000,1039999,190000,0,100000,0,90000,10000,600000
Colombia,COL,2021,18740000,129999,30000,1050000,110000,0,100000,0,100000,10000,760000
Colombia,COL,2022,18610000,129999,30000,1060000,300000,0,100000,0,90000,20000,810000
Colombia,COL,2023,18560000,129999,30000,1060000,90000,0,110000,0,90000,20000,850000
Comoros,COM,1990,40000,0,,0,0,0,0,,0,0,0
Comoros,COM,1991,30000,0,,0,0,0,0,,0,0,0
Comoros,COM,1992,30000,0,,0,0,0,0,,0,0,0
Comoros,COM,1993,30000,0,,0,0,0,0,,0,0,0
Comoros,COM,1994,30000,0,,0,0,0,0,,0,0,0
Comoros,COM,1995,40000,0,,0,0,0,0,,0,0,0
Comoros,COM,1996,40000,0,,0,0,0,0,,0,0,0
Comoros,COM,1997,40000,0,,0,0,0,0,,0,0,0
Comoros,COM,1998,40000,0,,0,0,0,0,,0,0,0
Comoros,COM,1999,40000,0,,0,0,0,0,,0,0,0
Comoros,COM,2000,40000,0,,0,0,0,0,,0,0,0
Comoros,COM,2001,40000,0,,0,0,0,0,,0,0,0
Comoros,COM,2002,40000,0,,0,0,0,0,,0,0,0
Comoros,COM,2003,40000,0,,0,0,0,0,,0,0,0
Comoros,COM,2004,40000,0,,0,0,0,0,,0,0,0
Comoros,COM,2005,40000,0,,0,20000,0,0,,0,0,0
Comoros,COM,2006,40000,0,,0,0,0,0,,0,0,0
Comoros,COM,2007,40000,0,,0,0,0,0,,0,0,0
Comoros,COM,2008,40000,0,,0,0,0,0,,0,0,0
Comoros,COM,2009,40000,0,,0,0,0,0,,0,0,0
Comoros,COM,2010,40000,0,,0,0,0,0,,0,0,0
Comoros,COM,2011,40000,0,,0,0,0,0,,0,0,0
Comoros,COM,2012,40000,0,0,0,0,0,0,,0,0,0
Comoros,COM,2013,40000,0,0,0,0,0,0,,0,0,0
Comoros,COM,2014,40000,0,0,0,0,0,0,,0,0,0
Comoros,COM,2015,40000,0,0,0,0,0,0,,0,0,0
Comoros,COM,2016,40000,0,0,0,0,0,0,,0,0,0
Comoros,COM,2017,40000,0,0,0,0,0,0,,0,0,0
Comoros,COM,2018,40000,0,0,0,0,0,0,,0,0,0
Comoros,COM,2019,40000,0,0,0,0,0,0,,0,0,0
Comoros,COM,2020,40000,0,0,0,0,0,0,,0,0,0
Comoros,COM,2021,40000,0,0,0,0,0,0,,0,0,0
Comoros,COM,2022,40000,0,0,0,0,0,0,,0,0,0
Comoros,COM,2023,40000,0,0,0,0,0,0,,0,0,0
Congo,COG,1990,1050000,0,0,20000,160000,0,10000,0,0,0,10000
Congo,COG,1991,1050000,0,0,20000,160000,0,10000,0,0,0,10000
Congo,COG,1992,1050000,0,0,20000,160000,0,20000,0,0,0,10000
Congo,COG,1993,1050000,0,0,20000,160000,0,20000,0,0,0,10000
Congo,COG,1994,1050000,0,0,20000,160000,0,20000,0,0,0,0
Congo,COG,1995,1060000,0,0,20000,160000,0,10000,0,0,0,10000
Congo,COG,1996,490000,0,0,20000,110000,0,20000,0,0,0,10000
Congo,COG,1997,510000,0,0,20000,100000,0,20000,0,0,0,0
Congo,COG,1998,540000,0,0,20000,80000,0,10000,0,0,0,10000
Congo,COG,1999,540000,0,0,20000,90000,0,10000,0,0,0,10000
Congo,COG,2000,450000,0,0,20000,70000,0,10000,0,0,0,10000
Congo,COG,2001,500000,0,0,20000,80000,0,10000,0,0,0,10000
Congo,COG,2002,710000,0,0,20000,40000,0,10000,0,0,0,10000
Congo,COG,2003,1100000,0,0,20000,210000,0,10000,0,0,0,10000
Congo,COG,2004,1150000,0,0,20000,160000,0,10000,0,0,0,10000
Congo,COG,2005,1340000,0,0,20000,160000,0,20000,0,0,0,10000
Congo,COG,2006,1360000,0,0,30000,200000,0,30000,0,0,0,10000
Congo,COG,2007,1230000,0,0,30000,140000,0,20000,0,0,0,10000
Congo,COG,2008,1250000,0,0,30000,110000,0,20000,0,0,0,20000
Congo,COG,2009,1180000,0,0,30000,110000,0,20000,0,0,0,20000
Congo,COG,2010,1360000,0,0,30000,190000,0,20000,0,0,0,20000
Congo,COG,2011,1410000,0,0,30000,240000,0,40000,0,0,0,30000
Congo,COG,2012,1350000,0,0,30000,150000,0,40000,0,0,0,50000
Congo,COG,2013,1430000,0,0,40000,129999,0,50000,0,0,0,50000
Congo,COG,2014,1230000,0,0,40000,70000,0,50000,0,0,0,60000
Congo,COG,2015,1410000,0,0,40000,160000,0,50000,0,0,0,60000
Congo,COG,2016,1420000,0,0,40000,270000,0,50000,0,0,0,50000
Congo,COG,2017,1390000,0,0,40000,100000,0,50000,0,0,0,30000
Congo,COG,2018,1430000,0,0,40000,210000,0,50000,0,0,0,30000
Congo,COG,2019,1420000,0,0,50000,220000,0,50000,0,0,0,20000
Congo,COG,2020,1250000,0,0,50000,180000,0,50000,0,0,0,20000
Congo,COG,2021,1220000,0,0,50000,129999,0,50000,0,0,0,30000
Congo,COG,2022,1460000,0,0,50000,220000,0,50000,0,0,0,30000
Congo,COG,2023,1210000,0,0,50000,129999,0,50000,0,0,0,30000
Cook Islands,COK,1990,0,0,,0,0,0,,,,0,0
Cook Islands,COK,1991,0,0,,0,0,0,,,,0,0
Cook Islands,COK,1992,0,0,,0,0,0,,,,0,0
Cook Islands,COK,1993,0,0,,0,0,0,,,,0,0
Cook Islands,COK,1994,0,0,,30000,0,0,,,,0,0
Cook Islands,COK,1995,0,0,,0,0,0,,,,0,0
Cook Islands,COK,1996,0,0,,0,0,0,,,,0,0
Cook Islands,COK,1997,0,0,,0,0,0,,,,0,0
Cook Islands,COK,1998,0,0,,0,0,0,,,,0,0
Cook Islands,COK,1999,0,0,,0,0,0,,,,0,0
Cook Islands,COK,2000,0,0,,0,0,0,,,,0,0
Cook Islands,COK,2001,0,0,,0,0,0,,,,0,0
Cook Islands,COK,2002,0,0,,0,0,0,,,,0,0
Cook Islands,COK,2003,0,0,,0,0,0,,,,0,0
Cook Islands,COK,2004,0,0,,0,0,0,,,,0,0
Cook Islands,COK,2005,0,0,,0,0,0,,,,0,0
Cook Islands,COK,2006,0,0,,0,0,0,,,,0,0
Cook Islands,COK,2007,0,0,,0,0,0,,,,0,0
Cook Islands,COK,2008,0,0,,0,0,0,,,,0,0
Cook Islands,COK,2009,0,0,,0,0,0,,,,0,0
Cook Islands,COK,2010,0,0,,0,0,0,,,,0,0
Cook Islands,COK,2011,0,0,,0,0,0,,,,0,0
Cook Islands,COK,2012,0,0,,0,0,0,,,,0,0
Cook Islands,COK,2013,0,0,,0,0,0,,,,0,0
Cook Islands,COK,2014,0,0,,0,0,0,,,,0,0
Cook Islands,COK,2015,0,0,,0,0,0,,,,0,0
Cook Islands,COK,2016,0,0,,0,0,0,,,,0,0
Cook Islands,COK,2017,0,0,,0,0,0,,,,0,0
Cook Islands,COK,2018,0,0,,0,0,0,,,,0,0
Cook Islands,COK,2019,0,0,,0,0,0,,,,0,0
Cook Islands,COK,2020,0,0,,0,0,0,,,,0,0
Cook Islands,COK,2021,0,0,,0,0,0,,,,0,0
Cook Islands,COK,2022,0,0,,0,0,0,,,,0,0
Cook Islands,COK,2023,0,0,,0,0,0,,,,0,0
Costa Rica,CRI,1990,1360000,50000,0,40000,10000,0,10000,0,10000,0,30000
Costa Rica,CRI,1991,1400000,60000,0,40000,10000,0,10000,0,10000,0,30000
Costa Rica,CRI,1992,1400000,60000,0,40000,10000,0,10000,0,10000,0,40000
Costa Rica,CRI,1993,1370000,70000,0,40000,10000,0,10000,0,10000,0,40000
Costa Rica,CRI,1994,1340000,60000,0,40000,10000,0,10000,0,10000,0,50000
Costa Rica,CRI,1995,1250000,60000,0,40000,10000,0,10000,0,10000,0,50000
Costa Rica,CRI,1996,1320000,70000,0,40000,0,0,10000,0,10000,0,50000
Costa Rica,CRI,1997,1360000,50000,0,40000,10000,0,0,0,10000,0,50000
Costa Rica,CRI,1998,1400000,40000,0,40000,10000,0,0,0,10000,0,50000
Costa Rica,CRI,1999,1220000,70000,0,40000,10000,0,0,0,10000,10000,50000
Costa Rica,CRI,2000,1130000,20000,0,50000,10000,0,0,0,10000,10000,50000
Costa Rica,CRI,2001,1030000,0,0,50000,20000,0,0,0,10000,0,60000
Costa Rica,CRI,2002,1010000,0,0,50000,10000,0,0,0,10000,10000,60000
Costa Rica,CRI,2003,1120000,0,0,50000,10000,0,10000,0,10000,0,60000
Costa Rica,CRI,2004,1010000,0,0,50000,10000,0,10000,0,10000,0,70000
Costa Rica,CRI,2005,1070000,0,0,50000,0,0,10000,0,20000,10000,70000
Costa Rica,CRI,2006,1080000,0,0,50000,0,0,20000,0,20000,10000,70000
Costa Rica,CRI,2007,1160000,0,0,50000,20000,0,10000,0,20000,10000,70000
Costa Rica,CRI,2008,1230000,0,0,50000,0,0,10000,0,20000,10000,80000
Costa Rica,CRI,2009,1039999,0,0,60000,10000,0,10000,0,20000,0,80000
Costa Rica,CRI,2010,1140000,0,0,60000,10000,0,10000,0,20000,0,80000
Costa Rica,CRI,2011,1340000,0,0,60000,0,0,10000,0,20000,0,80000
Costa Rica,CRI,2012,1280000,0,0,60000,20000,0,10000,0,20000,0,80000
Costa Rica,CRI,2013,1300000,0,0,60000,30000,0,10000,0,20000,0,90000
Costa Rica,CRI,2014,1220000,0,0,60000,10000,0,10000,0,20000,0,90000
Costa Rica,CRI,2015,1280000,0,0,60000,30000,0,10000,0,20000,0,90000
Costa Rica,CRI,2016,1390000,0,0,60000,30000,0,0,0,20000,0,100000
Costa Rica,CRI,2017,1370000,0,0,70000,10000,0,0,0,20000,0,100000
Costa Rica,CRI,2018,1440000,0,0,70000,10000,0,0,0,20000,0,100000
Costa Rica,CRI,2019,1450000,0,0,70000,20000,0,0,0,20000,10000,110000
Costa Rica,CRI,2020,1370000,0,0,70000,20000,0,0,0,20000,0,90000
Costa Rica,CRI,2021,1590000,0,0,70000,0,0,0,0,20000,0,100000
Costa Rica,CRI,2022,1390000,0,0,70000,40000,0,0,0,20000,10000,100000
Costa Rica,CRI,2023,1660000,0,0,70000,0,0,0,0,20000,10000,110000
Cote d'Ivoire,CIV,1990,1930000,0,0,20000,40000,0,80000,0,0,0,20000
Cote d'Ivoire,CIV,1991,1970000,0,0,30000,40000,0,80000,0,0,0,20000
Cote d'Ivoire,CIV,1992,2010000,0,0,30000,40000,0,80000,0,0,0,20000
Cote d'Ivoire,CIV,1993,2079999,0,0,40000,40000,0,80000,0,0,0,20000
Cote d'Ivoire,CIV,1994,2130000,0,0,40000,40000,0,90000,0,0,0,20000
Cote d'Ivoire,CIV,1995,2180000,0,0,50000,40000,0,90000,0,0,0,30000
Cote d'Ivoire,CIV,1996,2130000,0,0,50000,30000,0,90000,0,0,0,30000
Cote d'Ivoire,CIV,1997,2270000,0,0,60000,80000,0,90000,0,0,0,30000
Cote d'Ivoire,CIV,1998,2300000,0,0,60000,170000,0,100000,0,0,0,20000
Cote d'Ivoire,CIV,1999,2230000,0,10000,60000,170000,0,100000,0,0,0,30000
Cote d'Ivoire,CIV,2000,2310000,0,10000,70000,129999,0,100000,0,0,0,30000
Cote d'Ivoire,CIV,2001,2430000,0,10000,70000,300000,0,100000,0,0,0,30000
Cote d'Ivoire,CIV,2002,2780000,0,0,60000,30000,0,100000,0,0,0,30000
Cote d'Ivoire,CIV,2003,2660000,0,0,60000,40000,0,110000,0,0,0,20000
Cote d'Ivoire,CIV,2004,2140000,0,0,60000,20000,0,140000,0,0,0,20000
Cote d'Ivoire,CIV,2005,2770000,0,0,60000,20000,0,150000,0,0,0,20000
Cote d'Ivoire,CIV,2006,2570000,0,0,50000,20000,0,150000,0,0,0,20000
Cote d'Ivoire,CIV,2007,2680000,0,0,50000,70000,0,150000,0,0,0,20000
Cote d'Ivoire,CIV,2008,2440000,0,0,50000,20000,0,150000,0,0,0,30000
Cote d'Ivoire,CIV,2009,2360000,0,0,50000,20000,0,140000,0,0,0,20000
Cote d'Ivoire,CIV,2010,2370000,0,0,40000,10000,0,160000,0,0,0,20000
Cote d'Ivoire,CIV,2011,2470000,0,0,40000,10000,0,190000,0,0,0,30000
Cote d'Ivoire,CIV,2012,2500000,0,0,40000,60000,0,190000,0,0,0,40000
Cote d'Ivoire,CIV,2013,2690000,0,0,40000,10000,0,200000,0,0,0,40000
Cote d'Ivoire,CIV,2014,2340000,0,0,40000,10000,0,200000,0,0,0,50000
Cote d'Ivoire,CIV,2015,2440000,0,0,50000,10000,0,150000,0,0,0,50000
Cote d'Ivoire,CIV,2016,3000000,0,0,50000,10000,0,150000,0,0,10000,70000
Cote d'Ivoire,CIV,2017,2530000,0,0,50000,10000,0,160000,0,0,10000,60000
Cote d'Ivoire,CIV,2018,2550000,0,0,50000,0,0,140000,0,0,10000,70000
Cote d'Ivoire,CIV,2019,2650000,0,0,50000,10000,0,150000,0,0,10000,70000
Cote d'Ivoire,CIV,2020,2750000,0,0,50000,20000,0,160000,0,0,0,80000
Cote d'Ivoire,CIV,2021,2800000,0,0,60000,0,0,190000,0,0,0,120000
Cote d'Ivoire,CIV,2022,2940000,0,0,60000,10000,0,190000,0,0,10000,129999
Cote d'Ivoire,CIV,2023,3170000,0,0,60000,10000,0,200000,0,0,10000,140000
Croatia,HRV,1990,1710000,700000,0,60000,0,10000,40000,0,10000,0,80000
Croatia,HRV,1991,1550000,620000,0,60000,0,0,60000,0,10000,0,60000
Croatia,HRV,1992,1490000,800000,0,60000,0,0,50000,0,10000,0,60000
Croatia,HRV,1993,1250000,610000,0,60000,0,0,50000,0,0,0,60000
Croatia,HRV,1994,1240000,660000,0,60000,0,0,50000,0,0,0,60000
Croatia,HRV,1995,1200000,640000,0,60000,0,0,50000,0,0,0,70000
Croatia,HRV,1996,1220000,590000,0,60000,0,0,60000,0,10000,0,70000
Croatia,HRV,1997,1510000,620000,0,60000,10000,0,50000,0,10000,0,80000
Croatia,HRV,1998,1200000,480000,0,60000,20000,0,50000,0,10000,0,80000
Croatia,HRV,1999,1210000,560000,0,60000,0,0,50000,0,10000,0,80000
Croatia,HRV,2000,1260000,650000,0,60000,10000,0,50000,0,10000,0,80000
Croatia,HRV,2001,1200000,550000,0,70000,0,0,50000,0,10000,0,80000
Croatia,HRV,2002,1370000,530000,0,70000,0,0,50000,0,10000,0,90000
Croatia,HRV,2003,1300000,510000,0,70000,0,0,60000,0,10000,0,90000
Croatia,HRV,2004,1500000,610000,0,70000,0,0,50000,0,10000,0,100000
Croatia,HRV,2005,1360000,590000,0,70000,0,0,60000,0,10000,0,100000
Croatia,HRV,2006,1750000,590000,0,70000,0,0,50000,0,10000,0,100000
Croatia,HRV,2007,1830000,640000,0,70000,0,0,50000,0,10000,0,110000
Croatia,HRV,2008,2120000,660000,0,80000,0,0,50000,0,10000,0,110000
Croatia,HRV,2009,1170000,550000,0,80000,0,0,50000,0,10000,0,110000
Croatia,HRV,2010,1270000,700000,0,70000,0,0,60000,0,10000,0,100000
Croatia,HRV,2011,1390000,690000,0,70000,10000,0,50000,0,10000,0,100000
Croatia,HRV,2012,1200000,600000,0,80000,0,0,50000,0,10000,0,100000
Croatia,HRV,2013,1039999,230000,0,80000,0,0,50000,0,10000,0,100000
Croatia,HRV,2014,1010000,250000,0,80000,0,0,50000,0,10000,0,100000
Croatia,HRV,2015,1080000,290000,0,80000,0,0,50000,0,10000,0,100000
Croatia,HRV,2016,1039999,110000,0,80000,0,0,50000,0,0,0,100000
Croatia,HRV,2017,1150000,110000,0,80000,0,0,50000,0,10000,0,100000
Croatia,HRV,2018,1150000,60000,0,80000,0,0,50000,0,10000,0,100000
Croatia,HRV,2019,1150000,60000,0,80000,0,0,50000,0,10000,0,110000
Croatia,HRV,2020,1170000,80000,0,80000,10000,0,50000,0,10000,0,100000
Croatia,HRV,2021,1170000,50000,0,80000,0,0,50000,0,10000,0,110000
Croatia,HRV,2022,1060000,50000,0,80000,0,0,50000,0,10000,0,110000
Croatia,HRV,2023,1020000,50000,0,80000,0,0,40000,0,10000,0,120000
Cuba,CUB,1990,4340000,220000,10000,120000,20000,0,10000,0,220000,10000,90000
Cuba,CUB,1991,4130000,190000,10000,120000,20000,0,10000,0,180000,10000,60000
Cuba,CUB,1992,3960000,150000,10000,120000,20000,0,10000,0,170000,10000,40000
Cuba,CUB,1993,3470000,100000,10000,120000,20000,0,0,0,120000,0,30000
Cuba,CUB,1994,3260000,20000,10000,120000,20000,0,0,0,120000,0,30000
Cuba,CUB,1995,3220000,70000,10000,120000,20000,0,0,0,100000,0,30000
Cuba,CUB,1996,3180000,80000,10000,129999,10000,0,0,0,120000,10000,40000
Cuba,CUB,1997,3280000,80000,10000,129999,10000,0,0,0,120000,10000,40000
Cuba,CUB,1998,3170000,70000,10000,129999,20000,0,0,0,110000,10000,40000
Cuba,CUB,1999,2970000,60000,10000,129999,30000,0,0,0,110000,10000,40000
Cuba,CUB,2000,2930000,70000,10000,129999,30000,0,0,0,120000,10000,40000
Cuba,CUB,2001,3060000,0,10000,140000,10000,0,0,0,120000,0,40000
Cuba,CUB,2002,2800000,0,10000,150000,20000,0,0,0,90000,10000,40000
Cuba,CUB,2003,2610000,0,10000,150000,0,0,0,0,70000,0,30000
Cuba,CUB,2004,2700000,0,10000,160000,20000,0,0,0,70000,0,40000
Cuba,CUB,2005,2520000,30000,10000,160000,40000,0,0,0,50000,0,30000
Cuba,CUB,2006,2680000,20000,10000,170000,30000,0,0,0,50000,0,30000
Cuba,CUB,2007,2650000,20000,10000,170000,20000,0,0,0,50000,0,30000
Cuba,CUB,2008,2660000,20000,10000,180000,10000,0,0,0,50000,0,30000
Cuba,CUB,2009,2610000,20000,10000,180000,40000,0,0,0,40000,10000,30000
Cuba,CUB,2010,2810000,10000,10000,180000,10000,0,0,0,40000,20000,20000
Cuba,CUB,2011,2840000,20000,10000,190000,40000,0,0,0,50000,20000,20000
Cuba,CUB,2012,2830000,20000,10000,190000,20000,0,0,0,50000,20000,20000
Cuba,CUB,2013,2930000,30000,10000,190000,20000,0,0,0,50000,20000,20000
Cuba,CUB,2014,3000000,20000,10000,190000,10000,0,0,0,50000,20000,20000
Cuba,CUB,2015,2900000,20000,10000,190000,30000,0,0,0,60000,20000,30000
Cuba,CUB,2016,2860000,20000,10000,190000,10000,0,0,0,40000,10000,30000
Cuba,CUB,2017,2820000,30000,10000,190000,30000,0,0,0,60000,10000,30000
Cuba,CUB,2018,2750000,30000,10000,190000,10000,0,0,0,60000,10000,30000
Cuba,CUB,2019,2790000,30000,10000,190000,0,0,0,0,50000,10000,30000
Cuba,CUB,2020,2530000,30000,10000,180000,60000,0,0,0,50000,10000,20000
Cuba,CUB,2021,2450000,30000,10000,180000,20000,0,0,0,40000,10000,20000
Cuba,CUB,2022,2290000,30000,10000,180000,10000,0,0,0,30000,10000,30000
Cuba,CUB,2023,2260000,30000,10000,180000,70000,0,0,0,30000,10000,30000
Cyprus,CYP,1990,210000,0,0,10000,0,0,0,0,0,10000,20000
Cyprus,CYP,1991,210000,0,0,10000,0,0,0,0,0,10000,20000
Cyprus,CYP,1992,250000,0,0,10000,0,0,0,0,0,10000,20000
Cyprus,CYP,1993,250000,0,0,10000,0,0,0,0,0,10000,20000
Cyprus,CYP,1994,240000,0,0,10000,0,0,0,0,0,10000,20000
Cyprus,CYP,1995,240000,0,0,10000,0,0,0,0,0,10000,20000
Cyprus,CYP,1996,250000,0,0,10000,0,0,0,0,0,10000,30000
Cyprus,CYP,1997,230000,0,0,10000,0,0,0,0,0,10000,30000
Cyprus,CYP,1998,240000,0,0,10000,0,0,0,0,0,10000,30000
Cyprus,CYP,1999,240000,0,0,10000,0,0,0,0,0,10000,30000
Cyprus,CYP,2000,220000,0,0,10000,0,0,0,0,0,10000,30000
Cyprus,CYP,2001,240000,0,0,10000,0,0,0,0,0,10000,30000
Cyprus,CYP,2002,259999,0,0,10000,0,0,0,0,0,10000,30000
Cyprus,CYP,2003,250000,0,0,10000,0,0,0,0,0,10000,30000
Cyprus,CYP,2004,240000,0,0,10000,0,0,0,0,0,10000,30000
Cyprus,CYP,2005,220000,0,0,10000,0,0,0,0,0,10000,40000
Cyprus,CYP,2006,220000,10000,0,10000,0,0,0,0,0,10000,40000
Cyprus,CYP,2007,210000,10000,0,10000,0,0,0,0,0,10000,40000
Cyprus,CYP,2008,200000,10000,0,10000,0,0,0,0,0,10000,40000
Cyprus,CYP,2009,210000,10000,0,10000,0,0,0,0,0,10000,40000
Cyprus,CYP,2010,230000,10000,0,10000,0,0,0,0,0,10000,40000
Cyprus,CYP,2011,220000,10000,0,10000,0,0,0,0,0,10000,40000
Cyprus,CYP,2012,220000,10000,0,10000,0,0,0,0,0,10000,40000
Cyprus,CYP,2013,200000,10000,0,10000,0,0,0,0,0,10000,40000
Cyprus,CYP,2014,190000,10000,0,10000,0,0,0,0,0,10000,30000
Cyprus,CYP,2015,200000,10000,0,10000,0,0,0,0,0,10000,40000
Cyprus,CYP,2016,200000,10000,0,10000,0,0,0,0,0,10000,40000
Cyprus,CYP,2017,210000,10000,0,10000,0,0,0,0,0,10000,40000
Cyprus,CYP,2018,190000,10000,0,10000,0,0,0,0,0,10000,40000
Cyprus,CYP,2019,200000,10000,0,10000,0,0,0,0,0,10000,40000
Cyprus,CYP,2020,220000,10000,0,10000,0,0,0,0,0,10000,40000
Cyprus,CYP,2021,200000,10000,0,10000,0,0,0,0,0,10000,40000
Cyprus,CYP,2022,190000,10000,0,10000,0,0,0,0,0,10000,40000
Cyprus,CYP,2023,150000,10000,0,10000,0,0,0,0,0,10000,40000
Czechia,CZE,1990,5190000,1180000,20000,210000,0,0,120000,0,129999,0,120000
Czechia,CZE,1991,3900000,850000,10000,180000,0,0,120000,0,100000,0,110000
Czechia,CZE,1992,3590000,1000000,10000,170000,0,0,100000,0,120000,0,140000
Czechia,CZE,1993,3270000,820000,20000,180000,0,0,90000,0,100000,0,140000
Czechia,CZE,1994,3260000,990000,20000,170000,0,0,80000,0,80000,0,160000
Czechia,CZE,1995,3150000,1110000,10000,180000,0,0,70000,0,70000,0,140000
Czechia,CZE,1996,3300000,1080000,0,190000,0,0,70000,0,60000,0,220000
Czechia,CZE,1997,3060000,1100000,10000,180000,0,0,70000,0,60000,0,220000
Czechia,CZE,1998,2930000,1160000,10000,190000,0,0,70000,0,60000,0,220000
Czechia,CZE,1999,2870000,1000000,10000,180000,0,0,60000,0,50000,0,240000
Czechia,CZE,2000,3080000,1110000,10000,180000,0,0,70000,0,60000,0,240000
Czechia,CZE,2001,3380000,1100000,10000,180000,0,0,70000,0,60000,0,250000
Czechia,CZE,2002,2620000,950000,10000,180000,0,0,70000,0,60000,0,259999
Czechia,CZE,2003,2670000,970000,10000,180000,0,0,80000,0,50000,0,290000
Czechia,CZE,2004,2730000,1080000,0,190000,0,0,80000,0,60000,10000,300000
Czechia,CZE,2005,2680000,1039999,0,190000,0,0,70000,0,60000,10000,310000
Czechia,CZE,2006,2650000,960000,0,190000,0,0,80000,0,60000,10000,320000
Czechia,CZE,2007,2770000,830000,0,190000,0,0,70000,0,60000,10000,330000
Czechia,CZE,2008,2730000,790000,0,190000,0,0,80000,0,50000,10000,340000
Czechia,CZE,2009,2660000,660000,0,180000,0,0,80000,0,60000,10000,350000
Czechia,CZE,2010,2660000,550000,0,190000,0,0,90000,10000,40000,10000,330000
Czechia,CZE,2011,2760000,600000,0,180000,0,0,90000,10000,40000,10000,340000
Czechia,CZE,2012,3160000,600000,0,170000,0,0,90000,10000,40000,10000,330000
Czechia,CZE,2013,3180000,440000,0,170000,0,0,100000,10000,40000,10000,330000
Czechia,CZE,2014,3240000,490000,0,170000,0,0,100000,10000,40000,10000,340000
Czechia,CZE,2015,3610000,510000,0,180000,0,0,100000,10000,50000,10000,350000
Czechia,CZE,2016,3670000,450000,0,170000,0,0,100000,10000,50000,10000,360000
Czechia,CZE,2017,3390000,380000,0,170000,0,0,100000,10000,50000,10000,370000
Czechia,CZE,2018,3270000,360000,0,180000,0,0,100000,10000,50000,10000,370000
Czechia,CZE,2019,3190000,340000,0,180000,0,0,110000,10000,50000,10000,380000
Czechia,CZE,2020,2950000,320000,0,180000,0,0,110000,0,50000,0,360000
Czechia,CZE,2021,3010000,370000,0,170000,0,0,120000,0,50000,0,370000
Czechia,CZE,2022,3170000,370000,0,170000,0,0,110000,0,50000,10000,380000
Czechia,CZE,2023,2660000,370000,0,170000,0,0,100000,0,40000,10000,380000
Democratic Republic of Congo,COD,1990,11380000,0,0,120000,12830000,0,330000,0,90000,0,10000
Democratic Republic of Congo,COD,1991,11310000,0,0,129999,12830000,0,340000,0,90000,0,10000
Democratic Republic of Congo,COD,1992,11350000,0,0,129999,12830000,0,350000,0,100000,0,10000
Democratic Republic of Congo,COD,1993,11320000,0,0,140000,12830000,0,360000,0,100000,0,10000
Democratic Republic of Congo,COD,1994,11320000,0,0,140000,12830000,0,370000,0,100000,0,10000
Democratic Republic of Congo,COD,1995,11250000,0,0,150000,12830000,0,390000,0,100000,0,10000
Democratic Republic of Congo,COD,1996,8760000,0,0,150000,5930000,0,400000,0,110000,0,10000
Democratic Republic of Congo,COD,1997,8540000,0,0,150000,7470000,0,410000,0,110000,0,10000
Democratic Republic of Congo,COD,1998,8980000,0,0,160000,7670000,0,420000,0,120000,0,10000
Democratic Republic of Congo,COD,1999,8160000,0,0,160000,6280000,0,440000,0,120000,0,10000
Democratic Republic of Congo,COD,2000,7990000,0,0,170000,5560000,0,440000,0,120000,0,10000
Democratic Republic of Congo,COD,2001,8570000,0,0,170000,8950000,0,460000,0,120000,0,10000
Democratic Republic of Congo,COD,2002,10890000,0,0,180000,13180000,0,470000,0,129999,0,10000
Democratic Republic of Congo,COD,2003,11950000,0,0,180000,15120000,0,490000,0,129999,0,10000
Democratic Republic of Congo,COD,2004,12820000,0,0,190000,15960000,0,510000,0,140000,0,20000
Democratic Republic of Congo,COD,2005,12520000,0,10000,190000,15860000,0,519999,0,140000,0,20000
Democratic Republic of Congo,COD,2006,12830000,0,10000,200000,16090000,0,540000,0,150000,0,20000
Democratic Republic of Congo,COD,2007,11270000,0,10000,210000,13490000,0,560000,0,150000,0,20000
Democratic Republic of Congo,COD,2008,11890000,0,10000,210000,15210000,0,580000,0,160000,0,30000
Democratic Republic of Congo,COD,2009,11790000,0,10000,220000,15050000,0,600000,0,160000,0,30000
Democratic Republic of Congo,COD,2010,12310000,0,10000,230000,16049999,0,600000,0,170000,0,30000
Democratic Republic of Congo,COD,2011,11530000,0,10000,230000,17230000,0,630000,0,180000,0,40000
Democratic Republic of Congo,COD,2012,11230000,0,10000,240000,15880000,0,450000,0,120000,0,30000
Democratic Republic of Congo,COD,2013,11920000,0,10000,250000,15600000,0,530000,0,129999,0,40000
Democratic Republic of Congo,COD,2014,11570000,0,10000,259999,14300000,0,620000,0,129999,0,40000
Democratic Republic of Congo,COD,2015,12050000,0,10000,259999,15010000,0,650000,0,140000,0,40000
Democratic Republic of Congo,COD,2016,12090000,0,10000,270000,14920000,0,670000,0,140000,0,30000
Democratic Republic of Congo,COD,2017,12410000,0,10000,280000,15140000,0,790000,0,20000,0,40000
Democratic Republic of Congo,COD,2018,11720000,0,10000,280000,12910000,0,670000,0,20000,0,30000
Democratic Republic of Congo,COD,2019,12050000,0,10000,290000,14460000,0,680000,0,20000,0,30000
Democratic Republic of Congo,COD,2020,12200000,0,10000,300000,13970000,0,790000,0,20000,0,40000
Democratic Republic of Congo,COD,2021,12400000,0,10000,310000,13070000,0,860000,0,20000,0,50000
Democratic Republic of Congo,COD,2022,12680000,0,10000,320000,10960000,0,950000,0,20000,0,50000
Democratic Republic of Congo,COD,2023,12160000,0,10000,330000,10270000,0,960000,0,20000,0,50000
Denmark,DNK,1990,5210000,910000,10000,310000,0,0,30000,0,20000,30000,200000
Denmark,DNK,1991,5070000,830000,10000,280000,0,0,30000,0,20000,30000,210000
Denmark,DNK,1992,4770000,740000,10000,290000,0,0,30000,0,20000,30000,210000
Denmark,DNK,1993,4830000,700000,10000,210000,0,0,30000,0,20000,40000,220000
Denmark,DNK,1994,4710000,710000,10000,230000,0,0,30000,0,20000,50000,220000
Denmark,DNK,1995,4660000,790000,10000,230000,0,0,30000,0,20000,50000,230000
Denmark,DNK,1996,4640000,730000,10000,190000,0,0,30000,0,20000,50000,230000
Denmark,DNK,1997,4620000,740000,10000,190000,0,0,30000,0,20000,50000,230000
Denmark,DNK,1998,4520000,710000,10000,180000,0,0,30000,0,20000,50000,230000
Denmark,DNK,1999,4320000,830000,10000,150000,0,0,30000,0,20000,50000,230000
Denmark,DNK,2000,4300000,880000,10000,160000,0,0,30000,0,10000,50000,230000
Denmark,DNK,2001,4230000,770000,10000,160000,0,0,30000,0,20000,40000,230000
Denmark,DNK,2002,4110000,680000,10000,180000,0,0,30000,0,10000,30000,230000
Denmark,DNK,2003,4120000,780000,10000,140000,0,0,30000,0,10000,40000,230000
Denmark,DNK,2004,3950000,470000,10000,129999,0,0,30000,0,10000,30000,240000
Denmark,DNK,2005,3940000,410000,10000,150000,0,0,40000,0,10000,40000,240000
Denmark,DNK,2006,3930000,380000,10000,129999,0,0,40000,0,20000,40000,250000
Denmark,DNK,2007,3960000,360000,10000,150000,0,0,50000,0,20000,40000,250000
Denmark,DNK,2008,4070000,330000,10000,190000,0,0,50000,0,20000,40000,250000
Denmark,DNK,2009,3930000,330000,10000,120000,0,0,50000,0,10000,30000,240000
Denmark,DNK,2010,3900000,330000,10000,129999,0,0,50000,0,10000,30000,240000
Denmark,DNK,2011,3900000,330000,10000,140000,0,0,40000,0,20000,30000,250000
Denmark,DNK,2012,3950000,330000,10000,120000,0,0,40000,0,10000,30000,250000
Denmark,DNK,2013,3850000,330000,10000,129999,0,0,40000,0,10000,30000,240000
Denmark,DNK,2014,4020000,330000,10000,140000,0,0,40000,0,10000,40000,250000
Denmark,DNK,2015,4159999,330000,10000,140000,0,0,50000,0,10000,40000,250000
Denmark,DNK,2016,4190000,330000,10000,140000,0,0,50000,0,10000,40000,259999
Denmark,DNK,2017,4220000,330000,10000,140000,0,0,50000,0,10000,30000,250000
Denmark,DNK,2018,3980000,330000,10000,140000,0,0,50000,0,10000,40000,250000
Denmark,DNK,2019,4130000,330000,10000,129999,0,0,40000,0,10000,40000,250000
Denmark,DNK,2020,4220000,330000,10000,140000,0,0,40000,0,10000,20000,240000
Denmark,DNK,2021,3970000,330000,10000,129999,0,0,40000,0,10000,20000,240000
Denmark,DNK,2022,3860000,330000,10000,129999,0,0,30000,0,10000,30000,240000
Denmark,DNK,2023,3680000,330000,10000,129999,0,0,30000,0,10000,30000,230000
Djibouti,DJI,1990,170000,0,,0,0,0,0,,0,0,0
Djibouti,DJI,1991,170000,0,,0,0,0,0,,0,0,0
Djibouti,DJI,1992,170000,0,,0,0,0,0,,0,0,0
Djibouti,DJI,1993,180000,0,,0,0,0,0,,0,0,0
Djibouti,DJI,1994,180000,0,,0,0,0,0,,0,0,0
Djibouti,DJI,1995,200000,0,,0,0,0,0,,0,0,0
Djibouti,DJI,1996,200000,0,,0,0,0,0,,0,0,0
Djibouti,DJI,1997,210000,0,,10000,0,0,0,,0,0,0
Djibouti,DJI,1998,210000,0,,10000,0,0,0,,0,0,0
Djibouti,DJI,1999,220000,0,,10000,0,0,0,,0,0,0
Djibouti,DJI,2000,220000,0,,10000,0,0,0,,0,0,0
Djibouti,DJI,2001,220000,0,,10000,0,0,0,,0,0,0
Djibouti,DJI,2002,220000,0,,10000,0,0,0,,0,0,0
Djibouti,DJI,2003,220000,0,,10000,0,0,0,,0,0,0
Djibouti,DJI,2004,220000,0,,10000,0,0,0,,0,0,0
Djibouti,DJI,2005,220000,0,,10000,0,0,0,,0,0,0
Djibouti,DJI,2006,220000,0,,10000,0,0,0,,0,0,0
Djibouti,DJI,2007,220000,0,,10000,0,0,0,,0,0,0
Djibouti,DJI,2008,220000,0,,10000,0,0,0,,0,0,0
Djibouti,DJI,2009,220000,0,,10000,0,0,0,,0,0,0
Djibouti,DJI,2010,220000,0,,10000,0,0,0,,0,0,0
Djibouti,DJI,2011,220000,0,,10000,0,0,0,,0,0,0
Djibouti,DJI,2012,220000,0,,10000,0,0,0,,0,0,0
Djibouti,DJI,2013,220000,0,0,10000,0,0,0,,0,0,0
Djibouti,DJI,2014,220000,0,0,10000,0,0,0,,0,0,0
Djibouti,DJI,2015,220000,0,0,10000,0,0,0,,0,0,0
Djibouti,DJI,2016,220000,0,0,10000,0,0,0,,0,0,0
Djibouti,DJI,2017,220000,0,0,10000,0,0,0,,0,0,0
Djibouti,DJI,2018,230000,0,0,10000,0,0,0,,0,0,0
Djibouti,DJI,2019,230000,0,0,10000,0,0,0,,0,0,0
Djibouti,DJI,2020,230000,0,0,10000,0,0,0,,0,0,0
Djibouti,DJI,2021,230000,0,0,10000,0,0,0,,0,0,0
Djibouti,DJI,2022,230000,0,0,10000,0,0,0,,0,0,0
Djibouti,DJI,2023,230000,0,0,10000,0,0,0,,0,0,0
Dominica,DMA,1990,20000,0,,0,0,0,0,,0,0,0
Dominica,DMA,1991,20000,0,,0,0,0,0,,0,0,0
Dominica,DMA,1992,20000,0,,0,0,0,0,,0,0,0
Dominica,DMA,1993,20000,0,,0,0,0,0,,0,0,0
Dominica,DMA,1994,20000,0,,0,0,0,0,,0,0,0
Dominica,DMA,1995,10000,0,,0,0,0,0,,0,0,0
Dominica,DMA,1996,10000,0,,0,0,0,0,,0,0,0
Dominica,DMA,1997,10000,0,,0,0,0,0,,0,0,0
Dominica,DMA,1998,10000,0,,0,0,0,0,,0,0,0
Dominica,DMA,1999,10000,0,,0,0,0,0,,0,0,0
Dominica,DMA,2000,10000,0,,0,0,0,0,,0,0,0
Dominica,DMA,2001,10000,0,,0,0,0,0,,0,0,0
Dominica,DMA,2002,10000,0,,0,0,0,0,,0,0,0
Dominica,DMA,2003,10000,0,,0,0,0,0,,0,0,0
Dominica,DMA,2004,10000,0,0,0,0,0,0,,0,0,0
Dominica,DMA,2005,10000,0,0,0,0,0,0,,0,0,0
Dominica,DMA,2006,10000,0,0,0,0,0,0,,0,0,0
Dominica,DMA,2007,10000,0,0,0,0,0,0,,0,0,0
Dominica,DMA,2008,10000,0,0,0,0,0,0,,0,0,0
Dominica,DMA,2009,10000,0,0,0,0,0,0,,0,0,0
Dominica,DMA,2010,10000,0,0,0,0,0,0,,0,0,0
Dominica,DMA,2011,10000,0,0,0,0,0,0,,0,0,0
Dominica,DMA,2012,10000,0,0,0,0,0,0,,0,0,0
Dominica,DMA,2013,10000,0,0,0,0,0,0,,0,0,0
Dominica,DMA,2014,10000,0,0,0,0,0,0,,0,0,0
Dominica,DMA,2015,10000,0,0,0,0,0,0,,0,0,0
Dominica,DMA,2016,10000,0,0,0,0,0,0,,0,0,0
Dominica,DMA,2017,10000,0,0,0,0,0,0,,0,0,0
Dominica,DMA,2018,10000,0,0,0,0,0,0,,0,0,0
Dominica,DMA,2019,10000,0,0,0,0,0,0,,0,0,0
Dominica,DMA,2020,10000,0,0,0,0,0,0,,0,0,0
Dominica,DMA,2021,10000,0,0,0,0,0,0,,0,0,0
Dominica,DMA,2022,10000,0,0,0,0,0,0,,0,0,0
Dominica,DMA,2023,10000,0,0,0,0,0,0,,0,0,0
Dominican Republic,DOM,1990,1550000,0,0,90000,10000,0,20000,0,10000,0,40000
Dominican Republic,DOM,1991,1670000,0,0,90000,10000,0,20000,0,10000,0,40000
Dominican Republic,DOM,1992,1620000,0,0,90000,10000,0,20000,0,10000,0,40000
Dominican Republic,DOM,1993,1630000,0,0,90000,10000,0,20000,0,10000,0,50000
Dominican Republic,DOM,1994,1660000,0,0,90000,10000,0,20000,0,10000,0,60000
Dominican Republic,DOM,1995,1680000,0,0,100000,10000,0,20000,0,10000,0,60000
Dominican Republic,DOM,1996,1760000,0,0,100000,10000,0,20000,0,10000,0,70000
Dominican Republic,DOM,1997,1810000,0,0,100000,10000,0,20000,0,10000,0,80000
Dominican Republic,DOM,1998,1780000,0,0,100000,10000,0,20000,0,10000,10000,90000
Dominican Republic,DOM,1999,1590000,0,0,100000,10000,0,20000,0,10000,10000,90000
Dominican Republic,DOM,2000,1530000,0,0,100000,10000,0,20000,0,10000,10000,90000
Dominican Republic,DOM,2001,1650000,0,0,100000,0,0,20000,0,10000,10000,90000
Dominican Republic,DOM,2002,1900000,0,0,100000,0,0,20000,0,20000,10000,100000
Dominican Republic,DOM,2003,1810000,0,0,90000,0,0,20000,0,20000,10000,90000
Dominican Republic,DOM,2004,1990000,0,0,90000,0,0,20000,0,20000,10000,90000
Dominican Republic,DOM,2005,1990000,0,0,80000,40000,0,20000,0,20000,10000,100000
Dominican Republic,DOM,2006,2120000,0,0,80000,0,0,20000,0,20000,10000,100000
Dominican Republic,DOM,2007,2280000,0,0,80000,0,0,20000,0,20000,10000,100000
Dominican Republic,DOM,2008,2250000,0,0,70000,0,0,20000,0,20000,10000,90000
Dominican Republic,DOM,2009,2300000,0,0,70000,0,0,20000,0,20000,10000,90000
Dominican Republic,DOM,2010,2410000,0,0,60000,0,0,20000,0,20000,10000,90000
Dominican Republic,DOM,2011,2370000,0,0,60000,0,0,20000,0,20000,10000,100000
Dominican Republic,DOM,2012,2290000,0,0,70000,0,0,20000,0,20000,10000,110000
Dominican Republic,DOM,2013,2310000,0,0,70000,0,0,20000,0,20000,10000,100000
Dominican Republic,DOM,2014,2350000,0,0,70000,10000,0,20000,0,20000,10000,80000
Dominican Republic,DOM,2015,2450000,0,0,70000,20000,0,20000,0,20000,10000,100000
Dominican Republic,DOM,2016,2510000,0,0,80000,0,0,20000,0,20000,10000,110000
Dominican Republic,DOM,2017,2580000,0,0,80000,0,0,20000,0,20000,10000,100000
Dominican Republic,DOM,2018,2920000,0,0,80000,0,0,20000,0,20000,10000,120000
Dominican Republic,DOM,2019,2880000,0,0,90000,0,0,20000,0,20000,10000,120000
Dominican Republic,DOM,2020,2950000,0,0,90000,0,0,20000,0,20000,10000,110000
Dominican Republic,DOM,2021,2950000,0,0,90000,0,0,20000,0,20000,10000,129999
Dominican Republic,DOM,2022,2750000,0,0,90000,0,0,20000,0,20000,10000,129999
Dominican Republic,DOM,2023,2810000,0,0,90000,10000,0,20000,0,20000,10000,140000
East Timor,TLS,1990,100000,0,,10000,0,0,,,,,
East Timor,TLS,1991,110000,0,,10000,0,0,,,,,
East Timor,TLS,1992,110000,0,,10000,0,0,,,,,
East Timor,TLS,1993,120000,0,,10000,0,0,,,,,
East Timor,TLS,1994,150000,0,,10000,0,0,,,,,
East Timor,TLS,1995,150000,0,,10000,0,0,,,,,
East Timor,TLS,1996,150000,0,,10000,0,0,,,,,
East Timor,TLS,1997,160000,0,,10000,0,0,,,,,
East Timor,TLS,1998,170000,0,,10000,0,0,,,,,
East Timor,TLS,1999,140000,0,,10000,0,0,,,,,
East Timor,TLS,2000,150000,0,,10000,0,0,,,,,
East Timor,TLS,2001,180000,0,,10000,0,0,,,,,
East Timor,TLS,2002,180000,0,,10000,10000,0,,,,0,0
East Timor,TLS,2003,170000,0,,10000,0,0,,,,0,0
East Timor,TLS,2004,170000,0,,10000,10000,0,,,,0,0
East Timor,TLS,2005,180000,0,,10000,10000,0,,,,0,0
East Timor,TLS,2006,180000,0,,10000,10000,0,,,,0,0
East Timor,TLS,2007,180000,0,,10000,0,0,,,,0,0
East Timor,TLS,2008,190000,0,,10000,0,0,,,,0,0
East Timor,TLS,2009,190000,0,,10000,0,0,,,,0,0
East Timor,TLS,2010,180000,0,,10000,0,0,,,,0,0
East Timor,TLS,2011,190000,0,,10000,0,0,,,,0,0
East Timor,TLS,2012,200000,0,,10000,0,0,,,,0,0
East Timor,TLS,2013,200000,0,0,10000,0,0,,,,0,0
East Timor,TLS,2014,210000,0,0,10000,10000,0,,,,0,0
East Timor,TLS,2015,230000,0,0,10000,0,0,,,,0,0
East Timor,TLS,2016,230000,0,0,10000,0,0,,,,0,0
East Timor,TLS,2017,220000,0,0,10000,0,0,,,,0,0
East Timor,TLS,2018,230000,0,0,10000,0,0,,,,0,0
East Timor,TLS,2019,250000,0,0,10000,10000,0,,,,0,0
East Timor,TLS,2020,230000,0,0,10000,10000,0,,,,0,0
East Timor,TLS,2021,220000,0,0,10000,0,0,,,,0,0
East Timor,TLS,2022,230000,0,0,10000,0,0,,,,0,0
East Timor,TLS,2023,230000,0,0,10000,0,0,,,,0,0
Ecuador,ECU,1990,2980000,0,0,110000,0,0,30000,0,20000,10000,129999
Ecuador,ECU,1991,3090000,0,0,110000,0,0,30000,0,20000,10000,129999
Ecuador,ECU,1992,3230000,0,0,120000,0,0,20000,0,20000,10000,129999
Ecuador,ECU,1993,3340000,0,0,120000,0,0,20000,0,20000,10000,129999
Ecuador,ECU,1994,3440000,0,0,129999,0,0,20000,0,20000,10000,140000
Ecuador,ECU,1995,3500000,0,0,129999,0,0,20000,0,20000,10000,129999
Ecuador,ECU,1996,3700000,0,0,140000,0,0,20000,0,20000,10000,160000
Ecuador,ECU,1997,4020000,0,0,140000,0,0,20000,0,10000,10000,170000
Ecuador,ECU,1998,3840000,0,0,150000,0,0,20000,0,20000,10000,160000
Ecuador,ECU,1999,3690000,0,0,150000,0,0,20000,0,20000,10000,140000
Ecuador,ECU,2000,3310000,0,0,150000,0,0,20000,0,20000,10000,140000
Ecuador,ECU,2001,4390000,0,10000,160000,10000,0,20000,0,20000,10000,140000
Ecuador,ECU,2002,3920000,0,0,160000,0,0,20000,0,20000,20000,150000
Ecuador,ECU,2003,3830000,0,0,170000,0,0,20000,0,20000,20000,150000
Ecuador,ECU,2004,3980000,0,10000,170000,0,0,20000,0,20000,20000,160000
Ecuador,ECU,2005,3760000,0,10000,180000,10000,0,20000,0,20000,20000,160000
Ecuador,ECU,2006,3830000,0,10000,180000,0,0,20000,0,20000,20000,170000
Ecuador,ECU,2007,3570000,0,10000,190000,10000,0,20000,0,20000,20000,160000
Ecuador,ECU,2008,3910000,0,10000,190000,0,0,20000,0,20000,20000,160000
Ecuador,ECU,2009,4100000,0,10000,200000,0,0,20000,0,10000,20000,170000
Ecuador,ECU,2010,4290000,0,10000,200000,0,0,10000,0,10000,20000,210000
Ecuador,ECU,2011,4330000,0,10000,220000,0,0,10000,0,10000,20000,230000
Ecuador,ECU,2012,4190000,0,10000,250000,20000,0,10000,0,20000,20000,240000
Ecuador,ECU,2013,4139999,0,10000,250000,0,0,10000,0,20000,10000,250000
Ecuador,ECU,2014,4050000,0,10000,250000,0,0,10000,0,20000,20000,259999
Ecuador,ECU,2015,3600000,0,10000,250000,10000,0,10000,0,20000,10000,270000
Ecuador,ECU,2016,3820000,0,10000,250000,0,0,10000,0,20000,10000,290000
Ecuador,ECU,2017,3850000,0,10000,250000,0,0,10000,0,20000,10000,310000
Ecuador,ECU,2018,3890000,0,10000,259999,0,0,10000,0,20000,20000,320000
Ecuador,ECU,2019,3950000,0,10000,270000,10000,0,10000,0,20000,20000,320000
Ecuador,ECU,2020,3970000,0,10000,270000,10000,0,10000,0,20000,10000,270000
Ecuador,ECU,2021,3890000,0,10000,280000,10000,0,10000,0,20000,20000,330000
Ecuador,ECU,2022,3530000,0,10000,280000,0,0,10000,0,20000,30000,340000
Ecuador,ECU,2023,3030000,0,10000,280000,0,0,10000,0,20000,30000,380000
Egypt,EGY,1990,8410000,1080000,0,0,0,10000,40000,0,50000,40000,270000
Egypt,EGY,1991,9010000,1370000,0,0,0,10000,40000,0,40000,40000,280000
Egypt,EGY,1992,8980000,1280000,0,0,0,10000,40000,0,40000,30000,280000
Egypt,EGY,1993,9680000,1350000,0,0,0,10000,40000,0,50000,40000,290000
Egypt,EGY,1994,8920000,1290000,0,0,0,10000,40000,0,40000,60000,320000
Egypt,EGY,1995,10440000,1380000,0,0,0,10000,40000,0,40000,60000,330000
Egypt,EGY,1996,10770000,1320000,0,0,0,10000,40000,0,50000,80000,350000
Egypt,EGY,1997,10460000,1250000,0,0,0,10000,40000,10000,50000,80000,360000
Egypt,EGY,1998,10920000,1460000,0,0,0,10000,40000,10000,40000,60000,400000
Egypt,EGY,1999,11030000,1630000,0,0,0,10000,40000,10000,40000,70000,430000
Egypt,EGY,2000,11710000,1910000,0,0,0,10000,40000,10000,40000,70000,440000
Egypt,EGY,2001,11960000,2140000,0,0,0,10000,40000,10000,50000,60000,430000
Egypt,EGY,2002,12570000,2030000,0,0,0,10000,40000,10000,50000,60000,440000
Egypt,EGY,2003,12930000,2140000,0,0,0,10000,40000,10000,40000,80000,460000
Egypt,EGY,2004,13950000,1960000,0,0,0,10000,40000,10000,40000,60000,480000
Egypt,EGY,2005,13780000,1900000,10000,0,0,10000,40000,10000,50000,50000,480000
Egypt,EGY,2006,13500000,2079999,10000,0,0,10000,40000,10000,40000,40000,519999
Egypt,EGY,2007,13050000,2780000,10000,0,0,10000,40000,10000,50000,50000,580000
Egypt,EGY,2008,13260000,3170000,10000,0,0,10000,40000,10000,50000,30000,630000
Egypt,EGY,2009,13160000,3430000,20000,0,0,10000,40000,10000,40000,30000,670000
Egypt,EGY,2010,12810000,3410000,20000,0,0,10000,40000,10000,50000,30000,720000
Egypt,EGY,2011,13330000,3320000,20000,0,0,10000,40000,10000,40000,30000,760000
Egypt,EGY,2012,12950000,3090000,20000,0,0,10000,40000,10000,30000,30000,830000
Egypt,EGY,2013,13010000,2830000,10000,0,0,10000,40000,10000,40000,20000,830000
Egypt,EGY,2014,13110000,2470000,10000,0,0,10000,40000,10000,40000,20000,870000
Egypt,EGY,2015,13620000,2040000,10000,0,0,10000,40000,10000,40000,20000,910000
Egypt,EGY,2016,13940000,2089999,10000,0,0,10000,40000,10000,50000,10000,950000
Egypt,EGY,2017,13760000,2150000,10000,0,0,10000,40000,10000,70000,20000,930000
Egypt,EGY,2018,13520000,2200000,10000,0,0,10000,40000,10000,80000,30000,930000
Egypt,EGY,2019,11500000,2250000,10000,0,0,10000,40000,10000,60000,20000,870000
Egypt,EGY,2020,12140000,2310000,10000,0,0,10000,40000,20000,50000,20000,910000
Egypt,EGY,2021,12270000,2360000,10000,0,0,10000,40000,20000,60000,30000,1050000
Egypt,EGY,2022,12230000,2410000,10000,0,0,10000,40000,20000,70000,30000,1090000
Egypt,EGY,2023,12100000,2470000,10000,0,0,10000,40000,20000,80000,30000,1120000
El Salvador,SLV,1990,960000,20000,0,80000,0,0,40000,0,10000,0,20000
El Salvador,SLV,1991,980000,10000,0,90000,0,0,40000,0,20000,0,20000
El Salvador,SLV,1992,990000,10000,0,90000,0,0,40000,0,10000,0,30000
El Salvador,SLV,1993,960000,0,0,90000,0,0,40000,0,10000,0,30000
El Salvador,SLV,1994,930000,0,0,90000,0,0,40000,0,10000,0,30000
El Salvador,SLV,1995,850000,0,0,90000,0,0,40000,0,10000,0,40000
El Salvador,SLV,1996,1020000,0,0,90000,0,0,40000,0,10000,0,40000
El Salvador,SLV,1997,1030000,0,0,90000,0,0,50000,0,10000,0,40000
El Salvador,SLV,1998,900000,0,0,90000,0,0,50000,0,20000,0,40000
El Salvador,SLV,1999,950000,0,0,90000,0,0,50000,0,20000,0,40000
El Salvador,SLV,2000,880000,0,0,90000,0,0,10000,0,10000,0,40000
El Salvador,SLV,2001,940000,0,0,100000,0,0,10000,0,10000,0,40000
El Salvador,SLV,2002,910000,0,0,100000,0,0,10000,0,10000,0,40000
El Salvador,SLV,2003,900000,0,0,100000,0,0,10000,0,10000,0,50000
El Salvador,SLV,2004,980000,0,0,100000,0,0,20000,0,20000,0,50000
El Salvador,SLV,2005,1100000,0,0,100000,0,0,20000,0,20000,0,50000
El Salvador,SLV,2006,1050000,0,0,100000,0,0,20000,0,20000,0,50000
El Salvador,SLV,2007,1140000,0,0,100000,0,0,10000,0,10000,0,50000
El Salvador,SLV,2008,1210000,0,0,100000,0,0,20000,0,10000,0,50000
El Salvador,SLV,2009,1130000,0,0,100000,0,0,20000,0,10000,0,50000
El Salvador,SLV,2010,1140000,0,0,100000,0,0,20000,0,10000,0,50000
El Salvador,SLV,2011,1100000,0,0,110000,0,0,10000,0,10000,0,50000
El Salvador,SLV,2012,1080000,0,0,110000,0,0,20000,0,10000,0,50000
El Salvador,SLV,2013,960000,0,0,110000,20000,0,10000,0,0,0,50000
El Salvador,SLV,2014,900000,0,0,110000,0,0,10000,0,0,0,50000
El Salvador,SLV,2015,930000,0,0,110000,10000,0,10000,0,0,0,60000
El Salvador,SLV,2016,850000,0,0,120000,0,0,10000,0,0,0,60000
El Salvador,SLV,2017,760000,0,0,120000,10000,0,10000,0,0,0,60000
El Salvador,SLV,2018,810000,0,0,120000,0,0,10000,0,0,0,60000
El Salvador,SLV,2019,640000,0,0,120000,10000,0,10000,0,0,0,70000
El Salvador,SLV,2020,750000,0,0,120000,0,0,10000,0,0,0,60000
El Salvador,SLV,2021,830000,0,0,120000,0,0,10000,0,0,0,70000
El Salvador,SLV,2022,640000,0,0,120000,0,0,10000,0,0,0,80000
El Salvador,SLV,2023,730000,0,0,129999,0,0,10000,0,0,0,80000
Equatorial Guinea,GNQ,1990,10000,0,0,0,0,0,0,0,0,0,0
Equatorial Guinea,GNQ,1991,10000,0,0,0,0,0,0,0,0,0,0
Equatorial Guinea,GNQ,1992,10000,0,0,0,0,0,0,0,0,0,0
Equatorial Guinea,GNQ,1993,10000,0,0,0,0,0,0,0,0,0,0
Equatorial Guinea,GNQ,1994,10000,0,0,0,0,0,0,0,0,0,0
Equatorial Guinea,GNQ,1995,10000,0,0,0,0,0,0,0,0,0,0
Equatorial Guinea,GNQ,1996,10000,0,0,0,0,0,0,0,0,0,0
Equatorial Guinea,GNQ,1997,10000,0,0,0,0,0,0,0,0,0,0
Equatorial Guinea,GNQ,1998,10000,0,0,0,0,0,0,0,0,0,0
Equatorial Guinea,GNQ,1999,10000,0,0,0,0,0,0,0,0,0,0
Equatorial Guinea,GNQ,2000,10000,0,0,0,0,0,0,0,0,0,0
Equatorial Guinea,GNQ,2001,10000,0,0,0,0,0,0,0,0,0,0
Equatorial Guinea,GNQ,2002,10000,0,0,0,0,0,0,0,0,0,0
Equatorial Guinea,GNQ,2003,10000,0,0,0,0,0,0,0,0,0,10000
Equatorial Guinea,GNQ,2004,10000,0,0,0,0,0,0,0,0,0,10000
Equatorial Guinea,GNQ,2005,10000,0,0,0,0,0,0,0,0,0,10000
Equatorial Guinea,GNQ,2006,10000,0,0,0,0,0,0,0,0,0,10000
Equatorial Guinea,GNQ,2007,10000,0,0,0,0,0,0,0,0,0,10000
Equatorial Guinea,GNQ,2008,10000,0,0,0,0,0,0,0,0,0,10000
Equatorial Guinea,GNQ,2009,10000,0,0,0,0,0,0,0,0,0,10000
Equatorial Guinea,GNQ,2010,10000,0,0,0,0,0,0,0,0,0,10000
Equatorial Guinea,GNQ,2011,10000,0,0,0,0,0,0,0,0,0,10000
Equatorial Guinea,GNQ,2012,10000,0,0,0,0,0,0,0,0,0,10000
Equatorial Guinea,GNQ,2013,10000,0,0,0,0,0,0,0,0,0,10000
Equatorial Guinea,GNQ,2014,10000,0,0,0,0,0,0,0,0,0,10000
Equatorial Guinea,GNQ,2015,10000,0,0,0,0,0,0,0,0,0,10000
Equatorial Guinea,GNQ,2016,10000,0,0,0,0,0,0,0,0,0,10000
Equatorial Guinea,GNQ,2017,10000,0,0,0,0,0,0,0,0,0,10000
Equatorial Guinea,GNQ,2018,10000,0,0,0,0,0,0,0,0,0,10000
Equatorial Guinea,GNQ,2019,10000,0,0,0,0,0,0,0,0,0,10000
Equatorial Guinea,GNQ,2020,10000,0,0,0,0,0,0,0,0,0,10000
Equatorial Guinea,GNQ,2021,10000,0,0,0,0,0,0,0,0,0,10000
Equatorial Guinea,GNQ,2022,10000,0,0,0,0,0,0,0,0,0,10000
Equatorial Guinea,GNQ,2023,10000,0,0,0,0,0,0,0,0,0,10000
Eritrea,ERI,1990,1050000,0,0,0,0,0,0,0,0,0,0
Eritrea,ERI,1991,1050000,0,0,0,0,0,0,0,0,0,0
Eritrea,ERI,1992,1080000,0,0,0,0,0,20000,0,0,0,0
Eritrea,ERI,1993,870000,0,0,0,0,0,20000,0,0,0,0
Eritrea,ERI,1994,900000,0,0,0,0,0,20000,0,0,0,0
Eritrea,ERI,1995,910000,0,0,0,0,0,20000,0,0,0,0
Eritrea,ERI,1996,1060000,0,0,0,0,0,20000,0,0,0,10000
Eritrea,ERI,1997,1230000,0,0,0,0,0,20000,0,0,0,10000
Eritrea,ERI,1998,1310000,0,0,0,0,0,20000,0,0,0,0
Eritrea,ERI,1999,1340000,0,0,0,0,0,20000,0,0,0,0
Eritrea,ERI,2000,1400000,0,0,0,10000,0,20000,0,0,0,0
Eritrea,ERI,2001,1260000,0,0,0,0,0,20000,0,0,0,0
Eritrea,ERI,2002,1230000,0,0,0,0,0,20000,0,0,0,0
Eritrea,ERI,2003,1270000,0,0,0,0,0,20000,0,0,0,0
Eritrea,ERI,2004,1280000,0,0,0,0,0,10000,0,0,0,0
Eritrea,ERI,2005,1320000,0,0,0,0,0,10000,0,0,0,0
Eritrea,ERI,2006,1270000,0,0,0,0,0,10000,0,0,0,0
Eritrea,ERI,2007,1360000,0,0,0,0,0,10000,0,0,0,0
Eritrea,ERI,2008,1350000,0,0,0,0,0,10000,0,0,0,0
Eritrea,ERI,2009,1350000,0,0,0,0,0,10000,0,0,0,0
Eritrea,ERI,2010,1320000,0,0,0,0,0,10000,0,0,0,0
Eritrea,ERI,2011,1380000,0,0,0,0,0,20000,0,0,0,0
Eritrea,ERI,2012,1380000,0,0,0,0,0,20000,0,0,0,0
Eritrea,ERI,2013,1390000,0,0,0,0,0,20000,0,0,0,0
Eritrea,ERI,2014,1400000,0,0,0,0,0,20000,0,0,0,0
Eritrea,ERI,2015,1410000,0,0,0,0,0,20000,0,0,0,0
Eritrea,ERI,2016,1420000,0,0,0,0,0,20000,0,0,0,0
Eritrea,ERI,2017,1420000,0,0,0,0,0,20000,0,0,0,0
Eritrea,ERI,2018,1450000,0,0,0,0,0,20000,0,0,0,0
Eritrea,ERI,2019,1450000,0,0,0,0,0,20000,0,0,0,0
Eritrea,ERI,2020,1470000,0,0,0,0,0,20000,0,0,0,0
Eritrea,ERI,2021,1450000,0,0,0,0,0,20000,0,0,0,0
Eritrea,ERI,2022,1460000,0,0,0,0,0,20000,0,0,0,0
Eritrea,ERI,2023,1460000,0,0,0,0,0,20000,0,0,0,0
Estonia,EST,1990,1810000,170000,0,30000,0,0,10000,0,10000,0,60000
Estonia,EST,1991,1700000,129999,0,30000,0,0,10000,0,10000,10000,50000
Estonia,EST,1992,1520000,70000,0,30000,0,0,10000,0,0,0,30000
Estonia,EST,1993,1400000,30000,0,30000,0,0,10000,0,0,0,30000
Estonia,EST,1994,1280000,80000,0,30000,0,0,10000,0,0,0,40000
Estonia,EST,1995,1230000,80000,0,30000,0,0,20000,0,10000,0,40000
Estonia,EST,1996,1190000,70000,0,30000,0,0,20000,0,10000,0,40000
Estonia,EST,1997,1190000,60000,0,30000,0,0,20000,0,10000,0,40000
Estonia,EST,1998,1230000,40000,0,30000,0,0,20000,0,10000,0,40000
Estonia,EST,1999,1250000,60000,0,30000,0,0,20000,0,10000,0,40000
Estonia,EST,2000,1280000,60000,0,30000,0,0,20000,0,10000,0,40000
Estonia,EST,2001,1250000,60000,0,30000,0,0,20000,0,10000,0,50000
Estonia,EST,2002,1250000,40000,0,30000,0,0,20000,0,10000,0,50000
Estonia,EST,2003,1280000,50000,0,30000,0,0,20000,0,10000,0,50000
Estonia,EST,2004,1300000,80000,0,20000,0,0,20000,0,10000,0,50000
Estonia,EST,2005,1290000,120000,0,30000,0,0,10000,0,10000,0,50000
Estonia,EST,2006,1300000,120000,0,30000,0,0,10000,0,10000,10000,50000
Estonia,EST,2007,1330000,120000,0,30000,0,0,20000,0,10000,10000,50000
Estonia,EST,2008,1390000,120000,0,30000,0,0,20000,0,10000,10000,50000
Estonia,EST,2009,1340000,20000,0,30000,0,0,20000,0,10000,10000,50000
Estonia,EST,2010,1350000,0,0,30000,0,0,20000,0,10000,10000,50000
Estonia,EST,2011,1370000,0,0,30000,0,0,20000,0,10000,10000,50000
Estonia,EST,2012,1410000,10000,0,30000,0,0,20000,0,10000,10000,50000
Estonia,EST,2013,1420000,70000,0,30000,0,0,20000,0,10000,10000,40000
Estonia,EST,2014,1440000,0,0,30000,0,0,20000,0,10000,10000,40000
Estonia,EST,2015,1470000,0,0,30000,0,0,20000,0,10000,10000,40000
Estonia,EST,2016,1410000,0,0,30000,0,0,20000,0,0,10000,40000
Estonia,EST,2017,1440000,0,0,30000,0,0,20000,0,0,10000,40000
Estonia,EST,2018,1430000,0,0,30000,0,0,20000,0,0,10000,50000
Estonia,EST,2019,1480000,0,0,30000,0,0,20000,0,0,10000,50000
Estonia,EST,2020,1480000,0,0,30000,0,0,20000,0,0,10000,50000
Estonia,EST,2021,1490000,0,0,30000,0,0,20000,0,0,10000,50000
Estonia,EST,2022,1480000,0,0,30000,0,0,20000,0,0,10000,50000
Estonia,EST,2023,1430000,0,0,30000,0,0,20000,0,0,10000,50000
Eswatini,SWZ,1990,420000,0,0,0,10000,0,20000,0,0,0,10000
Eswatini,SWZ,1991,420000,0,0,0,10000,0,20000,0,0,0,10000
Eswatini,SWZ,1992,440000,0,0,0,10000,0,20000,0,0,0,10000
Eswatini,SWZ,1993,370000,0,0,0,10000,0,20000,0,0,0,10000
Eswatini,SWZ,1994,360000,0,0,0,10000,0,20000,0,0,0,10000
Eswatini,SWZ,1995,370000,0,0,0,10000,0,20000,0,0,0,10000
Eswatini,SWZ,1996,370000,0,0,0,30000,0,20000,0,0,0,0
Eswatini,SWZ,1997,360000,0,0,0,20000,0,20000,0,0,0,10000
Eswatini,SWZ,1998,360000,0,0,0,40000,0,20000,0,0,0,10000
Eswatini,SWZ,1999,340000,0,0,0,20000,0,20000,0,0,0,10000
Eswatini,SWZ,2000,340000,0,0,0,10000,0,20000,0,0,0,10000
Eswatini,SWZ,2001,300000,0,0,0,10000,0,20000,0,0,0,10000
Eswatini,SWZ,2002,340000,0,0,0,0,0,20000,0,0,0,10000
Eswatini,SWZ,2003,350000,0,0,0,10000,0,20000,0,0,0,10000
Eswatini,SWZ,2004,360000,0,0,0,10000,0,20000,0,0,0,10000
Eswatini,SWZ,2005,360000,0,0,0,10000,0,20000,0,0,0,10000
Eswatini,SWZ,2006,340000,0,0,0,0,0,20000,0,0,0,10000
Eswatini,SWZ,2007,370000,0,0,0,70000,0,20000,0,0,0,10000
Eswatini,SWZ,2008,370000,0,0,0,50000,0,20000,0,0,0,10000
Eswatini,SWZ,2009,360000,0,0,0,0,0,20000,0,0,0,10000
Eswatini,SWZ,2010,390000,0,0,0,20000,0,10000,0,0,0,10000
Eswatini,SWZ,2011,390000,0,0,0,20000,0,10000,0,10000,0,10000
Eswatini,SWZ,2012,400000,0,0,0,10000,0,10000,0,10000,0,10000
Eswatini,SWZ,2013,390000,0,0,0,10000,0,10000,0,10000,0,10000
Eswatini,SWZ,2014,390000,0,0,0,10000,0,10000,0,10000,0,10000
Eswatini,SWZ,2015,360000,0,0,0,10000,0,10000,0,10000,0,10000
Eswatini,SWZ,2016,330000,0,0,0,10000,0,20000,0,10000,0,10000
Eswatini,SWZ,2017,340000,0,0,0,0,0,10000,0,10000,0,10000
Eswatini,SWZ,2018,340000,0,0,0,0,0,10000,0,10000,0,10000
Eswatini,SWZ,2019,380000,0,0,0,20000,0,10000,0,10000,0,10000
Eswatini,SWZ,2020,370000,0,0,0,0,0,10000,0,10000,0,10000
Eswatini,SWZ,2021,380000,0,0,0,10000,0,10000,0,10000,0,10000
Eswatini,SWZ,2022,350000,0,0,0,0,0,10000,0,10000,0,20000
Eswatini,SWZ,2023,350000,0,0,0,0,0,10000,0,10000,0,20000
Ethiopia,ETH,1990,19130000,0,0,530000,550000,0,550000,0,0,0,10000
Ethiopia,ETH,1991,19100000,0,0,550000,550000,0,570000,0,0,0,20000
Ethiopia,ETH,1992,19540000,0,0,570000,550000,0,600000,0,0,0,10000
Ethiopia,ETH,1993,17250000,0,0,590000,550000,0,620000,0,0,0,10000
Ethiopia,ETH,1994,17480000,0,0,610000,550000,0,640000,0,0,0,20000
Ethiopia,ETH,1995,17600000,0,0,630000,550000,0,660000,0,0,0,20000
Ethiopia,ETH,1996,18740000,0,0,650000,210000,0,680000,0,0,0,20000
Ethiopia,ETH,1997,19160000,0,0,670000,630000,0,700000,0,0,0,20000
Ethiopia,ETH,1998,21070000,0,0,690000,590000,0,730000,0,0,0,20000
Ethiopia,ETH,1999,20880000,0,0,710000,870000,0,750000,0,0,0,20000
Ethiopia,ETH,2000,19640000,0,0,730000,690000,0,770000,0,0,0,30000
Ethiopia,ETH,2001,20320000,0,0,750000,880000,0,790000,0,0,0,30000
Ethiopia,ETH,2002,23370000,0,0,610000,410000,0,820000,0,0,0,30000
Ethiopia,ETH,2003,22230000,0,0,770000,560000,0,840000,0,0,0,30000
Ethiopia,ETH,2004,23040000,0,0,790000,570000,0,870000,0,0,0,40000
Ethiopia,ETH,2005,24280000,0,0,810000,630000,0,890000,0,0,0,30000
Ethiopia,ETH,2006,25540000,0,0,830000,620000,0,920000,0,0,0,30000
Ethiopia,ETH,2007,28670000,0,0,670000,800000,0,950000,0,0,10000,40000
Ethiopia,ETH,2008,29490000,0,0,880000,580000,0,970000,0,0,10000,40000
Ethiopia,ETH,2009,30880000,0,0,900000,290000,0,1000000,0,0,10000,40000
Ethiopia,ETH,2010,32330002,0,0,930000,450000,0,1020000,0,0,10000,40000
Ethiopia,ETH,2011,31760000,0,0,950000,540000,0,1050000,0,10000,10000,40000
Ethiopia,ETH,2012,33580000,0,0,980000,580000,0,1080000,0,10000,10000,50000
Ethiopia,ETH,2013,34160000,0,0,1000000,460000,0,1100000,0,10000,10000,60000
Ethiopia,ETH,2014,35530000,0,0,1039999,530000,0,1130000,0,10000,10000,70000
Ethiopia,ETH,2015,36440000,0,0,1080000,400000,0,1150000,0,10000,10000,70000
Ethiopia,ETH,2016,37860000,0,0,1100000,430000,0,1180000,0,10000,10000,90000
Ethiopia,ETH,2017,38590000,0,0,1120000,480000,0,1200000,0,10000,20000,100000
Ethiopia,ETH,2018,38600000,0,0,1150000,460000,0,1230000,0,10000,20000,110000
Ethiopia,ETH,2019,42090000,0,0,1180000,550000,0,1250000,0,10000,20000,120000
Ethiopia,ETH,2020,45010000,0,0,1210000,710000,0,1280000,0,10000,10000,110000
Ethiopia,ETH,2021,42720000,0,0,1240000,690000,0,1280000,0,10000,20000,120000
Ethiopia,ETH,2022,42910000,0,0,1270000,470000,0,1340000,0,20000,20000,120000
Ethiopia,ETH,2023,46030000,0,0,1310000,420000,0,1370000,0,20000,30000,110000
Europe,OWID_EUR,1990,364130016,116610000,810000,13910000,3030000,890000,3690000,280000,2690000,1630000,21640000
Europe,OWID_EUR,1991,344580000,111790000,790000,13550000,3030000,870000,3680000,270000,2410000,1550000,21610000
Europe,OWID_EUR,1992,322709984,107840000,610000,13160000,3030000,850000,3220000,250000,2330000,1550000,21020000
Europe,OWID_EUR,1993,310940000,102170000,650000,12910000,3030000,800000,3310000,260000,2130000,1530000,20140000
Europe,OWID_EUR,1994,299830016,105190000,500000,12660000,3030000,790000,3000000,260000,2080000,1540000,19120000
Europe,OWID_EUR,1995,291540000,104800000,470000,12550000,3030000,760000,2900000,260000,2110000,1550000,19050000
Europe,OWID_EUR,1996,290010016,107980000,490000,12320000,7380000,870000,3040000,270000,2110000,1640000,19330000
Europe,OWID_EUR,1997,285180000,103930000,450000,12320000,2930000,890000,2940000,280000,2070000,1740000,19490000
Europe,OWID_EUR,1998,278550016,84010000,400000,12310000,5470000,870000,2860000,280000,2000000,1810000,19920000
Europe,OWID_EUR,1999,273850016,67130000,370000,12180000,3620000,830000,2860000,270000,1930000,1820000,20060000
Europe,OWID_EUR,2000,269000000,69450000,390000,12170000,4190000,880000,2750000,250000,1940000,1950000,20070000
Europe,OWID_EUR,2001,269669984,68660000,400000,12160000,1450000,940000,2840000,270000,1910000,1940000,20180000
Europe,OWID_EUR,2002,268100000,63460000,400000,12250000,2680000,910000,2740000,240000,1850000,1960000,20400000
Europe,OWID_EUR,2003,266750000,63410000,380000,12150000,4030000,1010000,2900000,250000,1960000,2020000,20540000
Europe,OWID_EUR,2004,265040000,64720000,390000,12200000,3160000,990000,2830000,250000,1990000,2130000,21130000
Europe,OWID_EUR,2005,259440000,63510000,360000,12360000,1880000,970000,2920000,240000,1930000,2210000,21200000
Europe,OWID_EUR,2006,257400000,55480000,310000,12170000,2930000,1020000,3050000,240000,1940000,2320000,21860000
Europe,OWID_EUR,2007,261970000,55930000,320000,12090000,1550000,1070000,3030000,230000,2020000,2410000,22410000
Europe,OWID_EUR,2008,265160000,45370000,310000,12100000,4730000,940000,3310000,250000,1900000,2430000,22610000
Europe,OWID_EUR,2009,257040000,37140000,300000,12070000,2220000,990000,3220000,210000,1720000,2230000,22200000
Europe,OWID_EUR,2010,257820000,29150000,280000,12090000,3240000,1050000,3450000,230000,1870000,2290000,22340000
Europe,OWID_EUR,2011,260150000,25350000,290000,11960000,3310000,1030000,3110000,200000,1940000,2340000,22490000
Europe,OWID_EUR,2012,259170000,23680000,270000,11910000,5150000,900000,3400000,200000,2080000,2140000,21980000
Europe,OWID_EUR,2013,263910000,21160000,280000,11940000,1520000,1000000,3400000,210000,2120000,2120000,21440000
Europe,OWID_EUR,2014,268770016,20480000,290000,11970000,5040000,840000,3010000,210000,2170000,2350000,21710000
Europe,OWID_EUR,2015,268300000,20140000,260000,11850000,1780000,870000,3150000,200000,2210000,2370000,21750000
Europe,OWID_EUR,2016,270300000,19870000,300000,11880000,3330000,830000,3160000,190000,2260000,2370000,21930000
Europe,OWID_EUR,2017,273210016,20180000,300000,11990000,2220000,820000,3180000,190000,2270000,2500000,22490000
Europe,OWID_EUR,2018,264840000,19310000,310000,12030000,3210000,950000,3290000,170000,2330000,2580000,23130000
Europe,OWID_EUR,2019,267300000,20020000,310000,12020000,2850000,930000,3250000,160000,2470000,2560000,23790000
Europe,OWID_EUR,2020,271500000,19900000,270000,12110000,1640000,950000,3230000,130000,2420000,1610000,21360000
Europe,OWID_EUR,2021,267160000,19710000,280000,11910000,1590000,940000,3420000,140000,2530000,1720000,23070000
Europe,OWID_EUR,2022,255270000,19820000,330000,11870000,1690000,940000,3220000,150000,2430000,2180000,23520000
Europe,OWID_EUR,2023,252990000,19940000,330000,11840000,1400000,940000,3030000,150000,2440000,2260000,23690000
European Union (27),OWID_EU27,1990,196200000,82410000,280000,7410000,120000,530000,2270000,150000,1840000,1120000,11950000
European Union (27),OWID_EU27,1991,186110000,78210000,290000,7240000,120000,510000,2340000,150000,1680000,1110000,12070000
European Union (27),OWID_EU27,1992,175190000,79910000,280000,7110000,120000,530000,2180000,150000,1570000,1150000,12390000
European Union (27),OWID_EU27,1993,172520000,78630000,280000,6950000,120000,500000,2300000,160000,1520000,1170000,12450000
European Union (27),OWID_EU27,1994,172560000,82760000,280000,6890000,120000,490000,2130000,170000,1550000,1180000,12480000
European Union (27),OWID_EU27,1995,170380000,83840000,280000,6820000,120000,440000,2140000,180000,1620000,1210000,12610000
European Union (27),OWID_EU27,1996,174310000,86570000,290000,6730000,150000,540000,2300000,180000,1620000,1260000,12950000
European Union (27),OWID_EU27,1997,174040000,82150000,290000,6670000,200000,580000,2260000,180000,1650000,1340000,13130000
European Union (27),OWID_EU27,1998,173620000,62870000,280000,6710000,270000,519999,2200000,180000,1560000,1410000,13520000
European Union (27),OWID_EU27,1999,172790000,53790000,270000,6720000,120000,490000,2130000,170000,1490000,1420000,13690000
European Union (27),OWID_EU27,2000,169260000,55270000,259999,6710000,180000,550000,2079999,160000,1510000,1510000,13650000
European Union (27),OWID_EU27,2001,167770000,55050000,259999,6690000,30000,570000,2160000,170000,1450000,1520000,13720000
European Union (27),OWID_EU27,2002,166860000,49950000,259999,6740000,50000,519999,2130000,150000,1420000,1540000,13850000
European Union (27),OWID_EU27,2003,166400000,50270000,230000,6690000,310000,610000,2310000,150000,1510000,1580000,14000000
European Union (27),OWID_EU27,2004,167520000,50830000,230000,6750000,40000,530000,2270000,150000,1510000,1680000,14280000
European Union (27),OWID_EU27,2005,163080000,49420000,220000,6840000,240000,519999,2360000,150000,1510000,1720000,14320000
European Union (27),OWID_EU27,2006,161400000,42140000,230000,6610000,120000,570000,2420000,150000,1530000,1830000,14700000
European Union (27),OWID_EU27,2007,165170000,41080000,210000,6510000,150000,580000,2410000,150000,1580000,1900000,15180000
European Union (27),OWID_EU27,2008,162080000,31980000,210000,6500000,40000,540000,2650000,150000,1500000,1910000,15190000
European Union (27),OWID_EU27,2009,157310000,26690000,210000,6540000,50000,560000,2630000,140000,1390000,1720000,15020000
European Union (27),OWID_EU27,2010,159940000,17630000,220000,6530000,60000,570000,2820000,140000,1490000,1740000,15100000
European Union (27),OWID_EU27,2011,158010000,13800000,210000,6390000,60000,540000,2500000,129999,1540000,1750000,15100000
European Union (27),OWID_EU27,2012,158550000,12700000,200000,6290000,129999,440000,2750000,120000,1470000,1670000,14740000
European Union (27),OWID_EU27,2013,161460000,10850000,210000,6340000,40000,550000,2780000,110000,1490000,1620000,14150000
European Union (27),OWID_EU27,2014,163910000,10750000,200000,6310000,50000,430000,2440000,110000,1480000,1610000,14400000
European Union (27),OWID_EU27,2015,165410000,10460000,200000,6250000,40000,510000,2540000,100000,1520000,1630000,14570000
European Union (27),OWID_EU27,2016,164620000,9750000,200000,6300000,100000,480000,2520000,100000,1580000,1710000,14750000
European Union (27),OWID_EU27,2017,166010000,10060000,210000,6380000,370000,460000,2540000,100000,1580000,1790000,15160000
European Union (27),OWID_EU27,2018,158280000,9330000,220000,6400000,30000,560000,2580000,100000,1600000,1860000,15410000
European Union (27),OWID_EU27,2019,158460000,8950000,220000,6370000,50000,470000,2540000,90000,1610000,1870000,15610000
European Union (27),OWID_EU27,2020,159810000,8560000,220000,6410000,90000,540000,2460000,90000,1590000,1250000,13960000
European Union (27),OWID_EU27,2021,154910000,8340000,230000,6310000,150000,530000,2650000,90000,1650000,1380000,15050000
European Union (27),OWID_EU27,2022,147010000,8370000,220000,6350000,230000,530000,2480000,90000,1630000,1690000,15370000
European Union (27),OWID_EU27,2023,146830000,8410000,210000,6370000,170000,530000,2320000,90000,1600000,1710000,15480000
Fiji,FJI,1990,280000,0,0,10000,0,0,0,0,0,0,0
Fiji,FJI,1991,280000,0,0,10000,0,0,0,0,0,0,0
Fiji,FJI,1992,280000,0,0,10000,0,0,0,0,0,0,0
Fiji,FJI,1993,300000,0,0,10000,0,0,0,0,0,0,0
Fiji,FJI,1994,310000,0,0,10000,0,0,0,0,0,0,0
Fiji,FJI,1995,330000,0,0,10000,0,0,0,0,0,0,0
Fiji,FJI,1996,330000,0,0,10000,0,0,0,0,0,0,0
Fiji,FJI,1997,330000,0,0,10000,0,0,0,0,0,0,0
Fiji,FJI,1998,320000,0,0,10000,0,0,0,0,0,0,0
Fiji,FJI,1999,300000,0,0,10000,0,0,0,0,0,0,0
Fiji,FJI,2000,280000,0,0,10000,0,0,0,0,0,0,0
Fiji,FJI,2001,300000,0,0,10000,0,0,0,0,0,0,0
Fiji,FJI,2002,310000,0,0,10000,0,0,0,0,0,0,0
Fiji,FJI,2003,270000,0,0,10000,10000,0,0,0,0,0,0
Fiji,FJI,2004,300000,0,0,10000,0,0,0,0,0,0,0
Fiji,FJI,2005,290000,0,0,10000,0,0,0,0,0,0,0
Fiji,FJI,2006,280000,0,0,10000,0,0,0,0,0,0,0
Fiji,FJI,2007,280000,0,0,10000,0,0,0,0,0,0,0
Fiji,FJI,2008,290000,0,0,10000,0,0,0,0,0,0,0
Fiji,FJI,2009,270000,0,0,10000,10000,0,0,0,0,0,0
Fiji,FJI,2010,270000,0,0,10000,0,0,0,0,0,0,0
Fiji,FJI,2011,270000,0,0,10000,0,0,0,0,0,0,0
Fiji,FJI,2012,280000,0,0,10000,0,0,0,0,0,0,0
Fiji,FJI,2013,280000,0,0,10000,0,0,0,0,0,0,0
Fiji,FJI,2014,120000,0,0,10000,10000,0,0,0,0,0,0
Fiji,FJI,2015,140000,0,0,10000,10000,0,0,0,0,0,0
Fiji,FJI,2016,129999,0,0,10000,0,0,0,0,0,0,0
Fiji,FJI,2017,150000,0,0,10000,0,0,0,0,0,0,0
Fiji,FJI,2018,140000,0,0,10000,0,0,0,0,0,0,0
Fiji,FJI,2019,160000,0,0,10000,0,0,0,0,0,0,0
Fiji,FJI,2020,150000,0,0,10000,0,0,0,0,0,0,0
Fiji,FJI,2021,140000,0,0,10000,0,0,0,0,0,0,0
Fiji,FJI,2022,150000,0,0,10000,0,0,0,0,0,0,0
Fiji,FJI,2023,170000,0,,10000,0,0,0,,0,0,0
Finland,FIN,1990,4320000,1470000,10000,70000,0,0,50000,0,140000,20000,220000
Finland,FIN,1991,4010000,1290000,10000,70000,0,0,60000,0,120000,20000,210000
Finland,FIN,1992,3980000,1170000,10000,60000,0,0,60000,0,120000,20000,210000
Finland,FIN,1993,3990000,1220000,10000,60000,0,0,50000,0,129999,20000,210000
Finland,FIN,1994,4050000,1280000,10000,60000,0,0,50000,0,150000,20000,220000
Finland,FIN,1995,4030000,1310000,10000,60000,0,0,50000,0,150000,10000,210000
Finland,FIN,1996,4000000,1310000,10000,60000,0,0,60000,0,150000,20000,200000
Finland,FIN,1997,4030000,1290000,10000,60000,0,0,60000,0,160000,20000,210000
Finland,FIN,1998,3970000,1230000,10000,60000,0,0,60000,0,170000,20000,210000
Finland,FIN,1999,4030000,1210000,10000,60000,0,0,60000,0,180000,20000,220000
Finland,FIN,2000,4090000,1210000,10000,60000,0,0,50000,0,170000,20000,210000
Finland,FIN,2001,4060000,1150000,10000,60000,0,0,60000,0,160000,20000,210000
Finland,FIN,2002,4070000,1180000,10000,60000,0,0,60000,0,160000,20000,210000
Finland,FIN,2003,4070000,1240000,10000,60000,0,0,60000,0,160000,20000,220000
Finland,FIN,2004,4070000,1320000,10000,60000,0,0,60000,0,170000,20000,220000
Finland,FIN,2005,4070000,1430000,10000,60000,0,0,60000,0,150000,20000,220000
Finland,FIN,2006,4050000,1270000,10000,60000,0,0,60000,0,170000,20000,220000
Finland,FIN,2007,4070000,1300000,10000,60000,0,0,60000,0,170000,20000,230000
Finland,FIN,2008,4159999,1380000,10000,60000,0,0,60000,0,160000,20000,230000
Finland,FIN,2009,4020000,700000,10000,60000,0,0,70000,0,129999,20000,230000
Finland,FIN,2010,4090000,170000,10000,70000,0,0,70000,0,150000,20000,230000
Finland,FIN,2011,4040000,140000,10000,70000,0,0,60000,0,150000,20000,240000
Finland,FIN,2012,4050000,170000,10000,70000,0,0,70000,0,150000,20000,240000
Finland,FIN,2013,4070000,210000,10000,70000,0,0,60000,0,160000,20000,240000
Finland,FIN,2014,4139999,210000,10000,70000,0,0,60000,0,160000,20000,280000
Finland,FIN,2015,4090000,250000,10000,70000,0,0,60000,0,170000,20000,270000
Finland,FIN,2016,4080000,220000,10000,70000,0,0,70000,0,180000,20000,230000
Finland,FIN,2017,4090000,230000,10000,70000,0,0,60000,0,180000,20000,259999
Finland,FIN,2018,4100000,210000,10000,70000,0,0,60000,0,190000,20000,259999
Finland,FIN,2019,4240000,200000,10000,70000,0,0,60000,0,200000,30000,259999
Finland,FIN,2020,4179999,220000,10000,70000,0,0,60000,0,180000,10000,240000
Finland,FIN,2021,4179999,250000,10000,70000,0,0,60000,0,190000,10000,290000
Finland,FIN,2022,4020000,250000,10000,70000,0,0,60000,0,160000,20000,259999
Finland,FIN,2023,4170000,250000,10000,70000,0,0,60000,0,160000,20000,259999
France,FRA,1990,32660000,21190000,20000,530000,10000,200000,500000,30000,190000,120000,2069999
France,FRA,1991,33070000,21340000,20000,540000,10000,200000,570000,30000,180000,120000,2120000
France,FRA,1992,30510000,21750000,20000,530000,10000,200000,550000,30000,180000,129999,2150000
France,FRA,1993,30480000,21750000,20000,530000,10000,200000,530000,20000,160000,129999,2170000
France,FRA,1994,30920000,22330000,20000,530000,10000,200000,460000,30000,170000,129999,2140000
France,FRA,1995,31440000,23060000,20000,540000,10000,200000,470000,30000,170000,129999,2170000
France,FRA,1996,32650002,23490000,20000,530000,0,200000,519999,30000,180000,140000,2150000
France,FRA,1997,32470002,22970000,20000,519999,10000,190000,460000,30000,180000,150000,2200000
France,FRA,1998,32570000,16559999,30000,519999,10000,180000,470000,30000,170000,160000,2260000
France,FRA,1999,32750000,11910000,30000,500000,10000,170000,450000,30000,150000,170000,2240000
France,FRA,2000,31940000,10600000,30000,490000,10000,180000,420000,20000,150000,170000,2280000
France,FRA,2001,32040000,10600000,30000,470000,10000,170000,440000,30000,150000,160000,2260000
France,FRA,2002,31120000,8540000,30000,450000,10000,160000,400000,20000,150000,160000,2260000
France,FRA,2003,30880000,8420000,30000,430000,40000,170000,430000,20000,150000,170000,2210000
France,FRA,2004,31150000,5960000,40000,410000,10000,170000,440000,20000,150000,180000,2210000
France,FRA,2005,30050000,6010000,40000,390000,20000,190000,420000,10000,150000,180000,2200000
France,FRA,2006,29850000,5380000,40000,390000,0,180000,380000,20000,129999,180000,2210000
France,FRA,2007,30930000,5010000,40000,350000,0,190000,360000,20000,140000,190000,2310000
France,FRA,2008,29860000,4130000,40000,360000,10000,170000,390000,20000,129999,180000,2370000
France,FRA,2009,28590000,3490000,40000,370000,10000,170000,400000,20000,120000,170000,2370000
France,FRA,2010,29120000,2030000,40000,380000,10000,170000,430000,10000,129999,170000,2350000
France,FRA,2011,28160000,1230000,40000,380000,0,129999,340000,10000,150000,180000,2460000
France,FRA,2012,28760000,910000,30000,370000,30000,129999,400000,10000,150000,180000,2460000
France,FRA,2013,29560000,890000,40000,360000,0,100000,430000,10000,150000,170000,2450000
France,FRA,2014,29800000,1050000,40000,360000,10000,100000,350000,10000,140000,160000,2490000
France,FRA,2015,30400000,1150000,30000,350000,0,110000,370000,10000,140000,170000,2520000
France,FRA,2016,29010000,910000,30000,350000,0,90000,390000,10000,150000,160000,2530000
France,FRA,2017,30440000,1470000,30000,350000,30000,90000,380000,10000,129999,170000,2560000
France,FRA,2018,28990000,970000,30000,350000,0,90000,370000,10000,129999,170000,2530000
France,FRA,2019,28420000,810000,30000,350000,30000,110000,370000,10000,129999,180000,2530000
France,FRA,2020,27820000,660000,30000,350000,10000,110000,330000,0,120000,80000,2140000
France,FRA,2021,27440000,540000,40000,350000,10000,110000,380000,0,160000,90000,2420000
France,FRA,2022,25360000,550000,40000,350000,50000,110000,340000,0,150000,129999,2490000
France,FRA,2023,25330000,560000,40000,350000,10000,110000,330000,0,150000,140000,2480000
Gabon,GAB,1990,200000,0,0,10000,20000,20000,30000,0,10000,0,10000
Gabon,GAB,1991,210000,0,0,20000,20000,20000,30000,0,10000,0,10000
Gabon,GAB,1992,210000,0,0,20000,20000,20000,30000,0,10000,10000,10000
Gabon,GAB,1993,210000,0,0,20000,20000,20000,30000,0,10000,10000,10000
Gabon,GAB,1994,210000,0,0,20000,20000,20000,30000,0,10000,0,10000
Gabon,GAB,1995,200000,0,0,20000,20000,20000,30000,0,10000,0,10000
Gabon,GAB,1996,150000,0,0,20000,10000,20000,30000,0,10000,0,10000
Gabon,GAB,1997,170000,0,0,20000,10000,20000,30000,0,10000,0,10000
Gabon,GAB,1998,170000,0,0,20000,10000,20000,30000,0,10000,10000,10000
Gabon,GAB,1999,180000,0,0,20000,10000,20000,30000,0,10000,10000,10000
Gabon,GAB,2000,160000,0,0,20000,10000,20000,30000,0,10000,10000,10000
Gabon,GAB,2001,160000,0,0,20000,0,20000,30000,0,10000,10000,10000
Gabon,GAB,2002,190000,0,0,20000,20000,20000,30000,0,20000,10000,10000
Gabon,GAB,2003,200000,0,0,30000,10000,20000,40000,0,40000,10000,10000
Gabon,GAB,2004,240000,0,0,30000,40000,20000,40000,0,50000,10000,10000
Gabon,GAB,2005,210000,0,0,30000,20000,20000,40000,0,70000,10000,10000
Gabon,GAB,2006,240000,0,0,30000,20000,20000,40000,0,80000,10000,10000
Gabon,GAB,2007,240000,0,0,30000,10000,20000,40000,0,90000,10000,10000
Gabon,GAB,2008,259999,0,0,30000,20000,20000,40000,0,110000,10000,10000
Gabon,GAB,2009,220000,0,0,30000,10000,20000,40000,0,120000,10000,10000
Gabon,GAB,2010,230000,0,0,40000,10000,20000,40000,0,140000,10000,10000
Gabon,GAB,2011,270000,0,0,40000,30000,20000,50000,0,90000,10000,10000
Gabon,GAB,2012,259999,0,0,40000,10000,20000,50000,0,60000,10000,10000
Gabon,GAB,2013,280000,0,0,40000,20000,20000,50000,0,129999,10000,10000
Gabon,GAB,2014,240000,0,0,50000,10000,20000,50000,0,120000,10000,10000
Gabon,GAB,2015,259999,0,0,50000,10000,20000,50000,0,120000,10000,10000
Gabon,GAB,2016,270000,0,0,50000,20000,20000,50000,0,120000,10000,10000
Gabon,GAB,2017,300000,0,0,50000,20000,20000,50000,0,120000,0,0
Gabon,GAB,2018,259999,0,0,50000,20000,20000,50000,0,120000,0,0
Gabon,GAB,2019,290000,0,0,50000,20000,20000,50000,0,120000,0,0
Gabon,GAB,2020,250000,0,0,50000,20000,20000,50000,0,120000,0,0
Gabon,GAB,2021,230000,0,0,50000,20000,20000,50000,0,120000,0,0
Gabon,GAB,2022,310000,0,0,50000,30000,20000,50000,0,120000,0,0
Gabon,GAB,2023,270000,0,0,50000,20000,20000,50000,0,120000,0,0
Gambia,GMB,1990,240000,0,0,0,50000,0,,,0,0,0
Gambia,GMB,1991,250000,0,0,0,50000,0,,,0,0,0
Gambia,GMB,1992,250000,0,0,0,50000,0,,,0,0,0
Gambia,GMB,1993,250000,0,0,0,50000,0,,,0,0,0
Gambia,GMB,1994,250000,0,0,0,50000,0,,,0,0,0
Gambia,GMB,1995,250000,0,0,0,50000,0,,,0,0,0
Gambia,GMB,1996,270000,0,0,0,40000,0,,,0,0,0
Gambia,GMB,1997,250000,0,0,0,40000,0,,,0,0,0
Gambia,GMB,1998,270000,0,0,0,40000,0,,,0,0,0
Gambia,GMB,1999,250000,0,0,0,90000,0,,,0,0,0
Gambia,GMB,2000,270000,0,0,0,70000,0,,,0,0,0
Gambia,GMB,2001,240000,0,0,0,0,0,,,0,0,0
Gambia,GMB,2002,240000,0,0,0,0,0,,,0,0,0
Gambia,GMB,2003,259999,0,0,0,0,0,,,0,0,0
Gambia,GMB,2004,280000,0,0,0,0,0,,,0,0,0
Gambia,GMB,2005,290000,0,0,0,0,0,,,0,0,0
Gambia,GMB,2006,310000,0,0,0,0,0,,,0,0,0
Gambia,GMB,2007,300000,0,0,0,0,0,,,0,0,0
Gambia,GMB,2008,300000,0,0,0,0,0,,,0,0,0
Gambia,GMB,2009,330000,0,0,0,0,0,,,0,0,0
Gambia,GMB,2010,330000,0,0,0,0,0,,,0,0,0
Gambia,GMB,2011,310000,0,0,0,0,0,,,0,0,0
Gambia,GMB,2012,270000,0,0,0,0,0,,,0,0,0
Gambia,GMB,2013,290000,0,0,0,0,0,,,0,0,0
Gambia,GMB,2014,300000,0,0,0,0,0,,,0,0,0
Gambia,GMB,2015,300000,0,0,0,0,0,,,0,0,0
Gambia,GMB,2016,310000,0,0,0,0,0,,,0,0,0
Gambia,GMB,2017,280000,0,0,0,0,0,,,0,0,0
Gambia,GMB,2018,259999,0,0,0,0,0,,,0,0,0
Gambia,GMB,2019,240000,0,0,0,0,0,,,0,0,0
Gambia,GMB,2020,250000,0,0,0,0,0,,,0,0,0
Gambia,GMB,2021,240000,0,0,0,0,0,,,0,0,0
Gambia,GMB,2022,240000,0,0,0,0,0,,,0,0,0
Gambia,GMB,2023,270000,0,0,0,0,0,,,0,0,0
Georgia,GEO,1990,1370000,200000,0,50000,0,0,20000,0,20000,0,70000
Georgia,GEO,1991,1290000,210000,0,50000,0,0,20000,0,10000,10000,60000
Georgia,GEO,1992,1240000,110000,0,50000,0,0,30000,0,10000,10000,40000
Georgia,GEO,1993,1060000,90000,0,60000,0,0,50000,0,0,0,40000
Georgia,GEO,1994,900000,50000,0,60000,0,0,10000,0,0,0,30000
Georgia,GEO,1995,890000,60000,0,60000,0,0,30000,0,0,0,30000
Georgia,GEO,1996,930000,70000,0,60000,0,0,40000,0,0,0,50000
Georgia,GEO,1997,970000,100000,0,70000,0,0,30000,0,0,0,40000
Georgia,GEO,1998,970000,70000,0,70000,0,0,30000,0,0,0,30000
Georgia,GEO,1999,1060000,120000,0,70000,0,0,30000,0,0,0,20000
Georgia,GEO,2000,1090000,129999,0,70000,0,0,30000,0,0,0,20000
Georgia,GEO,2001,1030000,50000,0,70000,0,0,30000,0,0,0,20000
Georgia,GEO,2002,1030000,110000,0,70000,0,0,30000,0,0,0,20000
Georgia,GEO,2003,1000000,120000,0,60000,0,0,30000,0,0,0,20000
Georgia,GEO,2004,1000000,170000,0,60000,0,0,30000,0,0,0,20000
Georgia,GEO,2005,1070000,140000,0,50000,0,0,20000,0,0,0,30000
Georgia,GEO,2006,970000,160000,0,40000,0,0,20000,0,0,0,30000
Georgia,GEO,2007,890000,160000,0,40000,0,0,20000,0,0,0,40000
Georgia,GEO,2008,830000,170000,0,40000,0,0,20000,0,0,0,30000
Georgia,GEO,2009,820000,170000,0,40000,0,0,20000,0,0,0,40000
Georgia,GEO,2010,830000,190000,0,90000,10000,0,20000,0,0,0,40000
Georgia,GEO,2011,830000,200000,0,90000,0,0,10000,0,0,0,40000
Georgia,GEO,2012,910000,210000,0,90000,0,0,10000,0,0,0,40000
Georgia,GEO,2013,970000,210000,0,90000,0,0,20000,0,10000,0,50000
Georgia,GEO,2014,960000,210000,0,80000,0,0,20000,0,10000,0,60000
Georgia,GEO,2015,830000,220000,0,70000,0,0,20000,0,10000,0,60000
Georgia,GEO,2016,840000,220000,0,60000,0,0,20000,0,0,0,70000
Georgia,GEO,2017,790000,220000,0,50000,0,0,20000,0,10000,0,70000
Georgia,GEO,2018,770000,220000,0,50000,0,0,10000,0,10000,0,60000
Georgia,GEO,2019,740000,220000,0,50000,20000,0,10000,0,0,0,60000
Georgia,GEO,2020,910000,230000,0,50000,10000,0,10000,0,0,0,60000
Georgia,GEO,2021,950000,230000,0,50000,0,0,10000,0,0,0,60000
Georgia,GEO,2022,930000,230000,0,50000,0,0,10000,0,0,0,70000
Georgia,GEO,2023,890000,230000,0,50000,0,0,10000,0,0,0,70000
Germany,DEU,1990,32140000,20820000,50000,1070000,0,0,560000,30000,360000,150000,3140000
Germany,DEU,1991,30790000,21410000,60000,980000,0,0,500000,40000,270000,140000,3190000
Germany,DEU,1992,28840000,23600000,50000,910000,0,0,430000,30000,230000,140000,3190000
Germany,DEU,1993,28090000,21730000,40000,830000,0,0,440000,40000,200000,150000,3260000
Germany,DEU,1994,28940000,24140000,50000,790000,0,0,410000,40000,190000,160000,3180000
Germany,DEU,1995,28980000,22430000,50000,750000,0,0,390000,30000,180000,160000,3200000
Germany,DEU,1996,28910000,23530000,70000,710000,0,0,420000,30000,180000,160000,3220000
Germany,DEU,1997,29190000,21160000,70000,630000,0,0,460000,30000,170000,170000,3230000
Germany,DEU,1998,29490000,9720000,70000,610000,0,0,440000,30000,160000,170000,3260000
Germany,DEU,1999,30000000,6080000,50000,570000,0,0,410000,30000,150000,180000,3320000
Germany,DEU,2000,28890000,5770000,50000,550000,0,0,410000,30000,140000,190000,3250000
Germany,DEU,2001,28710000,7440000,50000,530000,0,0,450000,30000,129999,190000,3180000
Germany,DEU,2002,28200000,7790000,50000,540000,0,0,420000,30000,129999,190000,3160000
Germany,DEU,2003,27960000,7800000,10000,530000,0,0,460000,20000,200000,200000,3090000
Germany,DEU,2004,27980000,8960000,10000,519999,0,0,450000,30000,210000,210000,3100000
Germany,DEU,2005,27750000,7580000,10000,610000,0,0,440000,30000,210000,220000,3090000
Germany,DEU,2006,26420000,7430000,10000,410000,0,0,500000,30000,220000,230000,3250000
Germany,DEU,2007,27450000,9670000,10000,400000,0,0,440000,20000,240000,250000,3220000
Germany,DEU,2008,26690000,8470000,10000,400000,0,0,550000,20000,230000,250000,3100000
Germany,DEU,2009,26740000,8780000,10000,400000,0,0,500000,20000,230000,240000,3010000
Germany,DEU,2010,27500000,1580000,10000,400000,0,0,570000,20000,259999,240000,3050000
Germany,DEU,2011,26530000,1230000,10000,400000,0,0,490000,20000,270000,230000,3060000
Germany,DEU,2012,26760000,980000,10000,400000,0,0,550000,20000,259999,240000,3040000
Germany,DEU,2013,27230000,1010000,10000,390000,0,0,580000,20000,259999,240000,3050000
Germany,DEU,2014,28200000,920000,10000,410000,0,0,470000,20000,259999,230000,3090000
Germany,DEU,2015,27420000,950000,10000,410000,0,0,480000,20000,270000,230000,3090000
Germany,DEU,2016,26860000,910000,10000,420000,0,0,460000,20000,280000,250000,3140000
Germany,DEU,2017,25900000,880000,10000,420000,0,0,470000,20000,270000,259999,3180000
Germany,DEU,2018,23540000,870000,20000,410000,0,0,460000,20000,270000,259999,3080000
Germany,DEU,2019,23850000,750000,20000,410000,0,0,470000,20000,270000,250000,3110000
Germany,DEU,2020,23870000,750000,20000,400000,0,0,460000,20000,270000,129999,2970000
Germany,DEU,2021,21710000,680000,20000,400000,0,0,490000,20000,270000,170000,2900000
Germany,DEU,2022,21100000,700000,20000,400000,0,0,510000,20000,280000,230000,2900000
Germany,DEU,2023,21920000,710000,20000,400000,0,0,440000,20000,259999,240000,2840000
Ghana,GHA,1990,2710000,0,0,90000,50000,0,110000,0,10000,0,30000
Ghana,GHA,1991,2780000,0,0,90000,50000,0,120000,0,10000,0,30000
Ghana,GHA,1992,2750000,0,0,90000,50000,0,120000,0,10000,0,40000
Ghana,GHA,1993,2770000,0,0,100000,50000,0,120000,0,10000,0,40000
Ghana,GHA,1994,2750000,0,0,100000,50000,0,129999,0,10000,0,40000
Ghana,GHA,1995,2780000,0,0,100000,50000,0,129999,0,20000,0,40000
Ghana,GHA,1996,3120000,0,0,110000,40000,0,140000,0,20000,0,40000
Ghana,GHA,1997,3160000,0,0,110000,129999,0,140000,0,20000,0,50000
Ghana,GHA,1998,3660000,0,0,110000,330000,0,140000,0,20000,0,60000
Ghana,GHA,1999,3120000,0,0,120000,180000,0,150000,0,20000,0,60000
Ghana,GHA,2000,3680000,0,0,120000,200000,0,100000,0,30000,0,60000
Ghana,GHA,2001,2910000,0,0,120000,40000,0,90000,0,30000,0,60000
Ghana,GHA,2002,2820000,0,0,129999,10000,0,90000,0,30000,0,70000
Ghana,GHA,2003,3180000,0,0,129999,10000,0,80000,0,30000,0,60000
Ghana,GHA,2004,2920000,0,0,129999,10000,0,80000,0,30000,0,70000
Ghana,GHA,2005,3730000,0,0,140000,10000,0,70000,0,20000,0,70000
Ghana,GHA,2006,3630000,0,0,140000,30000,0,70000,0,20000,0,70000
Ghana,GHA,2007,3420000,0,0,150000,20000,0,60000,0,20000,0,80000
Ghana,GHA,2008,3420000,0,0,160000,10000,0,60000,0,20000,0,80000
Ghana,GHA,2009,3280000,0,0,160000,0,0,60000,0,20000,0,100000
Ghana,GHA,2010,3490000,0,0,170000,0,0,60000,0,20000,0,100000
Ghana,GHA,2011,3820000,0,0,170000,10000,0,60000,0,20000,0,110000
Ghana,GHA,2012,3690000,0,0,180000,10000,0,60000,0,20000,0,129999
Ghana,GHA,2013,4040000,0,0,180000,10000,0,60000,0,30000,0,140000
Ghana,GHA,2014,3930000,0,0,180000,0,0,60000,0,20000,0,140000
Ghana,GHA,2015,4130000,0,0,180000,10000,0,60000,0,20000,0,160000
Ghana,GHA,2016,4110000,0,0,190000,40000,0,60000,0,20000,0,140000
Ghana,GHA,2017,4400000,0,0,200000,10000,0,80000,0,10000,10000,140000
Ghana,GHA,2018,4250000,0,0,200000,0,0,80000,0,20000,0,160000
Ghana,GHA,2019,4350000,0,0,210000,30000,0,80000,0,20000,10000,170000
Ghana,GHA,2020,5010000,0,0,220000,110000,0,80000,0,20000,0,190000
Ghana,GHA,2021,4440000,0,0,230000,10000,0,70000,0,20000,0,210000
Ghana,GHA,2022,5020000,0,0,230000,40000,0,80000,0,20000,0,190000
Ghana,GHA,2023,4670000,0,0,230000,20000,0,60000,0,20000,0,210000
Greece,GRC,1990,4850000,1070000,10000,250000,10000,0,40000,0,40000,70000,259999
Greece,GRC,1991,4800000,900000,10000,250000,10000,0,40000,0,40000,70000,270000
Greece,GRC,1992,4640000,940000,10000,259999,10000,0,40000,0,40000,80000,270000
Greece,GRC,1993,4270000,900000,10000,259999,10000,0,40000,0,30000,90000,280000
Greece,GRC,1994,4400000,880000,10000,259999,10000,0,40000,0,30000,90000,280000
Greece,GRC,1995,4220000,880000,10000,259999,10000,0,40000,0,40000,100000,290000
Greece,GRC,1996,4370000,980000,10000,270000,10000,0,50000,0,40000,90000,300000
Greece,GRC,1997,4190000,880000,10000,270000,10000,0,50000,0,40000,90000,310000
Greece,GRC,1998,4110000,750000,10000,270000,80000,0,50000,0,40000,100000,330000
Greece,GRC,1999,4090000,770000,10000,280000,10000,0,50000,0,30000,90000,330000
Greece,GRC,2000,4100000,790000,10000,290000,20000,0,50000,0,40000,100000,330000
Greece,GRC,2001,3950000,680000,10000,280000,0,0,50000,0,40000,90000,340000
Greece,GRC,2002,3900000,660000,10000,270000,0,0,50000,0,30000,90000,350000
Greece,GRC,2003,3840000,620000,10000,280000,0,0,50000,0,30000,90000,370000
Greece,GRC,2004,3920000,600000,10000,280000,0,0,50000,0,30000,90000,370000
Greece,GRC,2005,3710000,590000,10000,280000,0,0,50000,0,30000,80000,380000
Greece,GRC,2006,3610000,510000,10000,280000,10000,0,50000,0,30000,90000,400000
Greece,GRC,2007,3800000,500000,10000,280000,70000,0,50000,0,30000,90000,420000
Greece,GRC,2008,3600000,490000,10000,280000,10000,0,50000,0,30000,90000,400000
Greece,GRC,2009,3420000,440000,0,280000,0,0,40000,0,20000,80000,440000
Greece,GRC,2010,3610000,500000,0,280000,0,0,40000,0,20000,80000,400000
Greece,GRC,2011,3420000,530000,10000,270000,10000,0,50000,0,20000,80000,350000
Greece,GRC,2012,3370000,390000,10000,259999,10000,0,60000,0,20000,60000,300000
Greece,GRC,2013,3400000,150000,0,259999,0,0,40000,10000,20000,60000,300000
Greece,GRC,2014,3270000,150000,0,259999,0,0,40000,10000,20000,60000,300000
Greece,GRC,2015,3130000,140000,0,259999,0,0,50000,10000,20000,60000,300000
Greece,GRC,2016,3130000,140000,0,259999,10000,0,40000,10000,20000,60000,310000
Greece,GRC,2017,3190000,140000,0,259999,0,0,40000,10000,20000,70000,310000
Greece,GRC,2018,3020000,140000,0,259999,0,0,40000,10000,20000,70000,310000
Greece,GRC,2019,2930000,140000,0,259999,10000,0,40000,0,10000,80000,310000
Greece,GRC,2020,2940000,140000,0,259999,0,0,40000,0,10000,40000,270000
Greece,GRC,2021,2980000,129999,0,259999,90000,0,40000,0,10000,60000,290000
Greece,GRC,2022,2670000,129999,0,259999,10000,0,40000,10000,10000,70000,310000
Greece,GRC,2023,2800000,129999,0,250000,70000,0,40000,10000,10000,70000,320000
Grenada,GRD,1990,10000,0,,0,0,0,0,,0,0,0
Grenada,GRD,1991,10000,0,,0,0,0,0,,0,0,0
Grenada,GRD,1992,10000,0,,0,0,0,0,,0,0,0
Grenada,GRD,1993,10000,0,,0,0,0,0,,0,0,0
Grenada,GRD,1994,10000,0,,0,0,0,0,,0,0,0
Grenada,GRD,1995,10000,0,,0,0,0,0,,0,0,0
Grenada,GRD,1996,10000,0,,0,0,0,0,,0,0,0
Grenada,GRD,1997,10000,0,,0,0,0,0,,0,0,0
Grenada,GRD,1998,10000,0,0,0,0,0,0,,0,0,0
Grenada,GRD,1999,10000,0,0,0,0,0,0,,0,0,0
Grenada,GRD,2000,10000,0,0,0,0,0,0,,0,0,0
Grenada,GRD,2001,10000,0,0,0,0,0,0,,0,0,0
Grenada,GRD,2002,10000,0,0,0,0,0,0,,0,0,0
Grenada,GRD,2003,10000,0,0,0,0,0,0,,0,0,0
Grenada,GRD,2004,10000,0,0,0,0,0,0,,0,0,0
Grenada,GRD,2005,10000,0,0,0,0,0,0,,0,0,0
Grenada,GRD,2006,10000,0,0,0,0,0,0,,0,0,0
Grenada,GRD,2007,10000,0,0,0,0,0,0,,0,0,0
Grenada,GRD,2008,10000,0,0,0,0,0,0,,0,0,0
Grenada,GRD,2009,10000,0,0,0,0,0,0,,0,0,0
Grenada,GRD,2010,10000,0,0,0,0,0,0,,0,0,0
Grenada,GRD,2011,10000,0,0,0,0,0,0,,0,0,0
Grenada,GRD,2012,10000,0,0,0,0,0,0,,0,0,0
Grenada,GRD,2013,10000,0,0,0,0,0,0,,0,0,0
Grenada,GRD,2014,10000,0,0,0,0,0,0,,0,0,0
Grenada,GRD,2015,10000,0,0,0,0,0,0,,0,0,0
Grenada,GRD,2016,10000,0,0,0,0,0,0,,0,0,0
Grenada,GRD,2017,10000,0,0,0,0,0,0,,0,0,0
Grenada,GRD,2018,10000,0,0,0,0,0,0,,0,0,0
Grenada,GRD,2019,10000,0,0,0,0,0,0,,0,0,0
Grenada,GRD,2020,10000,0,0,0,0,0,0,,0,0,0
Grenada,GRD,2021,10000,0,0,0,0,0,0,,0,0,0
Grenada,GRD,2022,10000,0,0,0,0,0,0,,0,0,0
Grenada,GRD,2023,10000,0,0,0,0,0,0,,0,0,0
Guatemala,GTM,1990,1730000,10000,0,120000,180000,0,120000,0,10000,0,30000
Guatemala,GTM,1991,1860000,10000,0,120000,180000,0,120000,0,10000,0,30000
Guatemala,GTM,1992,1960000,10000,0,120000,180000,0,120000,0,10000,0,30000
Guatemala,GTM,1993,2069999,0,0,129999,180000,0,120000,0,10000,0,40000
Guatemala,GTM,1994,2060000,0,0,129999,180000,0,120000,0,10000,0,40000
Guatemala,GTM,1995,2089999,0,0,129999,180000,0,120000,0,10000,0,50000
Guatemala,GTM,1996,2050000,0,0,140000,210000,0,120000,0,10000,0,50000
Guatemala,GTM,1997,2100000,0,0,140000,150000,0,120000,0,20000,10000,50000
Guatemala,GTM,1998,2050000,0,0,140000,590000,0,120000,0,20000,10000,60000
Guatemala,GTM,1999,2210000,0,0,150000,160000,0,140000,0,20000,10000,70000
Guatemala,GTM,2000,2240000,0,0,150000,380000,0,140000,0,20000,10000,70000
Guatemala,GTM,2001,2300000,0,0,150000,10000,0,140000,0,20000,10000,80000
Guatemala,GTM,2002,2280000,0,0,160000,80000,0,180000,0,0,10000,90000
Guatemala,GTM,2003,2510000,0,0,160000,1000000,0,190000,0,0,10000,90000
Guatemala,GTM,2004,2580000,0,0,160000,20000,0,200000,0,0,10000,80000
Guatemala,GTM,2005,2730000,0,0,160000,620000,0,210000,0,0,10000,90000
Guatemala,GTM,2006,2720000,0,0,170000,70000,0,210000,0,0,10000,90000
Guatemala,GTM,2007,2800000,0,0,170000,240000,0,220000,0,0,10000,100000
Guatemala,GTM,2008,2560000,0,0,180000,90000,0,220000,0,0,10000,90000
Guatemala,GTM,2009,2840000,0,0,190000,280000,0,220000,0,0,10000,100000
Guatemala,GTM,2010,3010000,0,0,190000,80000,0,230000,0,0,10000,100000
Guatemala,GTM,2011,3210000,0,0,200000,60000,0,240000,0,0,10000,100000
Guatemala,GTM,2012,3270000,0,0,200000,40000,0,250000,0,0,10000,100000
Guatemala,GTM,2013,3300000,0,0,210000,129999,0,250000,0,0,10000,110000
Guatemala,GTM,2014,3240000,0,0,220000,10000,0,259999,0,0,10000,110000
Guatemala,GTM,2015,3390000,0,0,230000,80000,0,259999,0,0,10000,129999
Guatemala,GTM,2016,3390000,0,0,230000,110000,0,280000,0,0,10000,140000
Guatemala,GTM,2017,3450000,0,0,240000,100000,0,300000,0,0,10000,150000
Guatemala,GTM,2018,3550000,0,0,240000,10000,0,300000,0,0,10000,160000
Guatemala,GTM,2019,3480000,0,0,250000,70000,0,310000,0,0,10000,170000
Guatemala,GTM,2020,3750000,0,0,250000,170000,0,320000,0,0,10000,160000
Guatemala,GTM,2021,3640000,0,0,250000,20000,0,330000,0,0,10000,190000
Guatemala,GTM,2022,3450000,0,0,259999,30000,0,340000,0,0,10000,180000
Guatemala,GTM,2023,3660000,0,0,259999,50000,0,350000,0,0,10000,190000
Guinea,GIN,1990,2150000,0,,50000,80000,0,0,,0,0,0
Guinea,GIN,1991,2220000,0,,50000,80000,0,0,,0,0,0
Guinea,GIN,1992,2280000,0,,50000,80000,0,0,,0,0,0
Guinea,GIN,1993,2350000,0,,60000,80000,0,0,,0,0,0
Guinea,GIN,1994,2450000,0,,60000,80000,0,0,,0,0,0
Guinea,GIN,1995,2530000,0,,60000,80000,0,0,,0,0,0
Guinea,GIN,1996,2200000,0,,60000,50000,0,0,,0,0,0
Guinea,GIN,1997,2230000,0,,60000,80000,0,0,,0,0,0
Guinea,GIN,1998,2570000,0,,60000,180000,0,0,,0,0,0
Guinea,GIN,1999,2340000,0,,60000,129999,0,0,,0,0,0
Guinea,GIN,2000,2530000,0,,70000,80000,0,0,,0,0,0
Guinea,GIN,2001,2870000,0,,70000,70000,0,0,,0,0,0
Guinea,GIN,2002,3320000,0,,70000,40000,0,0,,0,0,0
Guinea,GIN,2003,3280000,0,,70000,110000,0,0,,0,0,0
Guinea,GIN,2004,3190000,0,,70000,70000,0,0,,0,0,0
Guinea,GIN,2005,3740000,0,,70000,60000,0,0,,0,0,0
Guinea,GIN,2006,3710000,0,,80000,100000,0,0,,0,0,0
Guinea,GIN,2007,3740000,0,,80000,80000,0,0,,0,0,0
Guinea,GIN,2008,3910000,0,,80000,110000,0,0,,0,0,0
Guinea,GIN,2009,3870000,0,,80000,100000,0,0,,0,0,0
Guinea,GIN,2010,3960000,0,,80000,60000,0,0,,0,0,0
Guinea,GIN,2011,4260000,0,,90000,90000,0,0,,0,0,0
Guinea,GIN,2012,4720000,0,,90000,129999,0,0,,0,0,0
Guinea,GIN,2013,4740000,0,,90000,140000,0,0,,0,0,0
Guinea,GIN,2014,4760000,0,,90000,100000,0,0,,0,0,0
Guinea,GIN,2015,4690000,0,,100000,170000,0,0,,0,0,0
Guinea,GIN,2016,5730000,0,,100000,80000,0,0,,0,0,0
Guinea,GIN,2017,5490000,0,,100000,30000,0,0,,0,0,0
Guinea,GIN,2018,5210000,0,,110000,20000,0,0,,0,0,0
Guinea,GIN,2019,5640000,0,,110000,40000,0,0,,0,0,0
Guinea,GIN,2020,5960000,0,,120000,50000,0,0,,0,0,0
Guinea,GIN,2021,5850000,0,,120000,40000,0,0,,0,0,0
Guinea,GIN,2022,6590000,0,,120000,30000,0,0,,0,0,0
Guinea,GIN,2023,6180000,0,,129999,20000,0,0,,0,0,0
Guinea-Bissau,GNB,1990,430000,0,0,0,120000,0,0,,,0,0
Guinea-Bissau,GNB,1991,430000,0,0,0,120000,0,0,,,0,0
Guinea-Bissau,GNB,1992,440000,0,0,0,120000,0,0,,,0,0
Guinea-Bissau,GNB,1993,450000,0,0,0,120000,0,0,,,0,0
Guinea-Bissau,GNB,1994,460000,0,0,0,120000,0,0,,,0,0
Guinea-Bissau,GNB,1995,470000,0,0,0,120000,0,0,,,0,0
Guinea-Bissau,GNB,1996,440000,0,0,0,0,0,0,,,0,0
Guinea-Bissau,GNB,1997,420000,0,0,0,10000,0,0,,,0,0
Guinea-Bissau,GNB,1998,420000,0,0,0,70000,0,0,,,0,0
Guinea-Bissau,GNB,1999,460000,0,0,0,120000,0,0,,,0,0
Guinea-Bissau,GNB,2000,460000,0,0,0,60000,0,0,,,0,0
Guinea-Bissau,GNB,2001,590000,0,0,0,140000,0,0,,,0,0
Guinea-Bissau,GNB,2002,620000,0,0,0,180000,0,0,,,0,0
Guinea-Bissau,GNB,2003,620000,0,0,0,160000,0,0,,,0,0
Guinea-Bissau,GNB,2004,590000,0,0,0,129999,0,0,,,0,0
Guinea-Bissau,GNB,2005,550000,0,0,0,110000,0,0,,,0,0
Guinea-Bissau,GNB,2006,630000,0,0,0,200000,0,0,,,0,0
Guinea-Bissau,GNB,2007,610000,0,0,0,210000,0,0,,,0,0
Guinea-Bissau,GNB,2008,550000,0,0,0,180000,0,0,,,0,0
Guinea-Bissau,GNB,2009,590000,0,0,0,120000,0,0,,,0,0
Guinea-Bissau,GNB,2010,620000,0,0,0,150000,0,0,,,0,0
Guinea-Bissau,GNB,2011,610000,0,0,0,120000,0,0,,,0,0
Guinea-Bissau,GNB,2012,670000,0,0,0,300000,0,0,,,0,0
Guinea-Bissau,GNB,2013,630000,0,0,0,180000,0,0,,,0,0
Guinea-Bissau,GNB,2014,650000,0,0,0,220000,0,0,,,0,0
Guinea-Bissau,GNB,2015,680000,0,0,0,250000,0,0,,,0,0
Guinea-Bissau,GNB,2016,650000,0,0,0,100000,0,0,,,0,0
Guinea-Bissau,GNB,2017,670000,0,0,0,40000,0,0,,,0,0
Guinea-Bissau,GNB,2018,700000,0,0,0,50000,0,0,,,0,0
Guinea-Bissau,GNB,2019,690000,0,0,0,80000,0,0,,,0,0
Guinea-Bissau,GNB,2020,700000,0,0,0,100000,0,0,,,0,0
Guinea-Bissau,GNB,2021,640000,0,0,0,40000,0,0,,,0,0
Guinea-Bissau,GNB,2022,670000,0,0,0,40000,0,0,,,0,0
Guinea-Bissau,GNB,2023,640000,0,0,0,30000,0,0,,,0,0
Guyana,GUY,1990,230000,0,0,10000,10000,0,10000,0,10000,0,0
Guyana,GUY,1991,270000,0,0,10000,10000,0,0,0,10000,0,0
Guyana,GUY,1992,270000,0,0,10000,10000,0,0,0,10000,0,0
Guyana,GUY,1993,300000,0,0,10000,10000,0,0,0,10000,0,0
Guyana,GUY,1994,290000,0,0,10000,10000,0,0,0,10000,0,10000
Guyana,GUY,1995,340000,0,0,10000,10000,0,0,0,10000,0,10000
Guyana,GUY,1996,330000,0,0,10000,10000,0,0,0,10000,0,10000
Guyana,GUY,1997,350000,0,0,10000,10000,0,0,0,10000,0,10000
Guyana,GUY,1998,340000,0,0,10000,60000,0,0,0,10000,0,10000
Guyana,GUY,1999,360000,0,0,10000,10000,0,0,0,10000,0,10000
Guyana,GUY,2000,320000,0,0,10000,0,0,0,0,10000,0,10000
Guyana,GUY,2001,330000,0,0,10000,10000,0,0,0,10000,0,10000
Guyana,GUY,2002,350000,0,0,10000,10000,0,0,0,10000,0,10000
Guyana,GUY,2003,380000,0,0,10000,50000,0,0,0,10000,0,10000
Guyana,GUY,2004,430000,0,0,10000,0,0,0,0,10000,0,10000
Guyana,GUY,2005,350000,0,0,10000,10000,0,0,0,10000,0,10000
Guyana,GUY,2006,350000,0,0,10000,0,0,0,0,10000,0,10000
Guyana,GUY,2007,350000,0,0,10000,0,0,0,0,10000,0,10000
Guyana,GUY,2008,410000,0,0,10000,0,0,0,0,10000,0,10000
Guyana,GUY,2009,370000,0,0,10000,0,0,0,0,10000,0,10000
Guyana,GUY,2010,410000,0,0,20000,30000,0,0,0,10000,0,10000
Guyana,GUY,2011,360000,0,0,20000,0,0,0,0,10000,0,10000
Guyana,GUY,2012,410000,0,0,20000,0,0,0,0,10000,0,10000
Guyana,GUY,2013,440000,0,0,20000,0,0,0,0,10000,0,10000
Guyana,GUY,2014,440000,0,0,20000,0,0,0,0,10000,0,10000
Guyana,GUY,2015,490000,0,0,20000,10000,0,0,0,10000,0,10000
Guyana,GUY,2016,420000,0,0,20000,20000,0,0,0,10000,0,10000
Guyana,GUY,2017,410000,0,0,20000,0,0,0,0,10000,0,10000
Guyana,GUY,2018,470000,0,0,20000,0,0,0,0,0,0,10000
Guyana,GUY,2019,490000,0,0,20000,20000,0,0,0,0,0,20000
Guyana,GUY,2020,480000,0,0,20000,10000,0,0,0,0,0,20000
Guyana,GUY,2021,470000,0,0,20000,0,0,0,0,0,0,20000
Guyana,GUY,2022,440000,0,0,20000,0,0,0,0,0,0,20000
Guyana,GUY,2023,480000,0,0,20000,10000,0,0,0,0,0,30000
Haiti,HTI,1990,780000,0,0,30000,0,0,50000,0,0,0,10000
Haiti,HTI,1991,840000,0,0,40000,0,0,50000,0,0,0,10000
Haiti,HTI,1992,960000,0,0,40000,0,0,50000,0,0,0,10000
Haiti,HTI,1993,910000,0,0,40000,0,0,50000,0,0,0,10000
Haiti,HTI,1994,910000,0,0,40000,0,0,50000,0,0,0,0
Haiti,HTI,1995,930000,0,0,40000,0,0,50000,0,0,0,10000
Haiti,HTI,1996,950000,0,0,80000,0,0,50000,0,0,0,10000
Haiti,HTI,1997,1030000,0,0,40000,0,0,50000,0,0,0,10000
Haiti,HTI,1998,1070000,0,0,40000,0,0,50000,0,0,0,10000
Haiti,HTI,1999,1070000,0,0,40000,0,0,50000,0,0,0,10000
Haiti,HTI,2000,1200000,0,0,40000,0,0,60000,0,0,0,10000
Haiti,HTI,2001,1200000,0,0,40000,0,0,60000,0,0,0,10000
Haiti,HTI,2002,1190000,0,0,40000,0,0,60000,0,0,0,10000
Haiti,HTI,2003,1190000,0,0,50000,0,0,60000,0,0,0,10000
Haiti,HTI,2004,1160000,0,0,50000,0,0,60000,0,0,0,10000
Haiti,HTI,2005,1170000,0,0,50000,0,0,60000,0,0,0,10000
Haiti,HTI,2006,1170000,0,0,50000,0,0,60000,0,0,0,10000
Haiti,HTI,2007,1180000,0,0,50000,0,0,70000,0,0,0,20000
Haiti,HTI,2008,1190000,0,0,60000,0,0,70000,0,0,0,10000
Haiti,HTI,2009,1170000,0,0,60000,0,0,70000,0,0,0,20000
Haiti,HTI,2010,1180000,0,0,60000,0,0,70000,0,0,0,20000
Haiti,HTI,2011,1190000,0,0,60000,0,0,70000,0,0,0,20000
Haiti,HTI,2012,1210000,0,0,60000,0,0,70000,0,0,0,20000
Haiti,HTI,2013,1220000,0,0,60000,0,0,80000,0,0,0,20000
Haiti,HTI,2014,1260000,0,0,70000,0,0,70000,0,0,0,20000
Haiti,HTI,2015,1240000,0,0,70000,0,0,80000,0,0,0,20000
Haiti,HTI,2016,1260000,0,0,70000,0,0,80000,0,0,0,20000
Haiti,HTI,2017,1260000,0,0,70000,0,0,80000,0,0,0,30000
Haiti,HTI,2018,1290000,0,0,70000,0,0,80000,0,0,0,30000
Haiti,HTI,2019,1280000,0,0,60000,0,0,80000,0,0,0,30000
Haiti,HTI,2020,1200000,0,0,60000,0,0,80000,0,0,0,30000
Haiti,HTI,2021,1200000,0,0,70000,0,0,80000,0,0,0,30000
Haiti,HTI,2022,1210000,0,0,70000,0,0,80000,0,0,0,30000
Haiti,HTI,2023,1220000,0,0,70000,0,0,80000,0,0,0,20000
High-income countries,OWID_HIC,1990,580169984,169330000,1330000,32030000,6630000,2850000,4850000,540000,5120000,3510000,57840000
High-income countries,OWID_HIC,1991,560380032,163720000,1440000,32150000,6630000,2780000,4870000,550000,4880000,3590000,57360000
High-income countries,OWID_HIC,1992,548539968,160710000,1360000,32330000,6620000,3010000,4370000,550000,4770000,3770000,58580000
High-income countries,OWID_HIC,1993,541400000,156700000,760000,32500000,6620000,2990000,5110000,580000,4520000,3700000,58580000
High-income countries,OWID_HIC,1994,537790016,163820000,640000,33010000,6620000,3130000,4760000,580000,4600000,3790000,59410000
High-income countries,OWID_HIC,1995,528290016,167810000,660000,33300000,6620000,3220000,4730000,580000,4720000,3880000,60340000
High-income countries,OWID_HIC,1996,531989984,172860000,680000,33440000,12230000,3450000,4930000,610000,4740000,4000000,61530000
High-income countries,OWID_HIC,1997,526520000,162610000,660000,33690000,7100000,3480000,4650000,620000,4770000,4150000,62050000
High-income countries,OWID_HIC,1998,525700000,135710000,610000,34200000,12460000,3460000,4560000,640000,4690000,4300000,63100000
High-income countries,OWID_HIC,1999,535729984,110540000,600000,34720000,8990000,3480000,4500000,610000,5570000,4480000,64510000
High-income countries,OWID_HIC,2000,534829984,115400000,620000,34990000,7240000,3560000,4360000,570000,5780000,4640000,65500000
High-income countries,OWID_HIC,2001,541809984,108910000,630000,34800000,3240000,3570000,4360000,590000,5450000,4400000,65780000
High-income countries,OWID_HIC,2002,534540000,103830000,610000,35020000,5780000,3360000,4230000,580000,5250000,4600000,67060000
High-income countries,OWID_HIC,2003,507240000,106010000,570000,35330000,8820000,3450000,4560000,600000,5400000,4610000,68070000
High-income countries,OWID_HIC,2004,524800000,109740000,590000,35690000,4710000,3390000,4480000,590000,5660000,5040000,69680000
High-income countries,OWID_HIC,2005,498789984,108930000,590000,35980000,3070000,3450000,4630000,590000,5610000,5330000,70590000
High-income countries,OWID_HIC,2006,515660000,99720000,580000,36030000,6610000,3410000,4520000,600000,5840000,5620000,72280000
High-income countries,OWID_HIC,2007,519210016,94210000,580000,36200000,3820000,3320000,4560000,600000,5830000,5880000,73590000
High-income countries,OWID_HIC,2008,498780000,75830000,550000,36200000,6240000,3140000,4850000,600000,5560000,5940000,72340000
High-income countries,OWID_HIC,2009,496409984,66490000,550000,36030000,4650000,3150000,4740000,570000,5080000,5510000,70580000
High-income countries,OWID_HIC,2010,490780000,60200000,570000,36390000,4490000,3150000,5030000,580000,5440000,5790000,72570000
High-income countries,OWID_HIC,2011,541939968,60270000,570000,36560000,5190000,3170000,4640000,600000,5430000,5920000,72930000
High-income countries,OWID_HIC,2012,542219968,54900000,540000,37150000,7330000,3030000,4760000,620000,5490000,5580000,72280000
High-income countries,OWID_HIC,2013,508769984,53100000,530000,37490000,4260000,3140000,5010000,620000,5580000,5580000,73580000
High-income countries,OWID_HIC,2014,523840000,55040000,550000,37860000,7160000,2960000,4580000,640000,5640000,5840000,74150000
High-income countries,OWID_HIC,2015,520909984,55240000,520000,37950000,5330000,3020000,4560000,620000,5710000,6130000,75970000
High-income countries,OWID_HIC,2016,512150016,56340000,540000,38630000,5460000,2810000,4410000,610000,5700000,6390000,76870000
High-income countries,OWID_HIC,2017,532410016,56960000,560000,39340000,5290000,2900000,4410000,590000,5810000,6660000,77630000
High-income countries,OWID_HIC,2018,526400000,59480000,570000,39910000,6790000,3060000,4620000,570000,5990000,6750000,79180000
High-income countries,OWID_HIC,2019,510820000,55750000,550000,40160000,13350000,3060000,4640000,570000,6020000,6760000,79520000
High-income countries,OWID_HIC,2020,511769984,58240000,510000,39880000,9290000,2940000,4430000,500000,5780000,4840000,69990000
High-income countries,OWID_HIC,2021,515340000,57410000,540000,39690000,5060000,2800000,4620000,530000,5960000,5090000,75610000
High-income countries,OWID_HIC,2022,504109984,54410000,540000,40880000,3460000,2780000,4520000,550000,5870000,5890000,77760000
High-income countries,OWID_HIC,2023,543280000,61710000,550000,40630000,9830000,2740000,4330000,550000,5880000,6350000,78820000
Honduras,HND,1990,1370000,0,0,190000,180000,0,50000,0,10000,0,20000
Honduras,HND,1991,1410000,0,0,200000,180000,0,50000,0,10000,0,20000
Honduras,HND,1992,1400000,0,0,200000,180000,0,50000,0,10000,0,20000
Honduras,HND,1993,1360000,0,0,210000,180000,0,50000,0,10000,0,20000
Honduras,HND,1994,1300000,0,0,210000,180000,0,50000,0,10000,0,30000
Honduras,HND,1995,1560000,0,0,220000,180000,0,50000,0,10000,0,30000
Honduras,HND,1996,1410000,0,0,210000,80000,0,50000,0,10000,0,30000
Honduras,HND,1997,1570000,0,0,190000,160000,0,60000,0,10000,0,30000
Honduras,HND,1998,1590000,0,0,180000,230000,0,60000,0,10000,0,30000
Honduras,HND,1999,1570000,0,0,160000,129999,0,40000,0,20000,0,40000
Honduras,HND,2000,1750000,0,0,150000,160000,0,50000,0,10000,0,40000
Honduras,HND,2001,1650000,0,0,129999,20000,0,50000,0,10000,0,40000
Honduras,HND,2002,1360000,0,0,120000,40000,0,50000,0,10000,0,40000
Honduras,HND,2003,1690000,0,0,100000,640000,0,50000,0,10000,0,40000
Honduras,HND,2004,1480000,0,0,90000,10000,0,60000,0,10000,0,40000
Honduras,HND,2005,1740000,0,0,70000,460000,0,60000,0,20000,0,40000
Honduras,HND,2006,1790000,0,0,80000,100000,0,60000,0,20000,0,30000
Honduras,HND,2007,1760000,0,0,80000,100000,0,60000,0,20000,0,50000
Honduras,HND,2008,1740000,0,0,80000,110000,0,70000,0,20000,0,50000
Honduras,HND,2009,1770000,0,0,80000,170000,0,70000,0,10000,0,50000
Honduras,HND,2010,1810000,0,0,80000,120000,0,70000,0,20000,0,50000
Honduras,HND,2011,2030000,0,0,80000,310000,0,80000,0,20000,0,50000
Honduras,HND,2012,1910000,0,0,80000,20000,0,80000,0,20000,0,50000
Honduras,HND,2013,1980000,0,0,80000,180000,0,80000,0,20000,0,50000
Honduras,HND,2014,2000000,0,0,90000,240000,0,80000,0,20000,0,60000
Honduras,HND,2015,1960000,0,0,90000,140000,0,90000,0,10000,0,60000
Honduras,HND,2016,2110000,0,0,90000,200000,0,90000,0,10000,0,70000
Honduras,HND,2017,2160000,0,0,90000,70000,0,60000,0,10000,0,70000
Honduras,HND,2018,2300000,0,0,100000,140000,0,70000,0,10000,0,70000
Honduras,HND,2019,2089999,0,0,100000,120000,0,60000,0,10000,0,70000
Honduras,HND,2020,2450000,0,0,100000,500000,0,70000,0,10000,0,60000
Honduras,HND,2021,2170000,0,0,100000,40000,0,60000,0,10000,0,80000
Honduras,HND,2022,2170000,0,0,100000,30000,0,60000,0,10000,0,80000
Honduras,HND,2023,2280000,0,0,110000,310000,0,60000,0,10000,0,90000
Hungary,HUN,1990,5590000,2870000,10000,129999,0,0,70000,0,10000,0,200000
Hungary,HUN,1991,5150000,1490000,10000,129999,0,0,70000,0,10000,0,180000
Hungary,HUN,1992,3950000,870000,10000,129999,0,0,50000,0,10000,0,170000
Hungary,HUN,1993,4130000,1260000,0,120000,0,0,50000,0,10000,0,160000
Hungary,HUN,1994,4230000,1840000,10000,110000,0,0,50000,0,10000,0,160000
Hungary,HUN,1995,4110000,1260000,10000,110000,0,0,50000,0,10000,0,160000
Hungary,HUN,1996,4550000,1750000,10000,110000,0,0,40000,0,10000,0,160000
Hungary,HUN,1997,4510000,1680000,0,110000,0,0,40000,0,10000,0,160000
Hungary,HUN,1998,4390000,1430000,0,110000,0,0,40000,0,10000,0,170000
Hungary,HUN,1999,4550000,1260000,0,110000,0,0,40000,0,10000,0,190000
Hungary,HUN,2000,4490000,1620000,0,120000,0,0,40000,0,10000,10000,180000
Hungary,HUN,2001,4780000,1760000,0,110000,0,0,40000,0,10000,0,180000
Hungary,HUN,2002,4450000,1150000,0,110000,0,0,40000,0,10000,0,190000
Hungary,HUN,2003,4230000,1220000,0,110000,0,0,40000,0,10000,0,190000
Hungary,HUN,2004,4630000,1610000,0,110000,0,0,30000,0,10000,10000,200000
Hungary,HUN,2005,4320000,1590000,0,110000,0,0,50000,0,10000,10000,210000
Hungary,HUN,2006,4390000,1320000,0,120000,10000,0,60000,0,10000,10000,230000
Hungary,HUN,2007,4340000,870000,0,110000,0,0,60000,0,10000,10000,240000
Hungary,HUN,2008,4620000,110000,0,110000,0,0,50000,0,10000,10000,259999
Hungary,HUN,2009,4179999,90000,0,100000,0,0,70000,0,10000,10000,259999
Hungary,HUN,2010,4090000,90000,0,90000,0,0,80000,0,10000,10000,240000
Hungary,HUN,2011,4330000,90000,0,90000,0,0,90000,0,10000,10000,220000
Hungary,HUN,2012,4230000,90000,0,80000,0,0,100000,0,10000,0,210000
Hungary,HUN,2013,4560000,110000,0,80000,0,0,100000,0,10000,0,200000
Hungary,HUN,2014,4590000,160000,0,70000,0,0,80000,0,10000,0,230000
Hungary,HUN,2015,4590000,129999,0,70000,0,0,90000,0,10000,0,240000
Hungary,HUN,2016,5060000,129999,0,70000,0,0,80000,0,20000,0,240000
Hungary,HUN,2017,5050000,129999,0,80000,0,0,80000,0,20000,0,250000
Hungary,HUN,2018,5080000,180000,0,70000,0,0,70000,0,20000,10000,259999
Hungary,HUN,2019,5050000,190000,0,80000,0,0,60000,0,20000,10000,280000
Hungary,HUN,2020,5220000,230000,0,80000,0,0,60000,0,20000,0,259999
Hungary,HUN,2021,5180000,250000,0,80000,0,0,70000,0,30000,0,280000
Hungary,HUN,2022,4250000,250000,0,80000,0,0,60000,0,20000,10000,300000
Hungary,HUN,2023,4159999,250000,0,80000,0,0,60000,0,20000,10000,290000
Iceland,ISL,1990,320000,60000,0,0,0,0,0,0,0,0,10000
Iceland,ISL,1991,320000,70000,0,0,0,0,0,0,0,0,10000
Iceland,ISL,1992,310000,60000,0,0,0,0,0,0,0,0,10000
Iceland,ISL,1993,310000,60000,0,0,0,0,0,0,0,0,10000
Iceland,ISL,1994,310000,60000,0,0,0,0,0,0,0,0,10000
Iceland,ISL,1995,300000,50000,0,0,0,0,0,0,0,0,10000
Iceland,ISL,1996,310000,60000,0,0,0,0,0,0,0,0,10000
Iceland,ISL,1997,310000,60000,0,0,0,0,0,0,0,0,10000
Iceland,ISL,1998,320000,50000,0,0,0,0,0,0,0,0,10000
Iceland,ISL,1999,320000,50000,0,0,0,0,0,0,0,0,10000
Iceland,ISL,2000,320000,40000,0,0,0,0,0,0,0,0,10000
Iceland,ISL,2001,290000,30000,0,0,0,0,0,0,0,0,10000
Iceland,ISL,2002,300000,30000,0,0,0,0,0,0,0,0,10000
Iceland,ISL,2003,300000,30000,0,0,0,0,0,0,0,0,10000
Iceland,ISL,2004,290000,20000,0,0,0,0,0,0,0,0,10000
Iceland,ISL,2005,290000,20000,0,0,0,0,0,0,0,0,10000
Iceland,ISL,2006,310000,20000,0,0,0,0,0,0,0,0,20000
Iceland,ISL,2007,320000,20000,0,0,0,0,0,0,0,10000,20000
Iceland,ISL,2008,330000,20000,0,0,0,0,0,0,0,0,20000
Iceland,ISL,2009,290000,20000,0,0,0,0,0,0,0,0,20000
Iceland,ISL,2010,290000,20000,0,0,0,0,0,0,0,0,10000
Iceland,ISL,2011,290000,20000,0,0,0,0,0,0,0,0,10000
Iceland,ISL,2012,300000,20000,0,0,0,0,0,0,0,0,10000
Iceland,ISL,2013,290000,20000,0,0,0,0,0,0,0,0,10000
Iceland,ISL,2014,300000,20000,0,0,0,0,0,0,0,0,10000
Iceland,ISL,2015,310000,20000,0,0,0,0,0,0,0,10000,20000
Iceland,ISL,2016,310000,20000,0,0,0,0,0,0,0,10000,20000
Iceland,ISL,2017,320000,20000,0,10000,0,0,0,0,0,10000,20000
Iceland,ISL,2018,310000,20000,0,10000,0,0,0,0,0,10000,20000
Iceland,ISL,2019,300000,20000,0,10000,0,0,0,0,0,10000,20000
Iceland,ISL,2020,300000,20000,0,10000,0,0,0,0,0,0,20000
Iceland,ISL,2021,300000,20000,0,10000,0,0,0,0,0,0,20000
Iceland,ISL,2022,290000,20000,0,10000,0,0,0,0,0,10000,20000
Iceland,ISL,2023,280000,20000,0,10000,0,0,0,0,0,10000,20000
India,IND,1990,117440000,2310000,70000,1710000,2010000,0,4010000,20000,1090000,40000,1290000
India,IND,1991,120790000,2410000,80000,1740000,2010000,0,4040000,30000,1160000,40000,1330000
India,IND,1992,124250000,2280000,80000,1780000,2010000,0,4060000,20000,1180000,40000,1360000
India,IND,1993,127080000,2190000,80000,1820000,2010000,0,4080000,20000,1230000,40000,1400000
India,IND,1994,131810000,2390000,90000,1860000,2010000,0,4120000,20000,1330000,40000,1450000
India,IND,1995,134190000,2550000,100000,2130000,2010000,0,4150000,20000,1310000,50000,1580000
India,IND,1996,137850000,2720000,100000,2410000,390000,0,4179999,20000,1400000,50000,1680000
India,IND,1997,141850000,2890000,110000,2680000,340000,0,4220000,20000,1490000,50000,1690000
India,IND,1998,144750000,3060000,80000,2960000,340000,0,4230000,20000,1530000,50000,1750000
India,IND,1999,146750000,3220000,100000,3230000,720000,0,4260000,20000,1540000,50000,1810000
India,IND,2000,143150000,3390000,90000,3510000,410000,0,4280000,20000,1570000,50000,1880000
India,IND,2001,145990000,3270000,90000,4310000,440000,0,4300000,20000,1650000,50000,1930000
India,IND,2002,139800000,3140000,100000,5120000,300000,0,4320000,20000,1690000,50000,2010000
India,IND,2003,145370000,3020000,120000,5930000,1510000,0,4320000,20000,1720000,60000,2030000
India,IND,2004,150100000,2890000,120000,6730000,2430000,0,4350000,20000,1830000,70000,2150000
India,IND,2005,157570000,2770000,120000,7540000,1470000,0,4390000,20000,1950000,70000,2320000
India,IND,2006,164940000,2650000,120000,8350000,1630000,0,4430000,20000,2120000,80000,2390000
India,IND,2007,171890000,2520000,100000,9150000,2620000,0,4480000,20000,2270000,90000,2770000
India,IND,2008,174710000,2400000,230000,9960000,1530000,0,4520000,20000,2370000,90000,3100000
India,IND,2009,177650000,2270000,160000,10770000,4930000,0,4570000,20000,2500000,100000,3380000
India,IND,2010,183880000,2150000,160000,11570000,4070000,0,4610000,20000,2820000,100000,3660000
India,IND,2011,190040000,2150000,120000,11940000,2020000,0,4660000,20000,2980000,100000,3900000
India,IND,2012,187370000,2180000,140000,12310000,4790000,0,4710000,20000,2990000,100000,4130000
India,IND,2013,187820000,2220000,129999,12680000,2840000,0,4900000,20000,3080000,100000,4250000
India,IND,2014,189400000,2270000,140000,13040000,2320000,0,4890000,30000,3320000,100000,4470000
India,IND,2015,191800000,2430000,140000,13410000,1690000,0,4890000,20000,3490000,110000,4900000
India,IND,2016,189920000,2450000,140000,13780000,2250000,0,4890000,30000,3580000,120000,5070000
India,IND,2017,192760000,2480000,150000,13960000,3540000,0,4890000,30000,3850000,120000,5480000
India,IND,2018,197530000,2510000,150000,14130000,2940000,0,4890000,30000,4100000,129999,5770000
India,IND,2019,205140000,2540000,150000,14310000,1760000,0,4890000,30000,4070000,129999,5830000
India,IND,2020,215740000,2560000,140000,14760000,900000,0,4890000,30000,4200000,70000,5020000
India,IND,2021,212680000,2590000,150000,14880000,5140000,0,4880000,30000,4620000,80000,5710000
India,IND,2022,217490000,2620000,170000,14980000,2130000,0,4860000,30000,4930000,120000,6440000
India,IND,2023,220530000,2640000,180000,15100000,1460000,0,4850000,30000,5300000,129999,6560000
Indonesia,IDN,1990,30820000,340000,10000,1500000,1240000,10000,570000,20000,380000,20000,540000
Indonesia,IDN,1991,30890000,330000,10000,1520000,1240000,10000,570000,20000,400000,10000,580000
Indonesia,IDN,1992,32660000,310000,10000,1550000,1240000,10000,570000,20000,410000,10000,620000
Indonesia,IDN,1993,31640000,310000,10000,1570000,1240000,10000,570000,20000,430000,10000,650000
Indonesia,IDN,1994,32919998,320000,10000,1600000,1240000,10000,570000,20000,440000,10000,730000
Indonesia,IDN,1995,34730000,330000,10000,1630000,1240000,10000,570000,30000,470000,20000,800000
Indonesia,IDN,1996,36510000,340000,20000,1650000,620000,10000,570000,30000,470000,10000,880000
Indonesia,IDN,1997,34180000,340000,10000,1680000,11370000,10000,570000,30000,480000,20000,980000
Indonesia,IDN,1998,35020000,330000,20000,1710000,7320000,10000,560000,30000,480000,10000,970000
Indonesia,IDN,1999,33450000,320000,20000,1730000,920000,10000,560000,30000,519999,10000,970000
Indonesia,IDN,2000,34240000,330000,30000,1760000,280000,10000,570000,20000,519999,10000,1030000
Indonesia,IDN,2001,34390000,280000,30000,1790000,100000,10000,560000,20000,500000,10000,1100000
Indonesia,IDN,2002,36200000,300000,30000,1830000,1680000,10000,560000,20000,480000,10000,1120000
Indonesia,IDN,2003,36380000,300000,30000,1870000,360000,10000,560000,30000,519999,20000,1150000
Indonesia,IDN,2004,37860000,280000,30000,1910000,1550000,10000,560000,20000,500000,10000,1200000
Indonesia,IDN,2005,38340000,290000,30000,1940000,610000,10000,550000,20000,490000,20000,1210000
Indonesia,IDN,2006,39470000,259999,20000,1980000,1980000,10000,530000,20000,560000,20000,1160000
Indonesia,IDN,2007,40230000,280000,20000,2020000,190000,10000,519999,20000,620000,20000,1210000
Indonesia,IDN,2008,41950000,320000,20000,2050000,120000,10000,500000,20000,519999,20000,1290000
Indonesia,IDN,2009,44640000,350000,20000,2089999,1190000,10000,450000,20000,540000,30000,1470000
Indonesia,IDN,2010,44020000,340000,20000,2130000,60000,10000,440000,20000,450000,30000,1610000
Indonesia,IDN,2011,46080000,360000,20000,2160000,410000,10000,420000,20000,470000,30000,1980000
Indonesia,IDN,2012,47550000,360000,30000,2200000,630000,10000,390000,20000,470000,30000,2340000
Indonesia,IDN,2013,45670000,360000,20000,2240000,340000,10000,350000,20000,490000,30000,2530000
Indonesia,IDN,2014,48070000,350000,20000,2270000,1400000,10000,330000,20000,480000,40000,2630000
Indonesia,IDN,2015,48320000,350000,20000,2380000,2130000,10000,280000,20000,500000,40000,2420000
Indonesia,IDN,2016,49060000,360000,20000,2460000,160000,10000,250000,20000,480000,40000,2680000
Indonesia,IDN,2017,54150000,360000,10000,2540000,40000,10000,210000,20000,510000,40000,2750000
Indonesia,IDN,2018,56450000,370000,10000,2610000,280000,10000,200000,20000,540000,40000,3110000
Indonesia,IDN,2019,55610000,370000,10000,2700000,1430000,10000,170000,20000,550000,40000,3510000
Indonesia,IDN,2020,57940000,380000,10000,2760000,80000,10000,160000,20000,600000,20000,3390000
Indonesia,IDN,2021,57600000,380000,10000,2780000,50000,10000,150000,20000,610000,20000,3650000
Indonesia,IDN,2022,55280000,380000,10000,2800000,30000,10000,140000,20000,650000,30000,4020000
Indonesia,IDN,2023,56240000,390000,10000,2820000,580000,10000,120000,20000,690000,50000,4280000
Iran,IRN,1990,12120000,600000,30000,1140000,0,0,80000,10000,60000,20000,680000
Iran,IRN,1991,12630000,720000,30000,1190000,0,0,80000,10000,70000,20000,740000
Iran,IRN,1992,14200000,850000,30000,1220000,0,0,100000,10000,70000,20000,780000
Iran,IRN,1993,12770000,680000,30000,1220000,0,0,90000,10000,60000,30000,870000
Iran,IRN,1994,13210000,670000,30000,1230000,0,0,110000,10000,60000,30000,980000
Iran,IRN,1995,13470000,670000,30000,2860000,0,0,110000,20000,60000,30000,970000
Iran,IRN,1996,13850000,890000,30000,4490000,20000,0,120000,20000,50000,30000,1030000
Iran,IRN,1997,14710000,960000,30000,6110000,0,0,120000,20000,60000,30000,1060000
Iran,IRN,1998,15350000,1140000,30000,7740000,0,0,110000,20000,60000,30000,1120000
Iran,IRN,1999,14830000,920000,40000,9370000,10000,0,110000,30000,60000,30000,1210000
Iran,IRN,2000,14820000,960000,40000,11000000,0,0,110000,30000,60000,40000,1300000
Iran,IRN,2001,15000000,980000,50000,11190000,0,0,110000,20000,60000,40000,1380000
Iran,IRN,2002,15760000,1180000,30000,11320000,0,0,110000,20000,60000,40000,1500000
Iran,IRN,2003,16320000,1170000,30000,11570000,0,0,110000,30000,70000,40000,1610000
Iran,IRN,2004,17290000,1060000,30000,11800000,0,0,110000,30000,70000,40000,1710000
Iran,IRN,2005,17690000,900000,40000,12030000,0,0,129999,40000,80000,40000,1860000
Iran,IRN,2006,19250000,760000,50000,12100000,0,0,140000,20000,80000,50000,1990000
Iran,IRN,2007,18090000,920000,50000,12370000,0,0,140000,20000,90000,50000,1940000
Iran,IRN,2008,17280000,1250000,30000,12660000,0,0,140000,20000,90000,60000,2010000
Iran,IRN,2009,17190000,1620000,30000,12940000,0,0,129999,30000,80000,70000,2150000
Iran,IRN,2010,16800000,1880000,30000,13200000,30000,0,120000,30000,80000,80000,2100000
Iran,IRN,2011,14230000,2330000,20000,13390000,0,0,110000,30000,70000,80000,2100000
Iran,IRN,2012,14910000,2570000,20000,13780000,0,0,100000,30000,70000,50000,2210000
Iran,IRN,2013,14610000,2220000,20000,13950000,0,0,110000,30000,70000,80000,2310000
Iran,IRN,2014,13660000,2089999,20000,14200000,0,0,100000,30000,70000,90000,2530000
Iran,IRN,2015,13460000,2270000,20000,14330000,0,0,100000,30000,60000,120000,2520000
Iran,IRN,2016,13820000,2330000,20000,14400000,0,0,100000,20000,60000,60000,2390000
Iran,IRN,2017,13510000,2380000,20000,14370000,0,0,100000,20000,70000,50000,2490000
Iran,IRN,2018,14330000,2440000,20000,14450000,0,0,100000,20000,70000,50000,2560000
Iran,IRN,2019,15100000,2500000,20000,14580000,0,0,100000,20000,70000,40000,2680000
Iran,IRN,2020,16260000,2570000,20000,14700000,0,0,110000,20000,80000,30000,2370000
Iran,IRN,2021,16760000,2620000,20000,14810000,10000,0,100000,30000,90000,40000,2630000
Iran,IRN,2022,17020000,2680000,30000,14910000,0,0,110000,30000,90000,50000,2960000
Iran,IRN,2023,16770000,2740000,30000,15020000,0,0,110000,30000,90000,50000,2730000
Iraq,IRQ,1990,3060000,380000,0,210000,0,0,10000,10000,10000,10000,380000
Iraq,IRQ,1991,1960000,150000,0,210000,0,0,10000,0,10000,10000,320000
Iraq,IRQ,1992,2440000,190000,0,220000,0,0,10000,0,10000,10000,400000
Iraq,IRQ,1993,3280000,320000,0,230000,0,0,10000,0,20000,10000,420000
Iraq,IRQ,1994,3180000,320000,0,240000,0,0,10000,10000,20000,10000,430000
Iraq,IRQ,1995,2930000,290000,0,250000,0,0,10000,10000,20000,10000,430000
Iraq,IRQ,1996,2850000,300000,0,259999,0,0,10000,10000,20000,10000,410000
Iraq,IRQ,1997,3010000,310000,0,270000,0,0,10000,10000,20000,10000,410000
Iraq,IRQ,1998,3140000,310000,0,270000,0,0,10000,10000,20000,10000,420000
Iraq,IRQ,1999,3040000,310000,0,280000,10000,0,10000,10000,20000,10000,420000
Iraq,IRQ,2000,3030000,320000,0,290000,10000,0,10000,10000,20000,20000,460000
Iraq,IRQ,2001,4440000,430000,0,310000,0,0,10000,10000,20000,20000,500000
Iraq,IRQ,2002,4620000,690000,0,320000,0,0,10000,10000,20000,20000,490000
Iraq,IRQ,2003,1940000,40000,0,330000,0,0,10000,10000,10000,10000,380000
Iraq,IRQ,2004,2180000,0,0,340000,0,0,10000,10000,10000,20000,420000
Iraq,IRQ,2005,2640000,129999,0,350000,0,0,10000,0,10000,20000,460000
Iraq,IRQ,2006,2580000,160000,0,360000,0,0,10000,10000,10000,20000,460000
Iraq,IRQ,2007,2490000,129999,0,370000,0,0,10000,0,20000,20000,440000
Iraq,IRQ,2008,2790000,170000,0,400000,0,0,20000,10000,10000,20000,440000
Iraq,IRQ,2009,3350000,140000,0,440000,0,0,20000,10000,10000,20000,450000
Iraq,IRQ,2010,3200000,150000,0,460000,0,0,20000,10000,20000,20000,500000
Iraq,IRQ,2011,3430000,160000,0,490000,0,0,20000,10000,20000,20000,540000
Iraq,IRQ,2012,3580000,150000,0,500000,0,0,20000,10000,20000,10000,600000
Iraq,IRQ,2013,3610000,170000,0,519999,0,0,20000,10000,20000,10000,570000
Iraq,IRQ,2014,3240000,150000,0,540000,0,0,10000,20000,10000,20000,460000
Iraq,IRQ,2015,2410000,40000,0,570000,0,0,10000,20000,10000,20000,440000
Iraq,IRQ,2016,2700000,40000,0,600000,0,0,10000,30000,10000,20000,450000
Iraq,IRQ,2017,3150000,40000,0,630000,0,0,10000,30000,10000,10000,510000
Iraq,IRQ,2018,3050000,40000,0,640000,0,0,10000,30000,20000,10000,590000
Iraq,IRQ,2019,3830000,40000,0,650000,0,0,10000,30000,20000,10000,630000
Iraq,IRQ,2020,3890000,40000,0,670000,0,0,10000,30000,20000,10000,519999
Iraq,IRQ,2021,3640000,40000,0,690000,0,0,10000,30000,20000,10000,650000
Iraq,IRQ,2022,3580000,40000,0,700000,0,0,10000,30000,20000,10000,750000
Iraq,IRQ,2023,3680000,40000,0,720000,0,0,20000,30000,20000,10000,770000
Ireland,IRL,1990,8000000,910000,0,70000,0,0,30000,0,10000,10000,100000
Ireland,IRL,1991,7960000,720000,0,70000,0,0,30000,0,10000,10000,100000
Ireland,IRL,1992,8020000,720000,0,70000,0,0,30000,0,10000,10000,110000
Ireland,IRL,1993,8310000,720000,0,70000,0,0,30000,0,10000,10000,110000
Ireland,IRL,1994,8480000,720000,0,70000,0,0,20000,0,10000,10000,110000
Ireland,IRL,1995,8460000,720000,0,70000,0,0,20000,0,10000,10000,110000
Ireland,IRL,1996,8319999,720000,0,70000,0,0,20000,0,10000,10000,129999
Ireland,IRL,1997,8400000,720000,0,70000,0,0,20000,0,10000,10000,140000
Ireland,IRL,1998,8760000,720000,0,70000,0,0,20000,0,10000,10000,160000
Ireland,IRL,1999,8710000,720000,0,70000,0,0,20000,0,10000,10000,170000
Ireland,IRL,2000,8600000,720000,0,70000,0,0,20000,0,10000,20000,190000
Ireland,IRL,2001,8570000,530000,0,80000,0,0,20000,0,10000,20000,200000
Ireland,IRL,2002,8510000,280000,0,80000,0,0,20000,0,10000,20000,200000
Ireland,IRL,2003,8620000,280000,0,80000,0,0,20000,0,10000,20000,200000
Ireland,IRL,2004,8420000,280000,0,80000,0,0,20000,0,20000,20000,210000
Ireland,IRL,2005,8260000,280000,0,80000,0,0,20000,0,20000,20000,220000
Ireland,IRL,2006,8100000,280000,0,80000,0,0,20000,0,20000,20000,240000
Ireland,IRL,2007,7940000,280000,0,80000,0,0,20000,0,20000,20000,250000
Ireland,IRL,2008,7910000,290000,0,80000,0,0,20000,0,10000,20000,250000
Ireland,IRL,2009,8149999,290000,0,80000,0,0,20000,0,10000,10000,230000
Ireland,IRL,2010,7760000,290000,0,80000,0,0,20000,0,10000,20000,220000
Ireland,IRL,2011,7670000,290000,0,80000,0,0,20000,0,10000,20000,200000
Ireland,IRL,2012,8109999,290000,0,80000,0,0,20000,0,10000,20000,200000
Ireland,IRL,2013,8060000,290000,0,80000,0,0,20000,0,10000,20000,200000
Ireland,IRL,2014,8109999,290000,0,80000,0,0,20000,0,10000,20000,210000
Ireland,IRL,2015,8149999,290000,0,90000,0,0,20000,0,10000,20000,210000
Ireland,IRL,2016,8330000,290000,0,90000,0,0,20000,0,10000,20000,220000
Ireland,IRL,2017,8570000,290000,0,90000,0,0,20000,0,20000,30000,220000
Ireland,IRL,2018,8200000,290000,0,90000,0,0,20000,0,20000,30000,220000
Ireland,IRL,2019,8000000,290000,0,90000,0,0,20000,0,20000,30000,230000
Ireland,IRL,2020,8100000,290000,0,100000,0,0,20000,0,10000,10000,190000
Ireland,IRL,2021,8250000,290000,0,100000,0,0,20000,0,10000,10000,200000
Ireland,IRL,2022,7890000,290000,0,100000,0,0,10000,0,10000,20000,220000
Ireland,IRL,2023,7460000,290000,0,100000,0,0,10000,0,10000,30000,240000
Israel,ISR,1990,660000,100000,0,120000,0,0,0,0,10000,10000,150000
Israel,ISR,1991,630000,120000,0,129999,0,0,0,0,10000,10000,160000
Israel,ISR,1992,670000,90000,0,129999,0,0,0,0,0,20000,170000
Israel,ISR,1993,670000,110000,0,129999,0,0,0,10000,0,20000,170000
Israel,ISR,1994,720000,90000,0,140000,0,0,0,10000,10000,20000,190000
Israel,ISR,1995,720000,100000,10000,140000,0,0,0,0,10000,20000,200000
Israel,ISR,1996,800000,100000,10000,150000,0,0,0,0,10000,20000,210000
Israel,ISR,1997,790000,120000,10000,150000,0,0,0,0,0,20000,220000
Israel,ISR,1998,800000,110000,10000,150000,0,0,0,10000,0,20000,210000
Israel,ISR,1999,710000,110000,10000,160000,0,0,0,10000,0,20000,230000
Israel,ISR,2000,740000,120000,10000,160000,0,0,0,10000,0,20000,230000
Israel,ISR,2001,740000,120000,10000,110000,0,0,0,10000,0,20000,230000
Israel,ISR,2002,710000,129999,10000,60000,0,0,0,10000,0,30000,240000
Israel,ISR,2003,750000,129999,10000,20000,0,0,0,10000,0,30000,250000
Israel,ISR,2004,760000,110000,10000,20000,0,0,0,0,0,30000,240000
Israel,ISR,2005,750000,120000,10000,20000,0,0,0,0,0,30000,240000
Israel,ISR,2006,780000,120000,10000,20000,0,0,0,10000,0,30000,240000
Israel,ISR,2007,850000,120000,10000,20000,0,0,0,0,0,30000,250000
Israel,ISR,2008,780000,70000,0,20000,0,0,0,0,0,30000,280000
Israel,ISR,2009,730000,70000,10000,20000,0,0,0,0,0,30000,270000
Israel,ISR,2010,720000,80000,10000,10000,0,0,0,10000,10000,30000,290000
Israel,ISR,2011,800000,80000,10000,10000,0,0,0,0,0,30000,280000
Israel,ISR,2012,800000,90000,10000,10000,0,0,0,0,0,30000,300000
Israel,ISR,2013,810000,10000,0,10000,0,0,0,0,0,20000,280000
Israel,ISR,2014,820000,10000,0,10000,0,0,0,0,0,20000,280000
Israel,ISR,2015,850000,10000,0,10000,0,0,0,0,10000,30000,300000
Israel,ISR,2016,840000,10000,0,10000,0,0,0,0,10000,20000,310000
Israel,ISR,2017,860000,10000,0,10000,0,0,0,0,10000,30000,320000
Israel,ISR,2018,880000,10000,0,10000,0,0,0,0,10000,30000,320000
Israel,ISR,2019,840000,10000,0,10000,0,0,0,0,10000,30000,350000
Israel,ISR,2020,790000,10000,0,20000,0,0,0,0,10000,20000,310000
Israel,ISR,2021,810000,10000,0,20000,0,0,0,0,10000,20000,330000
Israel,ISR,2022,790000,10000,10000,20000,0,0,0,0,10000,30000,350000
Israel,ISR,2023,780000,10000,10000,20000,0,0,0,0,10000,30000,340000
Italy,ITA,1990,13830000,6400000,20000,1120000,10000,50000,100000,20000,120000,90000,1620000
Italy,ITA,1991,13480000,6700000,20000,1140000,10000,60000,110000,20000,110000,90000,1670000
Italy,ITA,1992,13360000,6250000,20000,1120000,10000,60000,110000,20000,110000,90000,1780000
Italy,ITA,1993,13050000,6400000,20000,1100000,10000,60000,100000,20000,100000,90000,1820000
Italy,ITA,1994,12750000,6050000,20000,1100000,10000,60000,90000,20000,100000,90000,1820000
Italy,ITA,1995,12540000,6850000,20000,1090000,10000,50000,100000,20000,100000,100000,1860000
Italy,ITA,1996,12770000,6790000,20000,1110000,10000,50000,100000,20000,100000,90000,1880000
Italy,ITA,1997,12430000,6820000,20000,1110000,10000,50000,100000,20000,100000,90000,1900000
Italy,ITA,1998,12470000,7010000,20000,1130000,10000,60000,110000,20000,100000,100000,1960000
Italy,ITA,1999,12570000,7130000,20000,1150000,10000,50000,110000,20000,110000,90000,1970000
Italy,ITA,2000,12350000,7650000,20000,1150000,20000,40000,110000,20000,110000,100000,1950000
Italy,ITA,2001,11100000,7830000,20000,1130000,0,50000,120000,20000,110000,100000,1970000
Italy,ITA,2002,11980000,7550000,20000,1140000,0,40000,150000,20000,110000,100000,1990000
Italy,ITA,2003,11650000,7210000,20000,1140000,10000,40000,210000,20000,120000,110000,2000000
Italy,ITA,2004,12020000,7940000,20000,1160000,0,50000,160000,20000,110000,110000,2050000
Italy,ITA,2005,11420000,7340000,20000,1170000,0,50000,230000,30000,110000,120000,2000000
Italy,ITA,2006,11330000,2950000,20000,1160000,0,50000,259999,20000,100000,120000,2000000
Italy,ITA,2007,11420000,2290000,20000,1170000,30000,50000,330000,20000,100000,129999,1980000
Italy,ITA,2008,10850000,1530000,20000,1180000,10000,40000,390000,20000,100000,129999,1970000
Italy,ITA,2009,9770000,1550000,20000,1180000,10000,40000,370000,20000,70000,120000,1950000
Italy,ITA,2010,9730000,1090000,20000,1180000,0,40000,360000,20000,80000,140000,1950000
Italy,ITA,2011,9720000,750000,20000,1170000,10000,40000,250000,20000,90000,129999,1930000
Italy,ITA,2012,10130000,740000,20000,1160000,20000,40000,340000,20000,90000,120000,1810000
Italy,ITA,2013,10080000,690000,20000,1160000,0,40000,340000,10000,70000,110000,1740000
Italy,ITA,2014,9920000,560000,20000,1130000,0,30000,290000,10000,70000,110000,1770000
Italy,ITA,2015,10070000,550000,20000,1120000,0,40000,320000,10000,70000,110000,1740000
Italy,ITA,2016,10180000,560000,20000,1110000,0,30000,310000,10000,70000,120000,1690000
Italy,ITA,2017,10070000,620000,20000,1120000,30000,30000,340000,10000,60000,129999,1630000
Italy,ITA,2018,9430000,610000,20000,1130000,0,30000,310000,10000,60000,150000,1720000
Italy,ITA,2019,9430000,570000,20000,1110000,0,30000,310000,10000,60000,150000,1730000
Italy,ITA,2020,10020000,560000,20000,1110000,0,30000,300000,10000,60000,90000,1440000
Italy,ITA,2021,9220000,510000,20000,1110000,30000,30000,340000,10000,80000,90000,1730000
Italy,ITA,2022,9020000,510000,20000,1100000,10000,30000,310000,10000,70000,120000,1800000
Italy,ITA,2023,9050000,510000,20000,1100000,10000,30000,290000,10000,70000,129999,1840000
Jamaica,JAM,1990,310000,0,0,60000,0,0,0,0,20000,0,20000
Jamaica,JAM,1991,330000,0,0,60000,0,0,0,0,20000,0,20000
Jamaica,JAM,1992,320000,0,0,60000,0,0,0,0,10000,0,20000
Jamaica,JAM,1993,330000,0,0,70000,0,0,0,0,10000,0,20000
Jamaica,JAM,1994,330000,0,0,70000,0,0,0,0,10000,0,20000
Jamaica,JAM,1995,340000,0,0,60000,0,0,0,0,10000,0,30000
Jamaica,JAM,1996,330000,0,0,60000,0,0,0,0,10000,0,30000
Jamaica,JAM,1997,330000,0,0,60000,0,0,0,0,10000,0,30000
Jamaica,JAM,1998,330000,0,0,60000,0,0,0,0,10000,0,40000
Jamaica,JAM,1999,340000,0,0,50000,0,0,0,0,10000,0,40000
Jamaica,JAM,2000,340000,0,0,50000,0,0,0,0,10000,0,40000
Jamaica,JAM,2001,340000,0,0,50000,0,0,0,0,10000,0,40000
Jamaica,JAM,2002,330000,0,0,50000,0,0,0,0,10000,10000,40000
Jamaica,JAM,2003,350000,0,0,40000,0,0,0,0,10000,10000,40000
Jamaica,JAM,2004,340000,0,0,40000,0,0,0,0,10000,10000,40000
Jamaica,JAM,2005,330000,0,0,40000,0,0,0,0,10000,10000,40000
Jamaica,JAM,2006,250000,0,0,30000,0,0,0,0,10000,10000,40000
Jamaica,JAM,2007,230000,0,0,30000,0,0,0,0,10000,10000,40000
Jamaica,JAM,2008,240000,0,0,30000,0,0,0,0,10000,10000,40000
Jamaica,JAM,2009,230000,0,0,30000,0,0,0,0,10000,10000,40000
Jamaica,JAM,2010,230000,0,0,30000,0,0,0,0,10000,10000,40000
Jamaica,JAM,2011,230000,0,0,30000,0,0,0,0,10000,10000,40000
Jamaica,JAM,2012,250000,0,0,30000,0,0,0,0,10000,10000,30000
Jamaica,JAM,2013,240000,0,0,30000,0,0,0,0,10000,10000,40000
Jamaica,JAM,2014,240000,0,0,30000,0,0,0,0,10000,10000,40000
Jamaica,JAM,2015,220000,0,0,30000,0,0,0,0,10000,10000,40000
Jamaica,JAM,2016,230000,0,0,40000,0,0,0,0,10000,10000,40000
Jamaica,JAM,2017,230000,0,0,40000,0,0,0,0,10000,10000,40000
Jamaica,JAM,2018,250000,0,0,40000,0,0,0,0,10000,10000,50000
Jamaica,JAM,2019,240000,0,0,40000,0,0,0,0,10000,10000,50000
Jamaica,JAM,2020,240000,0,0,40000,0,0,0,0,0,10000,30000
Jamaica,JAM,2021,230000,0,0,40000,0,0,0,0,0,10000,50000
Jamaica,JAM,2022,230000,0,0,40000,0,0,0,0,0,10000,50000
Jamaica,JAM,2023,230000,0,0,40000,0,0,0,0,0,10000,60000
Japan,JPN,1990,9180000,8810000,40000,2120000,10000,1280000,200000,30000,600000,220000,3600000
Japan,JPN,1991,8930000,8390000,40000,2140000,10000,1320000,210000,30000,590000,230000,3750000
Japan,JPN,1992,9010000,8359999,40000,2150000,10000,1430000,210000,30000,580000,240000,3830000
Japan,JPN,1993,9020000,8120000,40000,2150000,10000,1440000,220000,30000,560000,250000,3920000
Japan,JPN,1994,9050000,9080000,40000,2130000,10000,1580000,210000,30000,550000,259999,4120000
Japan,JPN,1995,8610000,8990000,40000,2170000,10000,1700000,230000,30000,570000,259999,4240000
Japan,JPN,1996,8410000,9890000,60000,2150000,10000,1810000,220000,30000,570000,230000,4340000
Japan,JPN,1997,8260000,10420000,60000,2170000,0,1870000,220000,30000,560000,259999,4380000
Japan,JPN,1998,8050000,9270000,60000,2150000,0,1870000,220000,30000,519999,270000,4400000
Japan,JPN,1999,8040000,3750000,50000,2089999,10000,1940000,240000,30000,519999,259999,4460000
Japan,JPN,2000,8060000,5980000,60000,2050000,10000,1920000,240000,30000,530000,259999,4470000
Japan,JPN,2001,7970000,2990000,60000,2030000,0,1860000,240000,30000,510000,240000,4520000
Japan,JPN,2002,7900000,2870000,70000,2020000,10000,1700000,280000,30000,530000,259999,4460000
Japan,JPN,2003,7930000,2910000,70000,2040000,0,1700000,270000,30000,530000,270000,4440000
Japan,JPN,2004,7840000,3040000,70000,2060000,0,1690000,280000,30000,530000,280000,4470000
Japan,JPN,2005,7730000,2600000,70000,2030000,10000,1750000,290000,30000,560000,300000,4430000
Japan,JPN,2006,7640000,2790000,70000,1990000,0,1640000,259999,30000,550000,280000,4360000
Japan,JPN,2007,7810000,2079999,70000,1970000,10000,1510000,259999,30000,560000,270000,4240000
Japan,JPN,2008,7140000,2260000,60000,1960000,10000,1450000,240000,30000,510000,250000,4100000
Japan,JPN,2009,7030000,2330000,70000,1860000,0,1400000,230000,30000,480000,220000,4020000
Japan,JPN,2010,7310000,1860000,60000,1880000,0,1350000,230000,30000,510000,220000,4070000
Japan,JPN,2011,6770000,1580000,50000,1890000,10000,1350000,230000,30000,530000,230000,3980000
Japan,JPN,2012,6800000,1420000,60000,1840000,0,1360000,220000,30000,510000,230000,3930000
Japan,JPN,2013,6990000,1440000,50000,1850000,0,1370000,240000,30000,530000,230000,3880000
Japan,JPN,2014,7100000,1430000,50000,1820000,20000,1270000,230000,30000,500000,230000,3760000
Japan,JPN,2015,6840000,1070000,50000,1800000,0,1330000,220000,30000,490000,240000,3770000
Japan,JPN,2016,6910000,980000,50000,1800000,0,1170000,210000,30000,480000,250000,3730000
Japan,JPN,2017,6960000,910000,50000,1770000,10000,1270000,220000,20000,490000,250000,3700000
Japan,JPN,2018,6890000,780000,40000,1770000,10000,1290000,210000,20000,490000,259999,3650000
Japan,JPN,2019,6830000,840000,40000,1810000,10000,1310000,210000,20000,470000,259999,3570000
Japan,JPN,2020,6850000,970000,50000,1760000,10000,1240000,200000,20000,450000,170000,3280000
Japan,JPN,2021,6850000,900000,50000,1760000,0,1100000,190000,20000,460000,200000,3280000
Japan,JPN,2022,6750000,910000,40000,1750000,10000,1100000,190000,20000,450000,210000,3310000
Japan,JPN,2023,6730000,920000,40000,1740000,0,1100000,180000,20000,430000,259999,3310000
Jordan,JOR,1990,300000,170000,0,60000,0,0,0,0,0,0,50000
Jordan,JOR,1991,390000,170000,0,60000,0,0,0,0,0,0,40000
Jordan,JOR,1992,440000,150000,0,60000,0,0,0,0,0,0,50000
Jordan,JOR,1993,430000,120000,0,70000,0,0,0,0,0,0,50000
Jordan,JOR,1994,380000,200000,0,70000,0,0,0,0,0,10000,50000
Jordan,JOR,1995,400000,180000,0,70000,0,0,0,0,0,10000,50000
Jordan,JOR,1996,380000,160000,0,80000,0,0,0,0,0,10000,50000
Jordan,JOR,1997,390000,170000,0,80000,0,0,0,0,0,10000,60000
Jordan,JOR,1998,380000,200000,0,80000,0,0,0,0,0,10000,60000
Jordan,JOR,1999,380000,190000,0,80000,0,0,0,0,0,10000,60000
Jordan,JOR,2000,330000,150000,0,80000,0,0,0,0,0,10000,60000
Jordan,JOR,2001,330000,160000,0,90000,0,0,0,0,0,10000,70000
Jordan,JOR,2002,350000,170000,0,90000,0,0,0,0,0,0,70000
Jordan,JOR,2003,360000,180000,0,90000,0,0,0,0,0,10000,70000
Jordan,JOR,2004,330000,180000,0,90000,0,0,0,0,10000,10000,80000
Jordan,JOR,2005,400000,180000,0,100000,0,0,0,0,10000,10000,80000
Jordan,JOR,2006,350000,190000,0,100000,0,0,0,0,10000,10000,80000
Jordan,JOR,2007,390000,190000,0,100000,0,0,0,0,10000,10000,90000
Jordan,JOR,2008,460000,190000,0,110000,0,0,0,0,10000,10000,80000
Jordan,JOR,2009,420000,190000,0,110000,0,0,0,0,10000,10000,90000
Jordan,JOR,2010,440000,210000,0,110000,0,0,0,0,0,10000,100000
Jordan,JOR,2011,450000,200000,0,110000,0,0,0,0,0,10000,100000
Jordan,JOR,2012,450000,180000,0,120000,0,0,0,0,10000,10000,120000
Jordan,JOR,2013,530000,160000,0,120000,0,0,0,0,10000,10000,129999
Jordan,JOR,2014,540000,190000,0,120000,0,0,0,0,10000,10000,120000
Jordan,JOR,2015,610000,140000,0,120000,0,0,0,0,0,10000,140000
Jordan,JOR,2016,620000,140000,0,129999,0,0,0,0,10000,10000,150000
Jordan,JOR,2017,580000,140000,0,129999,0,0,0,0,0,10000,160000
Jordan,JOR,2018,580000,150000,0,129999,0,0,0,0,0,10000,160000
Jordan,JOR,2019,560000,150000,0,129999,0,0,0,0,0,10000,150000
Jordan,JOR,2020,550000,160000,0,140000,0,0,0,0,0,0,129999
Jordan,JOR,2021,570000,160000,0,140000,0,0,0,0,10000,0,129999
Jordan,JOR,2022,670000,160000,0,140000,0,0,0,0,10000,10000,140000
Jordan,JOR,2023,680000,170000,0,140000,0,0,0,0,0,10000,129999
Kazakhstan,KAZ,1990,14130000,120000,110000,240000,20000,20000,0,10000,300000,20000,400000
Kazakhstan,KAZ,1991,13300000,110000,110000,240000,20000,20000,0,10000,310000,20000,519999
Kazakhstan,KAZ,1992,12300000,30000,150000,240000,10000,20000,0,10000,320000,20000,450000
Kazakhstan,KAZ,1993,11420000,50000,100000,240000,10000,20000,0,0,280000,10000,370000
Kazakhstan,KAZ,1994,10850000,30000,80000,240000,10000,20000,0,0,220000,10000,240000
Kazakhstan,KAZ,1995,9040000,30000,90000,230000,10000,20000,0,0,220000,10000,259999
Kazakhstan,KAZ,1996,8069999,30000,80000,230000,50000,20000,0,0,190000,10000,210000
Kazakhstan,KAZ,1997,7000000,10000,70000,230000,120000,20000,0,0,160000,10000,180000
Kazakhstan,KAZ,1998,5730000,0,70000,220000,60000,20000,0,0,160000,10000,230000
Kazakhstan,KAZ,1999,5360000,0,60000,220000,40000,20000,0,0,129999,0,160000
Kazakhstan,KAZ,2000,5120000,0,40000,220000,50000,30000,0,0,60000,0,259999
Kazakhstan,KAZ,2001,5810000,0,20000,220000,0,30000,0,0,80000,0,230000
Kazakhstan,KAZ,2002,9640000,10000,10000,220000,10000,30000,0,10000,50000,0,259999
Kazakhstan,KAZ,2003,6770000,10000,20000,230000,0,40000,0,10000,70000,0,250000
Kazakhstan,KAZ,2004,7640000,10000,20000,230000,0,40000,0,10000,100000,0,259999
Kazakhstan,KAZ,2005,7910000,0,30000,230000,0,40000,0,10000,120000,0,270000
Kazakhstan,KAZ,2006,8660000,20000,60000,240000,0,40000,0,10000,70000,0,290000
Kazakhstan,KAZ,2007,7690000,110000,80000,240000,10000,50000,0,10000,129999,10000,340000
Kazakhstan,KAZ,2008,7850000,100000,30000,250000,0,50000,40000,40000,180000,0,330000
Kazakhstan,KAZ,2009,7360000,80000,10000,259999,0,50000,40000,30000,170000,0,300000
Kazakhstan,KAZ,2010,8580000,80000,10000,270000,0,60000,50000,30000,190000,0,310000
Kazakhstan,KAZ,2011,7570000,110000,10000,270000,0,60000,70000,30000,220000,0,310000
Kazakhstan,KAZ,2012,7380000,90000,10000,280000,0,60000,50000,30000,220000,0,350000
Kazakhstan,KAZ,2013,6570000,90000,10000,280000,0,60000,50000,40000,210000,0,320000
Kazakhstan,KAZ,2014,7780000,140000,10000,280000,0,60000,80000,10000,160000,10000,340000
Kazakhstan,KAZ,2015,8440000,160000,0,290000,0,60000,80000,10000,100000,10000,330000
Kazakhstan,KAZ,2016,7550000,180000,0,290000,0,50000,80000,20000,110000,10000,380000
Kazakhstan,KAZ,2017,10550000,180000,10000,300000,0,50000,90000,20000,100000,10000,340000
Kazakhstan,KAZ,2018,8290000,180000,10000,320000,0,40000,100000,20000,90000,10000,340000
Kazakhstan,KAZ,2019,8660000,170000,0,330000,0,30000,100000,20000,80000,10000,330000
Kazakhstan,KAZ,2020,8220000,170000,0,340000,0,30000,100000,20000,80000,10000,390000
Kazakhstan,KAZ,2021,8530000,200000,10000,340000,0,30000,100000,20000,80000,10000,500000
Kazakhstan,KAZ,2022,8050000,200000,10000,340000,10000,30000,90000,20000,80000,10000,630000
Kazakhstan,KAZ,2023,7580000,210000,0,340000,0,30000,90000,20000,70000,10000,830000
Kenya,KEN,1990,8740000,0,0,340000,10000,0,200000,0,10000,10000,60000
Kenya,KEN,1991,8410000,0,0,350000,10000,0,200000,0,10000,10000,50000
Kenya,KEN,1992,8359999,0,0,360000,10000,0,210000,0,10000,10000,50000
Kenya,KEN,1993,8260000,0,0,380000,10000,0,210000,0,10000,10000,50000
Kenya,KEN,1994,8359999,0,0,390000,10000,0,220000,0,10000,10000,40000
Kenya,KEN,1995,8210000,0,0,400000,10000,0,220000,0,10000,10000,50000
Kenya,KEN,1996,7860000,0,0,400000,10000,0,230000,0,10000,10000,50000
Kenya,KEN,1997,7810000,0,0,410000,30000,0,240000,0,10000,10000,50000
Kenya,KEN,1998,8080000,0,0,420000,10000,0,240000,0,10000,10000,50000
Kenya,KEN,1999,8490000,0,0,420000,30000,0,250000,0,10000,10000,50000
Kenya,KEN,2000,7840000,0,0,430000,40000,0,250000,0,10000,10000,50000
Kenya,KEN,2001,7890000,0,0,460000,0,0,259999,0,10000,10000,50000
Kenya,KEN,2002,8160000,0,0,490000,0,0,270000,0,10000,10000,50000
Kenya,KEN,2003,8740000,0,0,519999,0,0,270000,0,10000,10000,50000
Kenya,KEN,2004,9160000,0,0,550000,0,0,280000,0,10000,10000,50000
Kenya,KEN,2005,9050000,0,0,580000,0,0,290000,0,10000,10000,50000
Kenya,KEN,2006,8680000,0,0,570000,0,0,300000,0,10000,10000,60000
Kenya,KEN,2007,13740000,0,0,570000,0,0,310000,0,10000,20000,60000
Kenya,KEN,2008,13740000,0,0,570000,0,0,310000,0,10000,10000,60000
Kenya,KEN,2009,13300000,0,0,570000,0,0,320000,0,10000,10000,70000
Kenya,KEN,2010,13430000,0,0,570000,0,0,330000,0,10000,10000,80000
Kenya,KEN,2011,13870000,0,0,590000,0,0,340000,0,10000,20000,80000
Kenya,KEN,2012,13900000,0,0,600000,10000,0,340000,0,10000,20000,90000
Kenya,KEN,2013,13740000,0,0,620000,0,0,350000,0,10000,10000,100000
Kenya,KEN,2014,13860000,0,0,640000,0,0,360000,0,20000,10000,120000
Kenya,KEN,2015,13760000,0,0,640000,20000,0,360000,0,20000,20000,150000
Kenya,KEN,2016,15090000,0,0,650000,0,0,370000,0,20000,20000,160000
Kenya,KEN,2017,14150000,0,0,670000,0,0,380000,0,20000,20000,150000
Kenya,KEN,2018,14600000,0,0,670000,0,0,380000,0,20000,20000,170000
Kenya,KEN,2019,16810000,0,0,670000,0,0,380000,0,20000,20000,190000
Kenya,KEN,2020,19550000,0,0,660000,0,0,390000,0,20000,10000,180000
Kenya,KEN,2021,17350000,0,0,680000,0,0,390000,0,20000,10000,190000
Kenya,KEN,2022,15460000,0,0,690000,0,0,400000,0,20000,10000,190000
Kenya,KEN,2023,17090000,0,0,700000,0,0,400000,0,30000,20000,180000
Kiribati,KIR,1990,0,0,,0,0,0,0,,,0,0
Kiribati,KIR,1991,0,0,,0,0,0,0,,,0,0
Kiribati,KIR,1992,0,0,,0,0,0,0,,,0,0
Kiribati,KIR,1993,0,0,,0,0,0,0,,,0,0
Kiribati,KIR,1994,0,0,,0,0,0,0,,,0,0
Kiribati,KIR,1995,0,0,,0,0,0,0,,,0,0
Kiribati,KIR,1996,0,0,,0,0,0,0,,,0,0
Kiribati,KIR,1997,0,0,,0,0,0,0,,,0,0
Kiribati,KIR,1998,0,0,,0,0,0,0,,,0,0
Kiribati,KIR,1999,0,0,,0,0,0,0,,,0,0
Kiribati,KIR,2000,0,0,0,0,0,0,0,,0,0,0
Kiribati,KIR,2001,0,0,0,0,0,0,0,,0,0,0
Kiribati,KIR,2002,0,0,0,0,0,0,0,,0,0,0
Kiribati,KIR,2003,0,0,0,0,0,0,0,,0,0,0
Kiribati,KIR,2004,0,0,0,0,0,0,0,,0,0,0
Kiribati,KIR,2005,0,0,,0,0,0,0,,0,0,0
Kiribati,KIR,2006,0,0,,0,0,0,0,,0,0,0
Kiribati,KIR,2007,0,0,,0,0,0,0,,0,0,0
Kiribati,KIR,2008,0,0,,0,0,0,0,,0,0,0
Kiribati,KIR,2009,0,0,0,0,0,0,0,,0,0,0
Kiribati,KIR,2010,0,0,0,0,0,0,0,,0,0,0
Kiribati,KIR,2011,0,0,0,0,0,0,0,,0,0,0
Kiribati,KIR,2012,0,0,0,0,0,0,0,,0,0,0
Kiribati,KIR,2013,0,0,0,0,0,0,0,,0,0,0
Kiribati,KIR,2014,0,0,0,0,0,0,0,,0,0,0
Kiribati,KIR,2015,0,0,0,0,0,0,0,,0,0,0
Kiribati,KIR,2016,0,0,0,0,0,0,0,,0,0,0
Kiribati,KIR,2017,0,0,0,0,0,0,0,,0,0,0
Kiribati,KIR,2018,0,0,0,0,0,0,0,,0,0,0
Kiribati,KIR,2019,0,0,0,0,0,0,0,,0,0,0
Kiribati,KIR,2020,0,0,0,0,0,0,0,,0,0,0
Kiribati,KIR,2021,0,0,0,0,0,0,0,,0,0,0
Kiribati,KIR,2022,0,0,0,0,0,0,0,,0,0,0
Kiribati,KIR,2023,0,0,0,0,0,0,0,,0,0,0
Kuwait,KWT,1990,110000,320000,0,60000,0,30000,0,0,0,10000,60000
Kuwait,KWT,1991,40000,0,0,50000,0,30000,0,0,0,0,40000
Kuwait,KWT,1992,50000,180000,0,60000,0,30000,0,0,0,20000,90000
Kuwait,KWT,1993,90000,430000,0,60000,0,30000,0,0,0,10000,100000
Kuwait,KWT,1994,100000,470000,0,60000,0,30000,0,0,0,20000,100000
Kuwait,KWT,1995,120000,519999,0,60000,0,30000,0,0,0,20000,110000
Kuwait,KWT,1996,150000,460000,0,60000,0,30000,0,0,0,20000,110000
Kuwait,KWT,1997,150000,460000,0,60000,0,30000,0,0,0,20000,120000
Kuwait,KWT,1998,160000,480000,0,60000,0,30000,0,0,0,20000,120000
Kuwait,KWT,1999,180000,430000,0,60000,0,30000,0,0,0,20000,120000
Kuwait,KWT,2000,170000,380000,0,60000,0,30000,0,0,0,20000,120000
Kuwait,KWT,2001,150000,420000,0,60000,0,30000,0,0,0,20000,129999
Kuwait,KWT,2002,170000,340000,0,60000,0,30000,0,0,0,20000,129999
Kuwait,KWT,2003,180000,470000,0,60000,0,30000,0,0,0,30000,140000
Kuwait,KWT,2004,170000,430000,0,60000,0,30000,0,10000,0,30000,150000
Kuwait,KWT,2005,180000,460000,0,60000,0,30000,0,10000,0,30000,160000
Kuwait,KWT,2006,180000,510000,0,60000,0,30000,0,10000,0,30000,180000
Kuwait,KWT,2007,180000,510000,0,60000,0,30000,0,10000,0,40000,190000
Kuwait,KWT,2008,210000,560000,0,60000,0,30000,0,10000,10000,40000,200000
Kuwait,KWT,2009,220000,420000,0,60000,0,30000,0,10000,10000,30000,220000
Kuwait,KWT,2010,190000,550000,0,60000,0,30000,0,10000,0,50000,230000
Kuwait,KWT,2011,220000,530000,0,60000,0,30000,0,10000,10000,50000,240000
Kuwait,KWT,2012,240000,470000,0,60000,0,30000,0,10000,10000,40000,240000
Kuwait,KWT,2013,250000,570000,0,60000,0,30000,0,10000,0,40000,250000
Kuwait,KWT,2014,250000,480000,0,60000,0,30000,0,10000,10000,40000,259999
Kuwait,KWT,2015,280000,590000,0,60000,0,30000,0,10000,10000,50000,270000
Kuwait,KWT,2016,280000,610000,0,60000,0,30000,0,10000,10000,40000,270000
Kuwait,KWT,2017,300000,620000,0,60000,0,30000,0,10000,10000,50000,280000
Kuwait,KWT,2018,300000,640000,0,60000,0,30000,0,10000,10000,50000,300000
Kuwait,KWT,2019,310000,650000,0,70000,0,30000,0,10000,10000,50000,310000
Kuwait,KWT,2020,320000,670000,0,70000,0,30000,0,10000,10000,30000,250000
Kuwait,KWT,2021,320000,680000,0,60000,0,30000,0,10000,10000,30000,290000
Kuwait,KWT,2022,330000,700000,0,60000,0,30000,0,10000,10000,40000,320000
Kuwait,KWT,2023,330000,710000,0,60000,0,30000,0,10000,10000,40000,320000
Kyrgyzstan,KGZ,1990,1810000,0,20000,80000,0,0,0,0,30000,0,110000
Kyrgyzstan,KGZ,1991,1700000,0,20000,70000,0,0,0,0,30000,0,80000
Kyrgyzstan,KGZ,1992,1640000,0,20000,70000,0,0,0,0,10000,0,50000
Kyrgyzstan,KGZ,1993,1520000,0,20000,70000,0,0,0,0,10000,0,30000
Kyrgyzstan,KGZ,1994,1340000,0,10000,60000,0,0,0,0,10000,0,10000
Kyrgyzstan,KGZ,1995,1070000,0,0,70000,0,0,0,0,0,0,20000
Kyrgyzstan,KGZ,1996,1030000,0,0,70000,0,0,0,0,0,0,20000
Kyrgyzstan,KGZ,1997,1000000,0,0,60000,0,0,0,0,0,0,20000
Kyrgyzstan,KGZ,1998,1050000,0,10000,60000,0,0,0,0,0,0,20000
Kyrgyzstan,KGZ,1999,1060000,0,0,70000,0,0,0,0,0,0,20000
Kyrgyzstan,KGZ,2000,1070000,0,0,60000,0,0,0,0,0,0,20000
Kyrgyzstan,KGZ,2001,1100000,0,0,70000,0,0,0,0,0,0,20000
Kyrgyzstan,KGZ,2002,1000000,0,0,70000,0,0,0,0,10000,0,10000
Kyrgyzstan,KGZ,2003,1130000,0,0,70000,0,0,0,0,10000,0,20000
Kyrgyzstan,KGZ,2004,1110000,0,0,70000,0,0,0,0,10000,0,20000
Kyrgyzstan,KGZ,2005,1140000,0,0,80000,0,0,0,0,0,0,20000
Kyrgyzstan,KGZ,2006,1150000,0,0,80000,0,0,0,0,0,10000,20000
Kyrgyzstan,KGZ,2007,1170000,0,0,70000,0,0,0,0,0,10000,30000
Kyrgyzstan,KGZ,2008,1190000,0,0,80000,0,0,0,0,0,10000,40000
Kyrgyzstan,KGZ,2009,1330000,0,0,80000,0,0,0,0,0,10000,40000
Kyrgyzstan,KGZ,2010,1330000,0,0,80000,0,0,0,0,0,10000,40000
Kyrgyzstan,KGZ,2011,1360000,0,10000,80000,0,0,0,0,0,0,50000
Kyrgyzstan,KGZ,2012,1390000,0,10000,80000,0,0,0,0,10000,0,70000
Kyrgyzstan,KGZ,2013,1460000,0,10000,80000,0,0,0,0,0,0,70000
Kyrgyzstan,KGZ,2014,1520000,0,0,80000,0,0,10000,0,0,0,60000
Kyrgyzstan,KGZ,2015,1440000,0,0,90000,0,0,10000,0,10000,0,50000
Kyrgyzstan,KGZ,2016,1470000,0,0,90000,0,0,10000,0,0,0,70000
Kyrgyzstan,KGZ,2017,1470000,0,0,90000,0,0,10000,0,0,0,30000
Kyrgyzstan,KGZ,2018,1590000,0,0,90000,0,0,20000,0,0,0,20000
Kyrgyzstan,KGZ,2019,1630000,0,0,90000,0,0,10000,0,0,0,20000
Kyrgyzstan,KGZ,2020,1660000,0,0,100000,0,0,10000,0,0,0,20000
Kyrgyzstan,KGZ,2021,1620000,0,0,100000,0,0,10000,0,0,0,30000
Kyrgyzstan,KGZ,2022,1660000,0,0,100000,0,0,10000,0,0,0,20000
Kyrgyzstan,KGZ,2023,1660000,0,0,100000,0,0,10000,0,0,0,20000
Laos,LAO,1990,1260000,0,0,60000,1039999,0,0,0,0,0,0
Laos,LAO,1991,1280000,0,0,60000,1039999,0,0,0,0,0,0
Laos,LAO,1992,1360000,0,0,60000,1039999,0,0,0,0,0,0
Laos,LAO,1993,1370000,0,0,60000,1039999,0,0,0,0,0,0
Laos,LAO,1994,1430000,0,0,60000,1039999,0,0,0,0,0,0
Laos,LAO,1995,1470000,0,0,60000,1039999,0,0,0,0,0,0
Laos,LAO,1996,1430000,0,0,70000,550000,0,0,0,0,0,0
Laos,LAO,1997,1480000,0,0,70000,410000,0,0,0,0,0,0
Laos,LAO,1998,1350000,0,0,70000,910000,0,0,0,0,0,0
Laos,LAO,1999,1290000,0,0,70000,630000,0,0,0,0,0,0
Laos,LAO,2000,1370000,0,0,70000,420000,0,50000,0,0,0,10000
Laos,LAO,2001,1440000,0,0,70000,150000,0,50000,0,0,0,10000
Laos,LAO,2002,1510000,0,0,80000,610000,0,50000,0,0,0,10000
Laos,LAO,2003,1530000,0,0,80000,770000,0,50000,0,0,0,10000
Laos,LAO,2004,1670000,0,0,80000,2820000,0,50000,0,0,0,20000
Laos,LAO,2005,1670000,0,0,80000,1470000,0,50000,0,0,0,20000
Laos,LAO,2006,1630000,0,0,80000,710000,0,50000,0,0,0,20000
Laos,LAO,2007,1810000,0,0,90000,3130000,0,60000,0,0,0,20000
Laos,LAO,2008,1760000,0,0,90000,500000,0,60000,0,0,0,20000
Laos,LAO,2009,1880000,0,0,100000,760000,0,60000,0,0,0,20000
Laos,LAO,2010,2060000,0,0,100000,2280000,0,60000,0,10000,0,20000
Laos,LAO,2011,1920000,0,0,110000,440000,0,60000,0,10000,0,20000
Laos,LAO,2012,2200000,0,0,110000,920000,0,60000,0,10000,0,30000
Laos,LAO,2013,2210000,0,0,120000,1020000,0,60000,0,10000,0,30000
Laos,LAO,2014,2250000,0,0,129999,950000,0,60000,0,10000,0,30000
Laos,LAO,2015,2360000,0,0,129999,870000,0,60000,0,10000,0,40000
Laos,LAO,2016,2480000,0,0,129999,1430000,0,60000,0,0,0,50000
Laos,LAO,2017,2380000,0,0,129999,470000,0,60000,0,0,0,50000
Laos,LAO,2018,2410000,0,0,129999,400000,0,60000,0,10000,0,50000
Laos,LAO,2019,2580000,0,0,129999,850000,0,60000,0,10000,0,40000
Laos,LAO,2020,2720000,0,0,129999,1950000,0,60000,0,10000,0,40000
Laos,LAO,2021,2610000,0,0,140000,480000,0,50000,0,10000,0,40000
Laos,LAO,2022,2660000,0,0,140000,280000,0,50000,0,20000,0,40000
Laos,LAO,2023,3140000,0,0,140000,2620000,0,50000,0,20000,0,40000
Latvia,LVA,1990,2320000,40000,0,50000,0,0,30000,0,0,10000,100000
Latvia,LVA,1991,2180000,40000,0,50000,0,0,40000,0,0,10000,90000
Latvia,LVA,1992,2190000,30000,0,50000,0,0,40000,0,0,0,80000
Latvia,LVA,1993,1900000,0,0,40000,0,0,40000,0,0,10000,60000
Latvia,LVA,1994,1590000,0,0,40000,0,0,40000,0,0,10000,60000
Latvia,LVA,1995,1380000,0,0,40000,0,0,40000,0,0,0,60000
Latvia,LVA,1996,1400000,0,0,30000,0,0,40000,0,0,0,60000
Latvia,LVA,1997,1410000,0,0,30000,0,0,40000,0,0,0,60000
Latvia,LVA,1998,1460000,0,0,30000,0,0,40000,0,10000,0,60000
Latvia,LVA,1999,1460000,0,0,30000,0,0,40000,0,10000,0,50000
Latvia,LVA,2000,1440000,0,0,30000,0,0,30000,0,0,0,50000
Latvia,LVA,2001,1460000,0,0,30000,0,0,40000,0,10000,0,60000
Latvia,LVA,2002,1460000,0,0,30000,0,0,40000,0,0,10000,60000
Latvia,LVA,2003,1520000,0,0,30000,10000,0,40000,0,0,10000,70000
Latvia,LVA,2004,1510000,0,0,30000,0,0,40000,0,10000,10000,70000
Latvia,LVA,2005,1550000,0,0,30000,0,0,40000,0,10000,10000,70000
Latvia,LVA,2006,1570000,0,0,30000,0,0,40000,0,10000,10000,70000
Latvia,LVA,2007,1620000,0,0,30000,0,0,40000,0,10000,10000,80000
Latvia,LVA,2008,1660000,0,0,30000,0,0,40000,0,10000,10000,80000
Latvia,LVA,2009,1670000,0,0,30000,0,0,40000,0,10000,10000,70000
Latvia,LVA,2010,1690000,0,0,30000,0,0,30000,0,10000,10000,70000
Latvia,LVA,2011,1710000,0,0,30000,0,0,30000,0,20000,10000,70000
Latvia,LVA,2012,1770000,0,0,30000,0,0,30000,0,20000,10000,70000
Latvia,LVA,2013,1800000,0,0,30000,0,0,30000,0,20000,10000,60000
Latvia,LVA,2014,1830000,0,0,30000,0,0,30000,0,20000,10000,70000
Latvia,LVA,2015,1900000,0,0,30000,0,0,20000,0,20000,10000,70000
Latvia,LVA,2016,1880000,0,0,30000,0,0,20000,0,20000,10000,60000
Latvia,LVA,2017,1870000,0,0,30000,0,0,30000,0,20000,10000,60000
Latvia,LVA,2018,1780000,0,0,30000,0,0,30000,0,20000,0,70000
Latvia,LVA,2019,1880000,0,0,30000,0,0,30000,0,20000,10000,70000
Latvia,LVA,2020,1940000,0,0,30000,0,0,20000,0,20000,10000,60000
Latvia,LVA,2021,1920000,0,0,30000,0,0,20000,0,20000,10000,60000
Latvia,LVA,2022,1910000,0,0,30000,0,0,20000,0,20000,0,50000
Latvia,LVA,2023,1860000,0,0,30000,0,0,20000,0,30000,0,50000
Lebanon,LBN,1990,259999,0,0,60000,0,0,0,0,0,0,40000
Lebanon,LBN,1991,270000,0,0,60000,0,0,10000,0,0,0,50000
Lebanon,LBN,1992,280000,0,0,60000,0,0,0,0,0,0,70000
Lebanon,LBN,1993,310000,0,0,60000,0,0,10000,0,0,0,80000
Lebanon,LBN,1994,270000,0,0,60000,0,0,10000,0,0,0,80000
Lebanon,LBN,1995,350000,0,0,60000,0,0,10000,0,0,0,90000
Lebanon,LBN,1996,340000,0,0,60000,0,0,10000,0,0,0,90000
Lebanon,LBN,1997,350000,0,0,70000,0,0,10000,0,0,0,90000
Lebanon,LBN,1998,360000,0,0,70000,0,0,10000,0,0,0,90000
Lebanon,LBN,1999,360000,0,0,70000,0,0,10000,0,0,0,90000
Lebanon,LBN,2000,370000,0,0,70000,0,0,10000,0,0,0,90000
Lebanon,LBN,2001,400000,0,0,70000,0,0,10000,0,0,0,80000
Lebanon,LBN,2002,360000,0,0,80000,0,0,10000,0,0,0,80000
Lebanon,LBN,2003,380000,0,0,80000,0,0,10000,0,0,0,80000
Lebanon,LBN,2004,400000,0,0,90000,0,0,10000,0,0,0,90000
Lebanon,LBN,2005,340000,0,0,90000,0,0,10000,0,0,0,90000
Lebanon,LBN,2006,320000,0,0,100000,0,0,10000,0,0,0,80000
Lebanon,LBN,2007,350000,0,0,100000,0,0,10000,0,0,0,60000
Lebanon,LBN,2008,340000,0,0,110000,0,0,10000,0,0,0,90000
Lebanon,LBN,2009,370000,0,0,110000,0,0,10000,0,0,0,110000
Lebanon,LBN,2010,380000,0,0,120000,0,0,10000,0,0,10000,110000
Lebanon,LBN,2011,460000,0,0,120000,0,0,10000,0,0,10000,110000
Lebanon,LBN,2012,490000,0,0,129999,0,0,10000,0,0,0,150000
Lebanon,LBN,2013,470000,0,0,129999,0,0,10000,0,0,10000,129999
Lebanon,LBN,2014,480000,0,0,140000,0,0,10000,0,0,10000,140000
Lebanon,LBN,2015,480000,0,0,140000,0,0,10000,0,0,0,160000
Lebanon,LBN,2016,500000,0,0,140000,0,0,10000,0,0,10000,170000
Lebanon,LBN,2017,519999,0,0,140000,0,0,10000,0,0,10000,180000
Lebanon,LBN,2018,500000,0,0,129999,0,0,10000,0,0,10000,160000
Lebanon,LBN,2019,510000,0,0,129999,0,0,10000,0,0,10000,170000
Lebanon,LBN,2020,490000,0,0,129999,0,0,10000,0,0,0,140000
Lebanon,LBN,2021,440000,0,0,120000,0,0,10000,0,0,0,140000
Lebanon,LBN,2022,440000,0,0,120000,0,0,10000,0,0,10000,129999
Lebanon,LBN,2023,480000,0,0,120000,0,0,10000,0,0,0,129999
Lesotho,LSO,1990,500000,0,,20000,0,0,0,,0,0,0
Lesotho,LSO,1991,490000,0,,20000,0,0,0,,0,0,0
Lesotho,LSO,1992,540000,0,,20000,0,0,0,,0,0,0
Lesotho,LSO,1993,530000,0,,20000,0,0,0,,0,0,0
Lesotho,LSO,1994,519999,0,,20000,0,0,0,,0,0,0
Lesotho,LSO,1995,490000,0,,20000,0,0,0,,0,0,0
Lesotho,LSO,1996,500000,0,,20000,0,0,0,,0,0,0
Lesotho,LSO,1997,530000,0,,20000,0,0,0,,0,0,0
Lesotho,LSO,1998,460000,0,,20000,30000,0,0,,0,0,0
Lesotho,LSO,1999,630000,0,,20000,10000,0,0,,0,0,0
Lesotho,LSO,2000,610000,0,,20000,0,0,0,,0,0,0
Lesotho,LSO,2001,610000,0,,30000,0,0,0,,0,0,0
Lesotho,LSO,2002,530000,0,,30000,0,0,0,,0,0,0
Lesotho,LSO,2003,540000,0,,30000,0,0,0,,0,0,0
Lesotho,LSO,2004,500000,0,,30000,0,0,0,,0,0,0
Lesotho,LSO,2005,560000,0,,30000,0,0,0,,0,0,0
Lesotho,LSO,2006,550000,0,,30000,0,0,0,,0,0,0
Lesotho,LSO,2007,570000,0,,30000,0,0,0,,0,0,0
Lesotho,LSO,2008,519999,0,,30000,0,0,0,,0,0,0
Lesotho,LSO,2009,530000,0,,20000,0,0,0,,0,0,0
Lesotho,LSO,2010,519999,0,,20000,0,0,0,,0,0,0
Lesotho,LSO,2011,540000,0,,20000,0,0,0,,0,0,0
Lesotho,LSO,2012,530000,0,,20000,0,0,0,,0,0,0
Lesotho,LSO,2013,510000,0,,20000,0,0,0,,0,0,0
Lesotho,LSO,2014,500000,0,,20000,0,0,0,,0,0,0
Lesotho,LSO,2015,480000,0,,20000,0,0,0,,0,0,0
Lesotho,LSO,2016,460000,0,,20000,0,0,0,,0,0,0
Lesotho,LSO,2017,510000,0,,20000,0,0,0,,0,0,0
Lesotho,LSO,2018,480000,0,,20000,0,0,0,,0,0,0
Lesotho,LSO,2019,410000,0,,20000,0,0,0,,0,0,0
Lesotho,LSO,2020,310000,0,,20000,0,0,0,,0,0,0
Lesotho,LSO,2021,340000,0,,20000,0,0,0,,0,0,0
Lesotho,LSO,2022,590000,0,,20000,0,0,0,,0,0,0
Lesotho,LSO,2023,420000,0,,20000,0,0,0,,0,0,0
Liberia,LBR,1990,140000,0,0,10000,60000,0,0,,,0,0
Liberia,LBR,1991,120000,0,0,10000,60000,0,0,,,0,0
Liberia,LBR,1992,120000,0,0,10000,60000,0,0,,,0,0
Liberia,LBR,1993,120000,0,0,10000,60000,0,0,,,0,0
Liberia,LBR,1994,110000,0,0,10000,60000,0,0,,,0,0
Liberia,LBR,1995,110000,0,0,10000,60000,0,0,,,0,0
Liberia,LBR,1996,110000,0,0,10000,10000,0,0,,,0,0
Liberia,LBR,1997,120000,0,0,10000,10000,0,0,,,0,0
Liberia,LBR,1998,120000,0,0,10000,10000,0,0,,,0,0
Liberia,LBR,1999,120000,0,0,20000,10000,0,0,,,0,0
Liberia,LBR,2000,120000,0,0,20000,10000,0,0,,,0,0
Liberia,LBR,2001,120000,0,0,20000,0,0,0,,,0,0
Liberia,LBR,2002,129999,0,0,20000,0,0,0,,,0,0
Liberia,LBR,2003,140000,0,0,20000,40000,0,0,,,0,0
Liberia,LBR,2004,140000,0,0,20000,20000,0,0,,,0,0
Liberia,LBR,2005,140000,0,0,20000,0,0,0,,0,0,0
Liberia,LBR,2006,160000,0,0,20000,110000,0,0,,0,0,0
Liberia,LBR,2007,160000,0,0,20000,10000,0,0,,0,0,0
Liberia,LBR,2008,180000,0,0,20000,40000,0,0,,0,0,0
Liberia,LBR,2009,290000,0,0,20000,380000,0,,,0,0,0
Liberia,LBR,2010,220000,0,0,20000,20000,0,,,0,0,0
Liberia,LBR,2011,220000,0,0,30000,50000,0,,,0,0,0
Liberia,LBR,2012,230000,0,0,30000,30000,0,,,0,0,0
Liberia,LBR,2013,220000,0,0,30000,40000,0,,,0,0,0
Liberia,LBR,2014,250000,0,0,30000,200000,0,0,,0,0,0
Liberia,LBR,2015,300000,0,0,30000,510000,0,0,,0,0,0
Liberia,LBR,2016,240000,0,0,30000,40000,0,0,,0,0,0
Liberia,LBR,2017,240000,0,0,30000,30000,0,0,,0,0,0
Liberia,LBR,2018,230000,0,0,30000,10000,0,0,,0,0,0
Liberia,LBR,2019,259999,0,0,30000,129999,0,0,,0,0,0
Liberia,LBR,2020,240000,0,0,40000,30000,0,0,,0,0,0
Liberia,LBR,2021,230000,0,0,40000,10000,0,0,,0,0,0
Liberia,LBR,2022,230000,0,0,40000,20000,0,0,,0,0,0
Liberia,LBR,2023,230000,0,0,40000,40000,0,0,,0,0,0
Libya,LBY,1990,920000,200000,0,60000,0,0,10000,0,0,10000,110000
Libya,LBY,1991,910000,200000,0,60000,0,0,10000,0,0,10000,110000
Libya,LBY,1992,840000,420000,0,60000,0,0,10000,0,0,10000,110000
Libya,LBY,1993,860000,390000,0,60000,0,0,10000,0,0,10000,129999
Libya,LBY,1994,810000,500000,0,70000,0,0,10000,0,0,10000,160000
Libya,LBY,1995,870000,550000,0,70000,0,0,10000,0,0,10000,170000
Libya,LBY,1996,830000,519999,0,70000,0,0,10000,0,0,10000,190000
Libya,LBY,1997,800000,510000,0,70000,0,0,10000,0,0,10000,180000
Libya,LBY,1998,870000,540000,0,70000,0,0,10000,0,0,10000,180000
Libya,LBY,1999,940000,500000,0,70000,0,0,10000,0,0,10000,190000
Libya,LBY,2000,800000,540000,0,70000,0,0,10000,0,0,20000,200000
Libya,LBY,2001,770000,490000,0,70000,0,0,10000,0,0,10000,200000
Libya,LBY,2002,840000,510000,0,80000,0,0,10000,0,0,10000,210000
Libya,LBY,2003,860000,560000,0,80000,0,0,10000,0,0,10000,210000
Libya,LBY,2004,950000,490000,0,80000,0,0,10000,0,0,10000,220000
Libya,LBY,2005,1010000,480000,0,80000,0,0,10000,0,0,10000,230000
Libya,LBY,2006,1080000,400000,0,80000,0,0,10000,0,0,10000,240000
Libya,LBY,2007,1140000,430000,0,90000,0,0,10000,0,0,10000,220000
Libya,LBY,2008,1140000,350000,0,90000,0,0,10000,0,0,10000,250000
Libya,LBY,2009,1170000,350000,0,90000,0,0,10000,0,0,10000,280000
Libya,LBY,2010,1210000,510000,0,90000,0,0,10000,0,0,10000,320000
Libya,LBY,2011,1220000,90000,0,90000,0,0,10000,0,0,0,250000
Libya,LBY,2012,1230000,20000,0,90000,0,0,10000,0,0,10000,310000
Libya,LBY,2013,1230000,270000,0,90000,0,0,10000,0,10000,10000,330000
Libya,LBY,2014,1150000,129999,0,90000,0,0,10000,0,10000,0,360000
Libya,LBY,2015,1120000,210000,0,90000,0,0,10000,0,0,0,300000
Libya,LBY,2016,1130000,220000,0,90000,0,0,10000,0,0,0,350000
Libya,LBY,2017,1190000,220000,0,90000,0,0,10000,0,0,10000,330000
Libya,LBY,2018,1170000,230000,0,100000,0,0,10000,0,0,10000,330000
Libya,LBY,2019,1190000,240000,0,100000,0,0,10000,0,0,10000,330000
Libya,LBY,2020,1160000,240000,0,100000,0,0,10000,0,0,0,330000
Libya,LBY,2021,1150000,250000,0,110000,0,0,10000,0,0,10000,340000
Libya,LBY,2022,1160000,250000,0,110000,0,0,10000,0,0,10000,350000
Libya,LBY,2023,1180000,259999,0,110000,0,0,10000,0,0,10000,360000
Liechtenstein,LIE,1990,0,0,,0,0,0,,,,,
Liechtenstein,LIE,1991,0,0,,0,0,0,,,,,
Liechtenstein,LIE,1992,0,0,,0,0,0,,,,,
Liechtenstein,LIE,1993,0,0,,0,0,0,,,,,
Liechtenstein,LIE,1994,0,0,,0,0,0,,,,,
Liechtenstein,LIE,1995,0,0,,0,0,0,,,,,
Liechtenstein,LIE,1996,0,0,,0,0,0,,,,,
Liechtenstein,LIE,1997,0,0,,0,0,0,,,,,
Liechtenstein,LIE,1998,0,0,,0,0,0,,,,,
Liechtenstein,LIE,1999,0,0,,0,0,0,,,,,
Liechtenstein,LIE,2000,0,0,,0,0,0,,,,,
Liechtenstein,LIE,2001,0,0,,0,0,0,,,,,
Liechtenstein,LIE,2002,0,0,,0,0,0,,,,,
Liechtenstein,LIE,2003,0,0,,0,0,0,,,,,
Liechtenstein,LIE,2004,0,0,,0,0,0,,,,,
Liechtenstein,LIE,2005,0,0,,0,0,0,,,,,
Liechtenstein,LIE,2006,0,0,,0,0,0,,,,,
Liechtenstein,LIE,2007,0,0,,0,0,0,,,,,
Liechtenstein,LIE,2008,0,0,,0,0,0,,,,,
Liechtenstein,LIE,2009,0,0,,0,0,0,,,,,
Liechtenstein,LIE,2010,0,0,,0,0,0,,,,,
Liechtenstein,LIE,2011,0,0,,0,0,0,,,,,
Liechtenstein,LIE,2012,0,0,,0,0,0,,,,,
Liechtenstein,LIE,2013,0,0,,0,0,0,,,,,
Liechtenstein,LIE,2014,0,0,,0,0,0,,,,,
Liechtenstein,LIE,2015,0,0,,0,0,0,,,,,
Liechtenstein,LIE,2016,0,0,,0,0,0,,,,,
Liechtenstein,LIE,2017,0,0,,0,0,0,,,,,
Liechtenstein,LIE,2018,0,0,,0,0,0,,,,,
Liechtenstein,LIE,2019,0,0,,0,0,0,,,,,
Liechtenstein,LIE,2020,0,0,,0,0,0,,,,,
Liechtenstein,LIE,2021,0,0,,0,0,0,,,,,
Liechtenstein,LIE,2022,0,0,,0,0,0,,,,,
Liechtenstein,LIE,2023,0,0,,0,0,0,,,,,
Lithuania,LTU,1990,4690000,0,0,70000,0,0,30000,0,10000,10000,129999
Lithuania,LTU,1991,4410000,0,0,70000,0,0,30000,0,10000,10000,140000
Lithuania,LTU,1992,4000000,310000,0,70000,0,0,20000,0,10000,10000,100000
Lithuania,LTU,1993,3450000,259999,0,70000,0,0,20000,0,0,0,90000
Lithuania,LTU,1994,3250000,270000,0,70000,0,0,20000,0,0,0,80000
Lithuania,LTU,1995,3110000,330000,0,70000,0,0,20000,0,0,0,80000
Lithuania,LTU,1996,3320000,390000,0,70000,0,0,20000,0,0,0,80000
Lithuania,LTU,1997,3330000,430000,0,60000,0,0,20000,0,0,0,90000
Lithuania,LTU,1998,3310000,590000,0,60000,0,0,20000,0,0,0,90000
Lithuania,LTU,1999,3260000,590000,0,60000,0,0,30000,0,0,0,70000
Lithuania,LTU,2000,3260000,700000,0,60000,0,0,30000,0,0,0,70000
Lithuania,LTU,2001,3170000,650000,0,60000,0,0,30000,0,0,0,70000
Lithuania,LTU,2002,3270000,770000,0,60000,0,0,30000,0,10000,0,70000
Lithuania,LTU,2003,3290000,810000,0,70000,0,0,30000,0,10000,0,70000
Lithuania,LTU,2004,3310000,830000,0,70000,0,0,30000,0,10000,0,70000
Lithuania,LTU,2005,3310000,870000,0,70000,0,0,30000,0,10000,0,80000
Lithuania,LTU,2006,3280000,950000,0,70000,0,0,30000,0,10000,0,80000
Lithuania,LTU,2007,3380000,1080000,0,70000,0,0,30000,0,10000,0,100000
Lithuania,LTU,2008,3310000,1180000,0,70000,0,0,30000,0,10000,0,100000
Lithuania,LTU,2009,3390000,780000,0,70000,0,0,30000,0,0,0,80000
Lithuania,LTU,2010,3380000,1090000,0,70000,0,0,30000,0,10000,0,80000
Lithuania,LTU,2011,3420000,1110000,0,70000,0,0,30000,0,10000,0,80000
Lithuania,LTU,2012,3510000,1140000,0,60000,0,0,30000,0,10000,0,90000
Lithuania,LTU,2013,3510000,1010000,0,60000,0,0,30000,0,10000,0,80000
Lithuania,LTU,2014,3560000,1160000,0,60000,0,0,30000,0,10000,0,90000
Lithuania,LTU,2015,3630000,1080000,0,60000,0,0,20000,0,10000,0,100000
Lithuania,LTU,2016,3540000,1080000,0,60000,0,0,20000,0,10000,10000,100000
Lithuania,LTU,2017,3560000,1080000,0,60000,0,0,20000,0,10000,10000,110000
Lithuania,LTU,2018,3420000,1090000,0,60000,0,0,20000,0,10000,10000,120000
Lithuania,LTU,2019,3570000,1090000,0,60000,0,0,20000,0,10000,10000,120000
Lithuania,LTU,2020,3680000,1090000,0,60000,0,0,20000,0,10000,10000,120000
Lithuania,LTU,2021,3620000,1100000,0,60000,0,0,20000,0,10000,10000,120000
Lithuania,LTU,2022,3330000,1100000,0,60000,0,0,20000,0,10000,10000,120000
Lithuania,LTU,2023,3300000,1100000,0,60000,0,0,20000,0,10000,10000,120000
Low-income countries,OWID_LIC,1990,122020000,1360000,100000,2560000,32850000,40000,1660000,0,460000,40000,440000
Low-income countries,OWID_LIC,1991,122580000,1150000,100000,2670000,32850000,40000,1730000,0,440000,40000,440000
Low-income countries,OWID_LIC,1992,125250000,1130000,100000,2770000,32850000,40000,1800000,0,440000,40000,400000
Low-income countries,OWID_LIC,1993,125490000,1100000,90000,2870000,32850000,40000,1850000,0,420000,30000,360000
Low-income countries,OWID_LIC,1994,126410000,590000,90000,2940000,32850000,40000,1900000,0,410000,30000,390000
Low-income countries,OWID_LIC,1995,126970000,180000,80000,3050000,32850000,40000,2000000,0,390000,30000,380000
Low-income countries,OWID_LIC,1996,131960000,190000,80000,3070000,10000000,40000,2080000,0,400000,30000,410000
Low-income countries,OWID_LIC,1997,134320000,200000,80000,3150000,14410000,40000,2160000,0,390000,30000,400000
Low-income countries,OWID_LIC,1998,142720000,250000,80000,3210000,18590000,40000,2260000,0,400000,30000,420000
Low-income countries,OWID_LIC,1999,142210000,230000,80000,3260000,17430000,40000,2290000,0,420000,30000,400000
Low-income countries,OWID_LIC,2000,145370000,160000,90000,3320000,12800000,40000,2320000,0,420000,30000,420000
Low-income countries,OWID_LIC,2001,137480000,200000,90000,3420000,30320000,40000,2350000,0,430000,30000,450000
Low-income countries,OWID_LIC,2002,147140000,180000,90000,3400000,28990000,40000,2430000,0,430000,40000,460000
Low-income countries,OWID_LIC,2003,154750000,180000,90000,3660000,38500000,40000,2510000,0,440000,30000,470000
Low-income countries,OWID_LIC,2004,156980000,240000,90000,3770000,36180000,40000,2610000,0,460000,40000,530000
Low-income countries,OWID_LIC,2005,165380000,230000,100000,3910000,40930000,40000,2660000,0,490000,40000,570000
Low-income countries,OWID_LIC,2006,163230000,290000,100000,4090000,39370000,40000,2760000,0,490000,40000,610000
Low-income countries,OWID_LIC,2007,170320000,260000,100000,4060000,39160000,40000,2700000,0,450000,40000,650000
Low-income countries,OWID_LIC,2008,175230000,280000,100000,4420000,39520000,40000,2770000,0,500000,40000,700000
Low-income countries,OWID_LIC,2009,175340000,290000,90000,4610000,33690000,40000,2850000,0,500000,50000,750000
Low-income countries,OWID_LIC,2010,179220000,280000,90000,4820000,42230000,40000,2900000,0,500000,50000,810000
Low-income countries,OWID_LIC,2011,179600000,290000,80000,4870000,42390000,30000,3000000,0,490000,30000,770000
Low-income countries,OWID_LIC,2012,184880000,190000,70000,4970000,42350000,20000,2890000,0,420000,30000,770000
Low-income countries,OWID_LIC,2013,187990000,130000,60000,5040000,40120000,20000,3050000,0,400000,30000,780000
Low-income countries,OWID_LIC,2014,190850000,130000,60000,5140000,37310000,20000,3180000,0,410000,30000,800000
Low-income countries,OWID_LIC,2015,195370000,100000,60000,5240000,37300000,20000,3280000,0,390000,20000,730000
Low-income countries,OWID_LIC,2016,203060000,100000,50000,5340000,41820000,20000,3410000,0,370000,20000,790000
Low-income countries,OWID_LIC,2017,202150000,100000,50000,5470000,38910000,20000,3630000,0,370000,40000,840000
Low-income countries,OWID_LIC,2018,207730000,100000,50000,5630000,37140000,20000,3580000,0,360000,40000,930000
Low-income countries,OWID_LIC,2019,208540000,110000,50000,5800000,36210000,20000,3600000,0,390000,30000,910000
Low-income countries,OWID_LIC,2020,218080000,110000,50000,5970000,35850000,20000,3840000,0,390000,20000,870000
Low-income countries,OWID_LIC,2021,215290000,110000,50000,6100000,34760000,20000,3930000,0,370000,30000,960000
Low-income countries,OWID_LIC,2022,217170000,110000,50000,6280000,32010000,20000,4150000,0,400000,30000,950000
Low-income countries,OWID_LIC,2023,223280000,110000,50000,6470000,26100000,20000,4230000,0,390000,40000,920000
Lower-middle-income countries,OWID_LMC,1990,305400000,10120000,440000,11020000,34780000,10000,8610000,20000,1720000,150000,3310000
Lower-middle-income countries,OWID_LMC,1991,310240000,10630000,460000,11290000,34780000,10000,8710000,30000,1780000,150000,3380000
Lower-middle-income countries,OWID_LMC,1992,314860000,10130000,430000,11550000,34780000,20000,8830000,30000,1800000,150000,3520000
Lower-middle-income countries,OWID_LMC,1993,319650016,10530000,440000,11880000,34780000,20000,8940000,30000,1850000,170000,3630000
Lower-middle-income countries,OWID_LMC,1994,326980000,9980000,450000,12150000,34780000,20000,9080000,20000,1960000,200000,3650000
Lower-middle-income countries,OWID_LMC,1995,335780000,10230000,220000,12580000,34780000,20000,9240000,20000,2000000,210000,3990000
Lower-middle-income countries,OWID_LMC,1996,342650016,10180000,200000,13020000,14990000,20000,9350000,20000,2150000,240000,4350000
Lower-middle-income countries,OWID_LMC,1997,347280000,10050000,210000,13340000,17660000,10000,9490000,30000,2260000,250000,4540000
Lower-middle-income countries,OWID_LMC,1998,358949984,10730000,200000,13740000,20180000,10000,9580000,30000,2300000,230000,4660000
Lower-middle-income countries,OWID_LMC,1999,364480000,11470000,200000,14070000,19490000,10000,9690000,40000,2400000,250000,4940000
Lower-middle-income countries,OWID_LMC,2000,363749984,12040000,180000,14530000,13120000,10000,9670000,40000,2450000,250000,5040000
Lower-middle-income countries,OWID_LMC,2001,364690016,12290000,160000,16630000,22040000,10000,9790000,40000,2570000,240000,5230000
Lower-middle-income countries,OWID_LMC,2002,365810016,11990000,180000,18830000,25440000,10000,9910000,40000,2630000,240000,5430000
Lower-middle-income countries,OWID_LMC,2003,381769984,12370000,190000,21010000,37110000,10000,10010000,30000,2670000,270000,5550000
Lower-middle-income countries,OWID_LMC,2004,390320000,12030000,200000,23260000,50420000,10000,10210000,30000,2830000,270000,5920000
Lower-middle-income countries,OWID_LMC,2005,406740000,11550000,230000,25550000,41830000,10000,10360000,40000,3010000,260000,6070000
Lower-middle-income countries,OWID_LMC,2006,412060000,11440000,230000,27760000,35010000,10000,10440000,40000,3200000,270000,6110000
Lower-middle-income countries,OWID_LMC,2007,427240000,12060000,210000,29960000,45860000,10000,10530000,30000,3420000,310000,6820000
Lower-middle-income countries,OWID_LMC,2008,429970016,12690000,350000,32280000,35590000,10000,10650000,40000,3570000,300000,7330000
Lower-middle-income countries,OWID_LMC,2009,442480000,12820000,280000,34600000,41870000,10000,10810000,30000,3720000,300000,7880000
Lower-middle-income countries,OWID_LMC,2010,454710016,12760000,290000,36880000,57020000,10000,10950000,40000,4130000,330000,8530000
Lower-middle-income countries,OWID_LMC,2011,467740000,12560000,260000,32940000,39720000,10000,11130000,40000,4350000,320000,9070000
Lower-middle-income countries,OWID_LMC,2012,466049984,12700000,290000,29050000,44350000,10000,11210000,40000,4440000,340000,9730000
Lower-middle-income countries,OWID_LMC,2013,473840000,12710000,280000,29890000,37800000,10000,11530000,40000,4560000,320000,10120000
Lower-middle-income countries,OWID_LMC,2014,475840000,12710000,280000,30810000,37120000,10000,11590000,50000,4730000,330000,10650000
Lower-middle-income countries,OWID_LMC,2015,485270016,12680000,290000,31610000,41300000,10000,11310000,40000,4850000,330000,11430000
Lower-middle-income countries,OWID_LMC,2016,490600000,12840000,300000,32470000,38980000,10000,11310000,50000,5010000,350000,12180000
Lower-middle-income countries,OWID_LMC,2017,499400000,13040000,320000,33050000,39630000,10000,11290000,50000,5340000,390000,12800000
Lower-middle-income countries,OWID_LMC,2018,497800000,13230000,310000,33550000,32310000,10000,11310000,50000,5720000,410000,13330000
Lower-middle-income countries,OWID_LMC,2019,513840000,13390000,320000,34080000,40600000,10000,11320000,50000,5720000,400000,13510000
Lower-middle-income countries,OWID_LMC,2020,537329984,13570000,330000,34910000,37740000,10000,11340000,60000,5890000,190000,12240000
Lower-middle-income countries,OWID_LMC,2021,536649984,13760000,340000,35410000,38030000,10000,11340000,50000,6400000,230000,13610000
Lower-middle-income countries,OWID_LMC,2022,541320000,13910000,360000,35860000,26340000,10000,11330000,50000,6650000,360000,14600000
Lower-middle-income countries,OWID_LMC,2023,549520000,14110000,370000,36360000,29410000,10000,11370000,50000,7000000,400000,14800000
Luxembourg,LUX,1990,200000,0,0,10000,0,0,0,0,10000,0,50000
Luxembourg,LUX,1991,200000,0,0,10000,0,0,0,0,10000,0,60000
Luxembourg,LUX,1992,190000,0,0,10000,0,0,0,0,10000,0,60000
Luxembourg,LUX,1993,190000,0,0,10000,0,0,0,0,10000,0,60000
Luxembourg,LUX,1994,190000,0,0,10000,0,0,0,0,10000,0,60000
Luxembourg,LUX,1995,200000,0,0,10000,0,0,0,0,0,0,60000
Luxembourg,LUX,1996,200000,0,0,10000,0,0,0,0,0,0,60000
Luxembourg,LUX,1997,200000,0,0,10000,0,0,0,0,0,10000,60000
Luxembourg,LUX,1998,200000,0,0,10000,0,0,0,0,0,10000,70000
Luxembourg,LUX,1999,200000,0,0,10000,0,0,0,0,0,10000,70000
Luxembourg,LUX,2000,120000,0,0,10000,0,0,0,0,0,10000,80000
Luxembourg,LUX,2001,120000,0,0,10000,0,0,0,0,0,10000,90000
Luxembourg,LUX,2002,190000,0,0,10000,0,0,0,0,0,10000,90000
Luxembourg,LUX,2003,190000,0,0,10000,0,0,0,0,0,10000,100000
Luxembourg,LUX,2004,210000,0,0,10000,0,0,0,0,0,10000,110000
Luxembourg,LUX,2005,190000,0,0,10000,0,0,0,0,0,10000,110000
Luxembourg,LUX,2006,190000,0,0,10000,0,0,0,0,0,10000,110000
Luxembourg,LUX,2007,190000,0,0,10000,0,0,0,0,0,10000,110000
Luxembourg,LUX,2008,190000,0,0,10000,0,0,0,0,0,10000,110000
Luxembourg,LUX,2009,190000,0,0,10000,0,0,0,0,0,10000,100000
Luxembourg,LUX,2010,200000,0,0,10000,0,0,0,0,0,10000,110000
Luxembourg,LUX,2011,200000,0,0,10000,0,0,0,0,0,10000,110000
Luxembourg,LUX,2012,190000,0,0,10000,0,0,0,0,0,10000,110000
Luxembourg,LUX,2013,190000,0,0,10000,0,0,0,0,0,10000,110000
Luxembourg,LUX,2014,190000,0,0,10000,0,0,0,0,0,10000,110000
Luxembourg,LUX,2015,200000,0,0,10000,0,0,0,0,0,10000,100000
Luxembourg,LUX,2016,200000,0,0,10000,0,0,0,0,0,10000,100000
Luxembourg,LUX,2017,200000,0,0,10000,0,0,0,0,0,10000,110000
Luxembourg,LUX,2018,190000,0,0,10000,0,0,0,0,0,10000,120000
Luxembourg,LUX,2019,190000,0,0,10000,0,0,0,0,0,10000,120000
Luxembourg,LUX,2020,180000,0,0,10000,0,0,0,0,0,10000,100000
Luxembourg,LUX,2021,190000,0,0,10000,0,0,0,0,0,10000,100000
Luxembourg,LUX,2022,160000,0,0,10000,0,0,0,0,0,10000,90000
Luxembourg,LUX,2023,160000,0,0,10000,0,0,0,0,0,10000,90000
Madagascar,MDG,1990,6530000,0,0,30000,300000,0,80000,0,0,0,10000
Madagascar,MDG,1991,6540000,0,0,30000,300000,0,90000,0,0,0,10000
Madagascar,MDG,1992,6570000,0,0,30000,300000,0,90000,0,0,0,10000
Madagascar,MDG,1993,6620000,0,0,30000,300000,0,90000,0,0,0,10000
Madagascar,MDG,1994,6620000,0,0,40000,300000,0,80000,0,0,0,10000
Madagascar,MDG,1995,6660000,0,0,40000,300000,0,90000,0,10000,0,10000
Madagascar,MDG,1996,6750000,0,0,40000,280000,0,100000,0,10000,0,10000
Madagascar,MDG,1997,6540000,0,0,40000,160000,0,100000,0,10000,0,10000
Madagascar,MDG,1998,6770000,0,0,40000,210000,0,100000,0,10000,0,10000
Madagascar,MDG,1999,6530000,0,0,40000,210000,0,100000,0,10000,0,10000
Madagascar,MDG,2000,6210000,0,0,40000,40000,0,110000,0,10000,0,10000
Madagascar,MDG,2001,5960000,0,0,40000,259999,0,110000,0,10000,0,10000
Madagascar,MDG,2002,5320000,0,0,50000,129999,0,110000,0,10000,0,10000
Madagascar,MDG,2003,6250000,0,0,50000,160000,0,110000,0,10000,0,10000
Madagascar,MDG,2004,5540000,0,0,50000,200000,0,110000,0,10000,0,10000
Madagascar,MDG,2005,6990000,0,0,50000,490000,0,110000,0,10000,0,10000
Madagascar,MDG,2006,6380000,0,0,50000,340000,0,120000,0,10000,0,10000
Madagascar,MDG,2007,7010000,0,0,60000,240000,0,120000,0,10000,0,10000
Madagascar,MDG,2008,6420000,0,0,60000,110000,0,120000,0,10000,0,10000
Madagascar,MDG,2009,6750000,0,0,60000,320000,0,120000,0,10000,0,10000
Madagascar,MDG,2010,6660000,0,0,60000,570000,0,120000,0,10000,0,10000
Madagascar,MDG,2011,6700000,0,0,60000,600000,0,129999,0,10000,0,10000
Madagascar,MDG,2012,6860000,0,0,60000,259999,0,129999,0,10000,0,20000
Madagascar,MDG,2013,6660000,0,0,60000,450000,0,129999,0,10000,0,20000
Madagascar,MDG,2014,6650000,0,0,60000,200000,0,129999,0,10000,0,20000
Madagascar,MDG,2015,6700000,0,0,60000,550000,0,129999,0,10000,0,20000
Madagascar,MDG,2016,7140000,0,0,60000,400000,0,180000,0,10000,0,20000
Madagascar,MDG,2017,6750000,0,0,60000,420000,0,190000,0,10000,0,20000
Madagascar,MDG,2018,6060000,0,0,60000,320000,0,190000,0,10000,0,20000
Madagascar,MDG,2019,6190000,0,0,60000,259999,0,190000,0,20000,0,20000
Madagascar,MDG,2020,5990000,0,0,60000,290000,0,200000,0,20000,0,20000
Madagascar,MDG,2021,5400000,0,0,70000,280000,0,200000,0,20000,0,20000
Madagascar,MDG,2022,5140000,0,0,70000,410000,0,200000,0,20000,0,20000
Madagascar,MDG,2023,5660000,0,0,70000,340000,0,210000,0,20000,0,20000
Malawi,MWI,1990,970000,0,0,80000,190000,0,0,,0,0,0
Malawi,MWI,1991,1070000,0,0,90000,190000,0,0,,0,0,0
Malawi,MWI,1992,1080000,0,0,90000,190000,0,0,,0,0,0
Malawi,MWI,1993,1100000,0,0,90000,190000,0,0,,0,0,0
Malawi,MWI,1994,810000,0,0,90000,190000,0,0,,0,0,0
Malawi,MWI,1995,970000,0,0,90000,190000,0,0,,0,0,0
Malawi,MWI,1996,1060000,0,0,90000,60000,0,0,,0,0,0
Malawi,MWI,1997,1080000,0,0,90000,40000,0,0,,0,0,0
Malawi,MWI,1998,1130000,0,0,90000,50000,0,0,,0,0,0
Malawi,MWI,1999,1100000,0,0,100000,50000,0,0,,0,0,0
Malawi,MWI,2000,1180000,0,0,100000,10000,0,0,,0,0,0
Malawi,MWI,2001,1030000,0,0,100000,160000,0,0,,0,0,0
Malawi,MWI,2002,1280000,0,0,100000,150000,0,0,,0,0,0
Malawi,MWI,2003,1370000,0,0,100000,270000,0,0,,0,0,0
Malawi,MWI,2004,1390000,0,0,110000,190000,0,0,,0,0,0
Malawi,MWI,2005,1410000,0,0,120000,310000,0,0,,0,0,0
Malawi,MWI,2006,1580000,0,0,120000,150000,0,0,,0,0,0
Malawi,MWI,2007,1750000,0,0,129999,210000,0,0,,0,0,0
Malawi,MWI,2008,1950000,0,0,129999,240000,0,0,,0,0,0
Malawi,MWI,2009,1900000,0,0,129999,110000,0,0,,0,0,0
Malawi,MWI,2010,2250000,0,0,140000,390000,0,0,,0,0,0
Malawi,MWI,2011,2300000,0,0,140000,240000,0,0,,0,0,0
Malawi,MWI,2012,2320000,0,0,150000,360000,0,0,,0,0,0
Malawi,MWI,2013,2420000,0,0,150000,230000,0,0,,0,0,0
Malawi,MWI,2014,2780000,0,0,160000,290000,0,0,,0,0,0
Malawi,MWI,2015,2880000,0,0,170000,280000,0,0,,0,0,0
Malawi,MWI,2016,2760000,0,0,170000,380000,0,0,,0,0,0
Malawi,MWI,2017,3060000,0,0,180000,180000,0,0,,0,0,0
Malawi,MWI,2018,3750000,0,0,190000,230000,0,0,,0,0,0
Malawi,MWI,2019,4290000,0,0,190000,160000,0,0,,0,0,0
Malawi,MWI,2020,4570000,0,0,200000,210000,0,0,,0,0,0
Malawi,MWI,2021,4520000,0,0,200000,129999,0,0,,0,0,0
Malawi,MWI,2022,4470000,0,0,210000,230000,0,0,,0,0,0
Malawi,MWI,2023,5870000,0,0,210000,100000,0,0,,0,0,0
Malaysia,MYS,1990,3360000,380000,0,280000,70000,0,20000,0,40000,10000,259999
Malaysia,MYS,1991,3150000,430000,0,290000,70000,0,10000,0,50000,10000,280000
Malaysia,MYS,1992,3430000,519999,0,310000,70000,0,10000,0,50000,20000,300000
Malaysia,MYS,1993,3510000,500000,0,330000,70000,0,10000,0,50000,20000,320000
Malaysia,MYS,1994,3520000,410000,0,350000,70000,0,10000,0,50000,20000,350000
Malaysia,MYS,1995,3540000,390000,0,370000,70000,0,10000,0,60000,20000,380000
Malaysia,MYS,1996,3370000,380000,0,390000,70000,0,10000,0,60000,30000,430000
Malaysia,MYS,1997,3980000,310000,0,410000,110000,0,10000,10000,70000,30000,490000
Malaysia,MYS,1998,4340000,420000,0,410000,1090000,0,10000,10000,70000,40000,470000
Malaysia,MYS,1999,4020000,510000,0,430000,50000,0,10000,10000,60000,30000,570000
Malaysia,MYS,2000,3990000,780000,0,430000,50000,0,10000,10000,70000,30000,580000
Malaysia,MYS,2001,4010000,770000,0,440000,10000,0,10000,10000,70000,30000,630000
Malaysia,MYS,2002,4570000,770000,0,450000,40000,0,10000,10000,70000,30000,640000
Malaysia,MYS,2003,5220000,730000,0,460000,30000,0,10000,10000,70000,30000,680000
Malaysia,MYS,2004,5740000,570000,0,480000,50000,0,10000,10000,80000,40000,730000
Malaysia,MYS,2005,6050000,630000,0,500000,60000,0,10000,10000,80000,40000,740000
Malaysia,MYS,2006,6010000,700000,0,510000,40000,0,10000,10000,80000,40000,700000
Malaysia,MYS,2007,6230000,670000,0,519999,50000,0,10000,10000,90000,40000,760000
Malaysia,MYS,2008,6660000,760000,0,519999,30000,0,10000,20000,90000,40000,800000
Malaysia,MYS,2009,5430000,750000,0,530000,100000,0,10000,10000,60000,40000,780000
Malaysia,MYS,2010,6600000,680000,10000,540000,60000,0,10000,10000,60000,40000,810000
Malaysia,MYS,2011,6770000,750000,10000,560000,20000,0,10000,10000,60000,50000,790000
Malaysia,MYS,2012,6920000,710000,10000,570000,20000,0,0,10000,70000,50000,820000
Malaysia,MYS,2013,6110000,690000,10000,580000,20000,0,0,10000,60000,60000,1100000
Malaysia,MYS,2014,6430000,640000,10000,600000,80000,0,0,10000,60000,60000,1220000
Malaysia,MYS,2015,6100000,670000,10000,610000,30000,0,0,10000,60000,60000,1190000
Malaysia,MYS,2016,6060000,670000,0,610000,50000,0,0,10000,50000,60000,1230000
Malaysia,MYS,2017,5780000,680000,10000,620000,0,0,10000,0,60000,70000,1190000
Malaysia,MYS,2018,5160000,690000,10000,620000,20000,0,0,10000,60000,70000,1200000
Malaysia,MYS,2019,4630000,700000,10000,630000,30000,0,0,10000,40000,60000,1310000
Malaysia,MYS,2020,4960000,710000,10000,650000,10000,0,0,10000,40000,30000,1090000
Malaysia,MYS,2021,5630000,710000,10000,660000,10000,0,0,10000,40000,30000,1060000
Malaysia,MYS,2022,5090000,720000,10000,660000,0,0,0,10000,30000,40000,1370000
Malaysia,MYS,2023,5360000,730000,10000,670000,0,0,0,10000,30000,60000,1420000
Maldives,MDV,1990,0,0,,0,0,0,,,0,0,0
Maldives,MDV,1991,0,0,,0,0,0,,,0,0,0
Maldives,MDV,1992,0,0,,0,0,0,,,0,0,0
Maldives,MDV,1993,0,0,,0,0,0,,,0,0,0
Maldives,MDV,1994,0,0,,0,0,0,,,0,0,0
Maldives,MDV,1995,0,0,,0,0,0,,,0,0,0
Maldives,MDV,1996,0,0,,0,0,0,,,0,0,0
Maldives,MDV,1997,0,0,,0,0,0,,,0,0,0
Maldives,MDV,1998,0,0,,0,0,0,,,0,0,0
Maldives,MDV,1999,0,0,,0,0,0,0,,0,0,0
Maldives,MDV,2000,0,0,,0,0,0,0,,0,0,0
Maldives,MDV,2001,0,0,,0,0,0,0,,0,0,0
Maldives,MDV,2002,0,0,,0,0,0,0,,0,0,0
Maldives,MDV,2003,0,0,,0,0,0,0,,0,0,0
Maldives,MDV,2004,0,0,,0,0,0,0,,0,0,0
Maldives,MDV,2005,0,0,,0,0,0,0,,0,0,0
Maldives,MDV,2006,0,0,,0,0,0,0,,0,0,0
Maldives,MDV,2007,0,0,,0,0,0,0,,0,0,0
Maldives,MDV,2008,0,0,,10000,0,0,0,,0,0,0
Maldives,MDV,2009,0,0,,10000,0,0,0,,0,0,0
Maldives,MDV,2010,0,0,,10000,0,0,0,,0,0,0
Maldives,MDV,2011,0,0,,10000,0,0,0,,0,0,0
Maldives,MDV,2012,0,0,,10000,0,0,0,,0,0,0
Maldives,MDV,2013,0,0,,10000,0,0,0,,0,0,0
Maldives,MDV,2014,0,0,,10000,0,0,0,,0,0,0
Maldives,MDV,2015,0,0,,10000,0,0,0,,0,0,0
Maldives,MDV,2016,0,0,,10000,0,0,0,,0,0,0
Maldives,MDV,2017,0,0,,10000,0,0,0,,0,0,0
Maldives,MDV,2018,0,0,,10000,0,0,0,,0,0,0
Maldives,MDV,2019,0,0,,10000,0,0,0,,0,0,0
Maldives,MDV,2020,0,0,,10000,0,0,0,,0,0,0
Maldives,MDV,2021,0,0,,10000,0,0,0,,0,0,0
Maldives,MDV,2022,0,0,,10000,0,0,0,,0,0,0
Maldives,MDV,2023,0,0,,10000,0,0,0,,0,0,0
Mali,MLI,1990,5410000,0,0,50000,470000,0,0,0,0,0,0
Mali,MLI,1991,5380000,0,0,60000,470000,0,0,0,0,0,0
Mali,MLI,1992,5400000,0,0,60000,470000,0,0,0,0,0,0
Mali,MLI,1993,5470000,0,0,60000,470000,0,0,0,0,0,0
Mali,MLI,1994,5520000,0,0,60000,470000,0,0,0,0,0,0
Mali,MLI,1995,5600000,0,0,60000,470000,0,0,0,0,0,0
Mali,MLI,1996,5980000,0,0,60000,330000,0,0,0,0,0,0
Mali,MLI,1997,6070000,0,0,60000,440000,0,0,0,0,0,0
Mali,MLI,1998,6430000,0,0,70000,1140000,0,0,0,0,0,0
Mali,MLI,1999,6970000,0,0,70000,1060000,0,0,0,0,0,0
Mali,MLI,2000,7070000,0,0,70000,570000,0,50000,0,0,0,10000
Mali,MLI,2001,6660000,0,0,70000,0,0,50000,0,0,0,20000
Mali,MLI,2002,6890000,0,0,80000,0,0,50000,0,0,0,20000
Mali,MLI,2003,7000000,0,0,80000,0,0,50000,0,0,0,20000
Mali,MLI,2004,7950000,0,0,80000,0,0,50000,0,0,0,20000
Mali,MLI,2005,8080000,0,0,90000,0,0,60000,0,0,0,20000
Mali,MLI,2006,8170000,0,0,90000,0,0,60000,0,0,0,20000
Mali,MLI,2007,8300000,0,0,100000,0,0,60000,0,0,0,20000
Mali,MLI,2008,8820000,0,0,100000,0,0,60000,0,0,0,20000
Mali,MLI,2009,8590000,0,0,110000,0,0,70000,0,0,0,20000
Mali,MLI,2010,9070000,0,0,120000,0,0,80000,0,0,0,60000
Mali,MLI,2011,9230000,0,0,120000,0,0,80000,0,0,0,40000
Mali,MLI,2012,9430000,0,0,120000,0,0,80000,0,0,0,40000
Mali,MLI,2013,9820000,0,0,120000,0,0,80000,0,0,0,50000
Mali,MLI,2014,10040000,0,0,120000,0,0,80000,0,0,0,40000
Mali,MLI,2015,10420000,0,0,129999,0,0,90000,0,0,0,40000
Mali,MLI,2016,11680000,0,0,129999,0,0,90000,0,0,0,90000
Mali,MLI,2017,11630000,0,0,129999,0,0,90000,0,0,0,90000
Mali,MLI,2018,11800000,0,0,140000,0,0,100000,0,0,0,90000
Mali,MLI,2019,12590000,0,0,140000,0,0,100000,0,0,0,60000
Mali,MLI,2020,12990000,0,0,140000,0,0,100000,0,0,0,70000
Mali,MLI,2021,12940000,0,0,150000,0,0,110000,0,0,0,80000
Mali,MLI,2022,13150000,0,0,150000,0,0,120000,0,0,0,70000
Mali,MLI,2023,13760000,0,0,160000,0,0,120000,0,0,0,70000
Malta,MLT,1990,30000,0,0,10000,0,0,0,0,0,0,10000
Malta,MLT,1991,30000,0,0,10000,0,0,0,0,0,0,10000
Malta,MLT,1992,30000,0,0,10000,0,0,0,0,0,0,10000
Malta,MLT,1993,30000,0,0,10000,0,0,0,0,0,0,10000
Malta,MLT,1994,30000,0,0,10000,0,0,0,0,0,0,10000
Malta,MLT,1995,30000,0,0,10000,0,0,0,0,0,0,10000
Malta,MLT,1996,30000,0,0,10000,0,0,0,0,0,0,10000
Malta,MLT,1997,30000,0,0,10000,0,0,0,0,0,0,10000
Malta,MLT,1998,30000,0,0,10000,0,0,0,0,0,0,10000
Malta,MLT,1999,30000,0,0,10000,0,0,0,0,0,0,10000
Malta,MLT,2000,30000,0,0,10000,0,0,0,0,0,20000,10000
Malta,MLT,2001,30000,0,0,10000,0,0,0,0,0,20000,10000
Malta,MLT,2002,30000,0,0,10000,0,0,0,0,0,20000,10000
Malta,MLT,2003,30000,0,0,10000,0,0,0,0,0,20000,10000
Malta,MLT,2004,30000,0,0,10000,0,0,0,0,0,20000,10000
Malta,MLT,2005,30000,0,0,10000,0,0,0,0,0,20000,10000
Malta,MLT,2006,30000,0,0,10000,0,0,0,0,0,20000,10000
Malta,MLT,2007,30000,0,0,10000,0,0,0,0,0,20000,10000
Malta,MLT,2008,30000,0,0,10000,0,0,0,0,0,20000,10000
Malta,MLT,2009,20000,0,0,10000,0,0,0,0,0,30000,10000
Malta,MLT,2010,20000,0,0,10000,0,0,0,0,0,30000,10000
Malta,MLT,2011,20000,0,0,10000,0,0,0,0,0,30000,10000
Malta,MLT,2012,20000,0,0,0,0,0,0,0,0,30000,10000
Malta,MLT,2013,20000,0,0,0,0,0,0,0,0,30000,10000
Malta,MLT,2014,20000,0,0,0,0,0,0,0,0,30000,10000
Malta,MLT,2015,20000,0,0,10000,0,0,0,0,0,40000,10000
Malta,MLT,2016,20000,0,0,10000,0,0,0,0,0,40000,10000
Malta,MLT,2017,20000,0,0,10000,0,0,0,0,0,50000,10000
Malta,MLT,2018,20000,0,0,10000,0,0,0,0,0,50000,10000
Malta,MLT,2019,20000,0,0,10000,0,0,0,0,0,50000,10000
Malta,MLT,2020,20000,0,0,10000,0,0,0,0,0,50000,10000
Malta,MLT,2021,20000,0,0,10000,0,0,0,0,0,40000,10000
Malta,MLT,2022,20000,0,0,10000,0,0,0,0,0,50000,10000
Malta,MLT,2023,20000,0,0,10000,0,0,0,0,0,50000,10000
Marshall Islands,MHL,1991,0,,,,0,,,,,,
Marshall Islands,MHL,1992,0,0,,0,0,,0,,,0,0
Marshall Islands,MHL,1993,0,0,,0,0,,0,,,0,0
Marshall Islands,MHL,1994,0,0,,0,0,,0,,,0,0
Marshall Islands,MHL,1995,0,0,,0,0,,0,,,0,0
Marshall Islands,MHL,1996,0,0,,0,0,,0,,,0,0
Marshall Islands,MHL,1997,0,0,,0,0,,0,,,0,0
Marshall Islands,MHL,1998,0,0,,0,0,,0,,,0,0
Marshall Islands,MHL,1999,0,0,,0,0,,0,,,0,0
Marshall Islands,MHL,2000,0,0,,0,0,,0,,,0,0
Marshall Islands,MHL,2001,0,0,,0,0,,0,,,0,0
Marshall Islands,MHL,2002,0,0,,0,0,,0,,,0,0
Marshall Islands,MHL,2003,0,0,,0,0,,0,,,0,0
Marshall Islands,MHL,2004,0,0,,0,0,,0,,,0,0
Marshall Islands,MHL,2005,0,0,,0,0,,0,,,0,0
Marshall Islands,MHL,2006,0,0,,0,0,,0,,,0,0
Marshall Islands,MHL,2007,0,0,,0,0,,0,,,0,0
Marshall Islands,MHL,2008,0,0,,0,0,,0,,,0,0
Marshall Islands,MHL,2009,0,0,,0,0,,0,,,0,0
Marshall Islands,MHL,2010,0,0,,0,0,,0,,,0,0
Marshall Islands,MHL,2011,0,0,,0,0,,0,,,0,0
Marshall Islands,MHL,2012,0,0,,0,0,,0,,,0,0
Marshall Islands,MHL,2013,0,0,,0,0,,0,,,0,0
Marshall Islands,MHL,2014,0,0,,0,0,,0,,,0,0
Marshall Islands,MHL,2015,0,0,,0,0,,0,,,0,0
Marshall Islands,MHL,2016,0,0,,0,0,,0,,,0,0
Marshall Islands,MHL,2017,0,0,,0,0,,0,,,0,0
Marshall Islands,MHL,2018,0,0,,0,0,,0,,,0,0
Marshall Islands,MHL,2019,0,0,,0,0,,0,,,0,0
Marshall Islands,MHL,2020,0,0,,0,0,,0,,,0,0
Marshall Islands,MHL,2021,0,0,,0,0,,0,,,0,0
Marshall Islands,MHL,2022,0,0,,0,0,,0,,,0,0
Marshall Islands,MHL,2023,0,0,,0,0,,0,,,0,0
Mauritania,MRT,1990,1620000,0,0,10000,0,0,10000,0,0,0,0
Mauritania,MRT,1991,1680000,0,0,10000,0,0,10000,0,0,0,0
Mauritania,MRT,1992,1610000,0,0,10000,0,0,10000,0,0,0,0
Mauritania,MRT,1993,1640000,0,0,10000,0,0,10000,0,0,0,0
Mauritania,MRT,1994,1600000,0,0,10000,0,0,10000,0,0,0,0
Mauritania,MRT,1995,1610000,0,0,10000,0,0,10000,0,0,0,10000
Mauritania,MRT,1996,1810000,0,0,20000,0,0,10000,0,0,0,10000
Mauritania,MRT,1997,1860000,0,0,30000,0,0,10000,0,0,0,10000
Mauritania,MRT,1998,2000000,0,0,30000,0,0,10000,0,0,0,10000
Mauritania,MRT,1999,2140000,0,0,40000,0,0,10000,0,0,0,10000
Mauritania,MRT,2000,2310000,0,0,50000,0,0,10000,0,0,0,10000
Mauritania,MRT,2001,2310000,0,0,50000,0,0,10000,0,0,0,10000
Mauritania,MRT,2002,2240000,0,0,50000,0,0,10000,0,0,0,10000
Mauritania,MRT,2003,2260000,0,0,50000,0,0,10000,0,0,0,10000
Mauritania,MRT,2004,2240000,0,0,50000,0,0,10000,0,0,0,10000
Mauritania,MRT,2005,2270000,0,0,50000,0,0,10000,0,0,0,10000
Mauritania,MRT,2006,2400000,0,0,60000,0,0,10000,0,0,0,10000
Mauritania,MRT,2007,2410000,0,0,60000,0,0,10000,0,0,0,10000
Mauritania,MRT,2008,2160000,0,0,60000,0,0,10000,0,0,0,10000
Mauritania,MRT,2009,2330000,0,0,60000,0,0,10000,0,0,0,20000
Mauritania,MRT,2010,2480000,0,0,60000,0,0,10000,0,0,0,20000
Mauritania,MRT,2011,2440000,0,0,70000,0,0,10000,0,0,0,20000
Mauritania,MRT,2012,2530000,0,0,70000,0,0,10000,0,0,0,20000
Mauritania,MRT,2013,2580000,0,0,70000,0,0,10000,0,0,0,20000
Mauritania,MRT,2014,2560000,0,0,80000,0,0,10000,0,0,0,20000
Mauritania,MRT,2015,2710000,0,0,80000,0,0,10000,0,0,0,20000
Mauritania,MRT,2016,2710000,0,0,80000,0,0,10000,0,0,0,20000
Mauritania,MRT,2017,2670000,0,0,80000,0,0,10000,0,0,0,20000
Mauritania,MRT,2018,2670000,0,0,90000,0,0,10000,0,0,0,20000
Mauritania,MRT,2019,2730000,0,0,90000,0,0,10000,0,0,0,20000
Mauritania,MRT,2020,2790000,0,0,90000,0,0,10000,0,0,0,20000
Mauritania,MRT,2021,2850000,0,0,90000,0,0,10000,0,0,0,30000
Mauritania,MRT,2022,2830000,0,0,90000,0,0,10000,0,0,0,30000
Mauritania,MRT,2023,2870000,0,0,100000,0,0,10000,0,0,0,30000
Mauritius,MUS,1990,100000,20000,0,20000,0,0,0,0,10000,0,0
Mauritius,MUS,1991,100000,20000,0,20000,0,0,0,0,10000,0,0
Mauritius,MUS,1992,110000,20000,0,20000,0,0,0,0,10000,0,10000
Mauritius,MUS,1993,100000,20000,0,20000,0,0,0,0,10000,0,10000
Mauritius,MUS,1994,110000,20000,0,20000,0,0,0,0,10000,0,10000
Mauritius,MUS,1995,120000,20000,0,20000,0,0,0,0,10000,0,10000
Mauritius,MUS,1996,120000,20000,0,20000,0,0,0,0,10000,0,10000
Mauritius,MUS,1997,110000,20000,0,20000,0,0,0,0,10000,0,10000
Mauritius,MUS,1998,110000,20000,0,20000,0,0,0,0,10000,10000,10000
Mauritius,MUS,1999,120000,20000,0,20000,0,0,0,0,10000,10000,10000
Mauritius,MUS,2000,129999,20000,0,30000,0,0,0,0,0,10000,10000
Mauritius,MUS,2001,100000,20000,0,20000,0,0,0,0,0,10000,10000
Mauritius,MUS,2002,110000,20000,0,20000,0,0,0,0,0,10000,10000
Mauritius,MUS,2003,110000,20000,0,20000,0,0,0,0,0,10000,10000
Mauritius,MUS,2004,110000,20000,0,20000,0,0,0,0,0,10000,10000
Mauritius,MUS,2005,100000,20000,0,20000,0,0,0,0,0,10000,10000
Mauritius,MUS,2006,100000,20000,0,20000,0,0,0,0,0,10000,10000
Mauritius,MUS,2007,110000,20000,0,20000,0,0,0,0,0,10000,10000
Mauritius,MUS,2008,100000,20000,0,20000,0,0,0,0,0,10000,10000
Mauritius,MUS,2009,100000,20000,0,20000,0,0,0,0,0,10000,10000
Mauritius,MUS,2010,90000,20000,0,20000,0,0,0,0,0,10000,20000
Mauritius,MUS,2011,110000,20000,0,20000,0,0,0,0,0,10000,20000
Mauritius,MUS,2012,120000,10000,0,20000,0,0,0,0,0,10000,20000
Mauritius,MUS,2013,110000,0,0,20000,0,0,0,0,0,10000,20000
Mauritius,MUS,2014,120000,0,0,20000,0,0,0,0,0,10000,20000
Mauritius,MUS,2015,100000,0,0,20000,0,0,0,0,0,10000,20000
Mauritius,MUS,2016,120000,0,0,20000,0,0,0,0,0,10000,20000
Mauritius,MUS,2017,110000,0,0,20000,0,0,0,0,0,20000,20000
Mauritius,MUS,2018,110000,0,0,20000,0,0,0,0,0,20000,20000
Mauritius,MUS,2019,110000,0,0,20000,0,0,0,0,0,20000,20000
Mauritius,MUS,2020,100000,0,0,20000,0,0,0,0,0,20000,20000
Mauritius,MUS,2021,100000,0,0,20000,0,0,0,0,0,10000,20000
Mauritius,MUS,2022,100000,0,0,20000,0,0,0,0,0,20000,20000
Mauritius,MUS,2023,100000,0,0,20000,0,0,0,0,0,20000,20000
Mexico,MEX,1990,29650000,470000,10000,1080000,920000,10000,300000,20000,150000,20000,1770000
Mexico,MEX,1991,28430000,560000,10000,1120000,920000,10000,310000,40000,129999,20000,1850000
Mexico,MEX,1992,28680000,290000,10000,1160000,920000,10000,320000,40000,120000,30000,1860000
Mexico,MEX,1993,28980000,360000,10000,1200000,920000,10000,310000,40000,120000,30000,1910000
Mexico,MEX,1994,28980000,400000,10000,1240000,920000,10000,310000,40000,110000,50000,2020000
Mexico,MEX,1995,28050000,750000,10000,1260000,920000,20000,310000,40000,120000,50000,1850000
Mexico,MEX,1996,28480000,940000,10000,1280000,410000,30000,310000,40000,129999,50000,1900000
Mexico,MEX,1997,28490000,730000,10000,1320000,460000,40000,310000,40000,140000,50000,2000000
Mexico,MEX,1998,29610000,660000,10000,1350000,2590000,50000,310000,40000,150000,60000,2020000
Mexico,MEX,1999,28980000,550000,10000,1400000,1490000,30000,310000,40000,129999,60000,2020000
Mexico,MEX,2000,29320000,240000,10000,1460000,1490000,30000,310000,40000,129999,60000,2100000
Mexico,MEX,2001,29680000,200000,10000,1500000,340000,30000,290000,40000,110000,60000,2140000
Mexico,MEX,2002,28390000,100000,10000,1530000,790000,20000,290000,40000,110000,50000,2190000
Mexico,MEX,2003,28760000,100000,10000,1530000,1890000,20000,290000,40000,129999,50000,2310000
Mexico,MEX,2004,27730000,100000,10000,1550000,290000,10000,290000,40000,140000,50000,2450000
Mexico,MEX,2005,29490000,100000,20000,1560000,1200000,20000,290000,40000,160000,60000,2590000
Mexico,MEX,2006,28670000,110000,20000,1610000,920000,20000,290000,40000,180000,60000,2770000
Mexico,MEX,2007,29430000,110000,20000,1640000,640000,40000,290000,40000,150000,60000,2910000
Mexico,MEX,2008,28600000,120000,20000,1650000,860000,90000,290000,40000,160000,60000,3010000
Mexico,MEX,2009,29180000,129999,20000,1660000,840000,70000,290000,40000,120000,50000,2960000
Mexico,MEX,2010,29580000,129999,20000,1690000,420000,40000,290000,40000,150000,50000,3020000
Mexico,MEX,2011,31610000,140000,20000,1740000,1230000,30000,280000,40000,170000,50000,3040000
Mexico,MEX,2012,30900000,140000,20000,1750000,530000,10000,280000,40000,129999,60000,3050000
Mexico,MEX,2013,31970000,150000,20000,1780000,1290000,10000,280000,40000,170000,60000,3010000
Mexico,MEX,2014,31790000,140000,20000,1720000,110000,10000,280000,40000,120000,60000,3000000
Mexico,MEX,2015,30380000,129999,20000,1660000,560000,10000,280000,30000,150000,60000,3020000
Mexico,MEX,2016,32990002,140000,20000,1700000,670000,10000,280000,30000,120000,70000,3120000
Mexico,MEX,2017,33240002,140000,20000,1730000,1030000,10000,270000,30000,180000,70000,3040000
Mexico,MEX,2018,32669998,140000,20000,1760000,470000,10000,270000,30000,129999,70000,2960000
Mexico,MEX,2019,32840000,140000,20000,1790000,1300000,10000,270000,30000,150000,70000,3020000
Mexico,MEX,2020,33780000,150000,10000,1820000,1120000,10000,240000,20000,129999,20000,2250000
Mexico,MEX,2021,33360000,150000,10000,1830000,740000,10000,270000,30000,100000,40000,2260000
Mexico,MEX,2022,31730000,150000,20000,1840000,650000,10000,270000,30000,110000,60000,2940000
Mexico,MEX,2023,34040000,160000,20000,1850000,880000,10000,270000,30000,110000,70000,2880000
Micronesia (country),FSM,1990,,0,,10000,,0,,,,,
Micronesia (country),FSM,1991,10000,0,,10000,0,0,,,,,
Micronesia (country),FSM,1992,10000,0,0,10000,0,0,,,,0,0
Micronesia (country),FSM,1993,10000,0,0,10000,0,0,,,,0,0
Micronesia (country),FSM,1994,10000,0,0,10000,0,0,,,,0,0
Micronesia (country),FSM,1995,10000,0,0,10000,0,0,,,,0,0
Micronesia (country),FSM,1996,10000,0,0,10000,0,0,,,,0,0
Micronesia (country),FSM,1997,10000,0,0,10000,0,0,,,,0,0
Micronesia (country),FSM,1998,10000,0,0,10000,0,0,,,,0,0
Micronesia (country),FSM,1999,10000,0,0,10000,0,0,,,,0,0
Micronesia (country),FSM,2000,10000,0,0,10000,0,0,,,,0,0
Micronesia (country),FSM,2001,10000,0,0,10000,0,0,,,,0,0
Micronesia (country),FSM,2002,10000,0,0,10000,0,0,,,,0,0
Micronesia (country),FSM,2003,10000,0,0,10000,0,0,,,,0,0
Micronesia (country),FSM,2004,10000,0,0,10000,0,0,,,,0,0
Micronesia (country),FSM,2005,10000,0,0,10000,0,0,,,,0,0
Micronesia (country),FSM,2006,10000,0,0,10000,0,0,,,,0,0
Micronesia (country),FSM,2007,10000,0,0,10000,0,0,,,,0,0
Micronesia (country),FSM,2008,10000,0,0,10000,0,0,,,,0,0
Micronesia (country),FSM,2009,10000,0,0,10000,0,0,,,,0,0
Micronesia (country),FSM,2010,10000,0,0,10000,0,0,,,,0,0
Micronesia (country),FSM,2011,10000,0,0,10000,0,0,,,,0,0
Micronesia (country),FSM,2012,10000,0,0,10000,0,0,,,,0,0
Micronesia (country),FSM,2013,10000,0,0,10000,0,0,,,,0,0
Micronesia (country),FSM,2014,10000,0,0,10000,0,0,,,,0,0
Micronesia (country),FSM,2015,10000,0,0,10000,0,0,,,,0,0
Micronesia (country),FSM,2016,10000,0,0,10000,0,0,,,,0,0
Micronesia (country),FSM,2017,10000,0,0,10000,0,0,,,,0,0
Micronesia (country),FSM,2018,10000,0,0,10000,0,0,,,,0,0
Micronesia (country),FSM,2019,10000,0,0,10000,0,0,,,,0,0
Micronesia (country),FSM,2020,20000,0,0,10000,0,0,,,,0,0
Micronesia (country),FSM,2021,10000,0,0,10000,0,0,,,,0,0
Micronesia (country),FSM,2022,20000,0,0,10000,0,0,,,,0,0
Micronesia (country),FSM,2023,20000,0,0,10000,0,0,,,,0,0
Moldova,MDA,1990,1630000,0,40000,90000,0,0,0,0,0,0,50000
Moldova,MDA,1991,1540000,0,20000,80000,0,0,0,0,0,0,50000
Moldova,MDA,1992,1260000,0,10000,80000,0,0,0,0,0,0,70000
Moldova,MDA,1993,1200000,0,10000,70000,0,0,0,0,0,0,50000
Moldova,MDA,1994,1170000,0,10000,70000,0,0,0,0,0,0,30000
Moldova,MDA,1995,1200000,0,0,70000,0,0,0,0,0,0,30000
Moldova,MDA,1996,1140000,0,0,70000,0,0,0,0,0,0,30000
Moldova,MDA,1997,850000,0,0,70000,0,0,0,0,0,0,30000
Moldova,MDA,1998,710000,0,0,70000,0,0,0,0,0,0,20000
Moldova,MDA,1999,660000,0,0,70000,0,0,0,0,0,0,10000
Moldova,MDA,2000,630000,0,0,70000,0,0,0,0,0,0,10000
Moldova,MDA,2001,770000,0,0,70000,0,0,0,0,0,0,20000
Moldova,MDA,2002,690000,0,0,70000,0,0,0,0,0,0,20000
Moldova,MDA,2003,650000,0,0,70000,0,0,0,0,0,0,20000
Moldova,MDA,2004,690000,0,0,70000,0,0,0,0,0,0,20000
Moldova,MDA,2005,670000,0,0,80000,0,0,10000,0,0,0,30000
Moldova,MDA,2006,630000,0,0,80000,0,0,10000,0,0,0,30000
Moldova,MDA,2007,630000,0,0,70000,0,0,0,0,0,0,30000
Moldova,MDA,2008,640000,0,0,70000,0,0,0,0,0,0,30000
Moldova,MDA,2009,560000,0,0,70000,0,0,0,0,0,0,30000
Moldova,MDA,2010,600000,0,0,70000,0,0,20000,0,0,0,30000
Moldova,MDA,2011,660000,0,0,70000,0,0,30000,0,0,0,30000
Moldova,MDA,2012,600000,0,0,70000,0,0,30000,0,0,0,30000
Moldova,MDA,2013,720000,0,0,70000,0,0,30000,0,0,0,30000
Moldova,MDA,2014,770000,0,0,70000,10000,0,30000,0,0,0,30000
Moldova,MDA,2015,700000,0,0,70000,0,0,30000,0,0,0,30000
Moldova,MDA,2016,800000,0,0,70000,0,0,30000,0,0,0,40000
Moldova,MDA,2017,830000,0,0,70000,0,0,30000,0,0,0,30000
Moldova,MDA,2018,920000,0,0,70000,0,0,30000,0,0,0,30000
Moldova,MDA,2019,830000,0,0,70000,0,0,30000,0,0,0,40000
Moldova,MDA,2020,720000,0,0,70000,0,0,30000,0,0,0,30000
Moldova,MDA,2021,880000,0,0,70000,0,0,30000,0,0,0,40000
Moldova,MDA,2022,710000,0,0,70000,0,0,20000,0,0,0,40000
Moldova,MDA,2023,910000,0,0,70000,0,0,20000,0,0,0,40000
Mongolia,MNG,1990,7890000,0,0,30000,50000,0,10000,0,10000,0,50000
Mongolia,MNG,1991,8040000,0,0,30000,50000,0,10000,0,10000,0,30000
Mongolia,MNG,1992,8000000,0,0,30000,50000,0,0,0,10000,0,30000
Mongolia,MNG,1993,7930000,0,0,30000,50000,0,0,0,10000,0,30000
Mongolia,MNG,1994,7840000,0,0,30000,50000,0,0,0,10000,0,20000
Mongolia,MNG,1995,8120000,0,0,30000,50000,0,0,0,10000,0,20000
Mongolia,MNG,1996,8390000,0,0,30000,100000,0,0,0,0,0,20000
Mongolia,MNG,1997,8770000,0,0,30000,570000,0,0,0,10000,0,20000
Mongolia,MNG,1998,8840000,0,0,30000,300000,0,0,0,0,0,20000
Mongolia,MNG,1999,8990000,0,0,30000,90000,0,0,0,0,0,30000
Mongolia,MNG,2000,9150000,0,0,30000,230000,0,10000,0,0,0,30000
Mongolia,MNG,2001,8359999,0,0,30000,0,0,10000,0,0,0,30000
Mongolia,MNG,2002,7740000,0,0,30000,40000,0,10000,0,0,0,30000
Mongolia,MNG,2003,7790000,0,0,30000,10000,0,10000,0,0,0,30000
Mongolia,MNG,2004,7680000,0,0,30000,0,0,10000,0,0,0,40000
Mongolia,MNG,2005,8060000,0,0,30000,0,0,10000,0,0,0,40000
Mongolia,MNG,2006,8590000,0,0,30000,0,0,10000,0,10000,0,40000
Mongolia,MNG,2007,9280000,0,0,30000,20000,0,10000,0,10000,0,50000
Mongolia,MNG,2008,9360000,0,0,30000,0,0,10000,0,10000,0,60000
Mongolia,MNG,2009,9380000,0,0,40000,50000,0,10000,0,0,0,50000
Mongolia,MNG,2010,8220000,0,0,40000,0,0,10000,0,0,0,60000
Mongolia,MNG,2011,9000000,0,0,40000,20000,0,10000,0,10000,0,70000
Mongolia,MNG,2012,9620000,0,0,40000,0,0,10000,0,10000,0,80000
Mongolia,MNG,2013,9880000,0,0,50000,0,0,10000,0,10000,0,80000
Mongolia,MNG,2014,10730000,0,0,50000,0,0,10000,0,10000,0,80000
Mongolia,MNG,2015,11380000,0,0,50000,20000,0,10000,0,0,0,80000
Mongolia,MNG,2016,11820000,0,10000,50000,0,0,10000,0,0,0,70000
Mongolia,MNG,2017,12270000,0,0,60000,10000,0,10000,0,0,0,90000
Mongolia,MNG,2018,12210000,0,10000,60000,0,0,10000,0,10000,0,90000
Mongolia,MNG,2019,12610000,0,10000,60000,0,0,10000,0,10000,0,120000
Mongolia,MNG,2020,12440000,0,10000,70000,0,0,10000,0,10000,0,120000
Mongolia,MNG,2021,12580000,0,10000,70000,0,0,10000,0,10000,0,120000
Mongolia,MNG,2022,13280000,0,10000,70000,0,0,10000,0,10000,0,120000
Mongolia,MNG,2023,13040000,0,10000,70000,0,0,10000,0,10000,0,140000
Montenegro,MNE,1990,140000,0,0,10000,0,0,0,0,0,0,0
Montenegro,MNE,1991,129999,0,0,10000,0,0,0,0,0,0,0
Montenegro,MNE,1992,100000,0,0,10000,0,0,0,0,0,0,0
Montenegro,MNE,1993,100000,0,0,10000,0,0,0,0,0,0,0
Montenegro,MNE,1994,100000,0,0,10000,0,0,0,0,0,0,0
Montenegro,MNE,1995,120000,0,0,10000,0,0,0,0,0,0,0
Montenegro,MNE,1996,120000,0,0,10000,0,0,0,0,0,0,0
Montenegro,MNE,1997,129999,0,0,10000,0,0,0,0,0,0,0
Montenegro,MNE,1998,120000,0,0,10000,0,0,0,0,0,0,0
Montenegro,MNE,1999,110000,0,0,10000,0,0,0,0,0,0,0
Montenegro,MNE,2000,100000,0,0,10000,0,0,0,0,0,0,0
Montenegro,MNE,2001,110000,0,0,10000,0,0,0,0,0,0,0
Montenegro,MNE,2002,110000,0,0,10000,0,0,0,0,0,0,0
Montenegro,MNE,2003,100000,0,0,10000,0,0,0,0,0,0,0
Montenegro,MNE,2004,129999,0,0,10000,0,0,0,0,0,0,0
Montenegro,MNE,2005,120000,0,0,10000,0,0,10000,0,0,0,10000
Montenegro,MNE,2006,129999,0,0,10000,0,0,10000,0,0,0,10000
Montenegro,MNE,2007,120000,0,0,10000,0,0,10000,0,0,0,10000
Montenegro,MNE,2008,110000,0,0,10000,0,0,10000,0,0,0,10000
Montenegro,MNE,2009,110000,0,0,10000,0,0,10000,0,0,0,10000
Montenegro,MNE,2010,110000,0,0,10000,0,0,10000,0,0,0,10000
Montenegro,MNE,2011,100000,0,0,10000,0,0,10000,0,0,0,10000
Montenegro,MNE,2012,110000,0,0,10000,0,0,10000,0,0,0,10000
Montenegro,MNE,2013,100000,0,0,10000,0,0,10000,0,0,0,10000
Montenegro,MNE,2014,100000,0,0,10000,0,0,10000,0,0,0,10000
Montenegro,MNE,2015,110000,0,0,10000,0,0,10000,0,0,0,10000
Montenegro,MNE,2016,110000,0,0,10000,0,0,10000,0,0,0,10000
Montenegro,MNE,2017,110000,0,0,10000,10000,0,10000,0,0,0,10000
Montenegro,MNE,2018,100000,0,0,10000,0,0,10000,0,0,0,10000
Montenegro,MNE,2019,100000,0,0,10000,0,0,10000,0,0,0,10000
Montenegro,MNE,2020,90000,0,0,10000,0,0,10000,0,0,0,10000
Montenegro,MNE,2021,90000,0,0,10000,0,0,10000,0,0,0,10000
Montenegro,MNE,2022,80000,0,0,10000,0,0,10000,0,0,0,10000
Montenegro,MNE,2023,90000,0,0,10000,0,0,10000,0,0,0,10000
Morocco,MAR,1990,5060000,550000,0,360000,0,0,40000,0,10000,10000,60000
Morocco,MAR,1991,4890000,540000,0,370000,0,0,50000,0,20000,0,70000
Morocco,MAR,1992,4410000,440000,0,370000,0,0,50000,0,20000,10000,80000
Morocco,MAR,1993,4179999,540000,0,380000,0,0,50000,0,10000,10000,80000
Morocco,MAR,1994,4530000,380000,0,380000,0,0,50000,0,20000,10000,90000
Morocco,MAR,1995,4139999,360000,0,390000,0,0,50000,0,10000,10000,90000
Morocco,MAR,1996,4680000,330000,0,400000,0,0,50000,0,20000,10000,100000
Morocco,MAR,1997,4750000,350000,0,400000,0,0,50000,0,20000,10000,100000
Morocco,MAR,1998,4900000,360000,0,410000,0,0,50000,0,20000,10000,110000
Morocco,MAR,1999,5110000,360000,0,410000,0,0,50000,0,20000,10000,120000
Morocco,MAR,2000,5210000,400000,0,420000,0,0,50000,0,20000,10000,120000
Morocco,MAR,2001,5290000,480000,0,1390000,0,0,50000,0,20000,10000,129999
Morocco,MAR,2002,5550000,460000,0,2370000,0,0,50000,0,20000,10000,129999
Morocco,MAR,2003,5560000,430000,0,3350000,0,0,50000,0,10000,10000,140000
Morocco,MAR,2004,5790000,350000,0,4320000,0,0,100000,0,10000,10000,150000
Morocco,MAR,2005,6110000,350000,0,5300000,0,0,90000,0,10000,10000,160000
Morocco,MAR,2006,6440000,390000,0,6270000,0,0,90000,0,10000,10000,160000
Morocco,MAR,2007,5930000,390000,0,7250000,0,0,80000,0,20000,10000,170000
Morocco,MAR,2008,6010000,350000,0,8229999,0,0,70000,0,20000,10000,180000
Morocco,MAR,2009,5890000,519999,0,9200000,0,0,70000,0,20000,10000,200000
Morocco,MAR,2010,6010000,680000,0,10180000,0,0,60000,0,20000,20000,210000
Morocco,MAR,2011,6310000,800000,0,5450000,0,0,60000,0,20000,20000,220000
Morocco,MAR,2012,5900000,840000,0,720000,0,0,60000,0,20000,10000,220000
Morocco,MAR,2013,6580000,650000,0,730000,0,0,60000,0,20000,20000,230000
Morocco,MAR,2014,6450000,710000,0,750000,0,0,60000,0,20000,20000,230000
Morocco,MAR,2015,6790000,710000,0,760000,0,0,60000,0,20000,20000,250000
Morocco,MAR,2016,5650000,720000,10000,780000,0,0,60000,0,20000,20000,259999
Morocco,MAR,2017,6850000,740000,10000,790000,0,0,60000,0,20000,20000,270000
Morocco,MAR,2018,6750000,760000,10000,790000,0,0,50000,0,20000,20000,270000
Morocco,MAR,2019,6410000,780000,10000,790000,0,0,50000,0,20000,20000,290000
Morocco,MAR,2020,6540000,800000,10000,790000,0,0,50000,0,20000,10000,250000
Morocco,MAR,2021,7030000,820000,10000,790000,0,0,50000,0,20000,10000,280000
Morocco,MAR,2022,6510000,830000,10000,800000,20000,0,50000,0,20000,20000,259999
Morocco,MAR,2023,6420000,850000,10000,810000,0,0,50000,0,10000,20000,270000
Mozambique,MOZ,1990,6810000,0,0,80000,8359999,0,160000,0,20000,0,10000
Mozambique,MOZ,1991,6810000,0,0,80000,8359999,0,160000,0,20000,0,10000
Mozambique,MOZ,1992,6870000,0,0,80000,8359999,0,160000,0,20000,0,10000
Mozambique,MOZ,1993,6950000,0,0,80000,8359999,0,160000,0,20000,0,10000
Mozambique,MOZ,1994,7010000,0,0,80000,8359999,0,170000,0,20000,0,10000
Mozambique,MOZ,1995,7060000,0,0,90000,8359999,0,170000,0,20000,0,10000
Mozambique,MOZ,1996,6980000,0,0,90000,610000,0,180000,0,20000,0,10000
Mozambique,MOZ,1997,6250000,0,0,90000,380000,0,180000,0,20000,0,10000
Mozambique,MOZ,1998,7170000,0,0,100000,530000,0,220000,0,30000,0,10000
Mozambique,MOZ,1999,6770000,0,0,100000,440000,0,230000,0,30000,0,10000
Mozambique,MOZ,2000,6240000,0,0,100000,110000,0,259999,0,0,0,10000
Mozambique,MOZ,2001,6940000,0,0,110000,9500000,0,220000,0,0,0,10000
Mozambique,MOZ,2002,7680000,0,0,110000,6590000,0,240000,0,0,0,10000
Mozambique,MOZ,2003,7770000,0,0,120000,8720000,0,259999,0,0,0,20000
Mozambique,MOZ,2004,7370000,0,0,120000,8990000,0,270000,0,0,0,20000
Mozambique,MOZ,2005,7960000,0,0,129999,10070000,0,280000,0,10000,0,20000
Mozambique,MOZ,2006,7370000,0,0,140000,10120000,0,270000,0,0,0,20000
Mozambique,MOZ,2007,7870000,0,0,140000,10000000,0,150000,0,0,0,20000
Mozambique,MOZ,2008,8560000,0,0,150000,10880000,0,160000,0,10000,0,20000
Mozambique,MOZ,2009,7550000,0,0,160000,9530000,0,150000,0,10000,0,20000
Mozambique,MOZ,2010,8410000,0,0,170000,13140000,0,140000,0,10000,0,30000
Mozambique,MOZ,2011,7610000,0,0,170000,10570000,0,150000,0,10000,0,30000
Mozambique,MOZ,2012,7800000,0,0,170000,12300000,0,160000,0,10000,0,40000
Mozambique,MOZ,2013,8060000,0,0,170000,12330000,0,160000,0,10000,0,40000
Mozambique,MOZ,2014,8100000,0,0,170000,11860000,0,160000,0,10000,0,50000
Mozambique,MOZ,2015,7620000,0,0,170000,11020000,0,170000,0,10000,0,50000
Mozambique,MOZ,2016,7060000,0,0,180000,12310000,0,170000,0,10000,0,50000
Mozambique,MOZ,2017,6790000,0,0,190000,11450000,0,180000,0,10000,0,50000
Mozambique,MOZ,2018,7870000,0,0,200000,11710000,0,180000,0,10000,0,50000
Mozambique,MOZ,2019,7720000,0,0,210000,9550000,0,180000,0,10000,0,60000
Mozambique,MOZ,2020,7490000,0,0,220000,8870000,0,190000,0,10000,0,50000
Mozambique,MOZ,2021,7680000,0,0,220000,9220000,0,190000,0,10000,0,70000
Mozambique,MOZ,2022,8930000,0,0,230000,8700000,0,200000,0,10000,0,70000
Mozambique,MOZ,2023,7900000,0,0,230000,6550000,0,200000,0,10000,0,70000
Myanmar,MMR,1990,7890000,110000,0,320000,4820000,0,360000,0,10000,0,20000
Myanmar,MMR,1991,7930000,110000,0,330000,4820000,0,360000,0,10000,0,20000
Myanmar,MMR,1992,8109999,70000,0,330000,4820000,0,360000,0,10000,0,20000
Myanmar,MMR,1993,8319999,70000,0,340000,4820000,0,360000,0,0,0,30000
Myanmar,MMR,1994,8740000,100000,0,340000,4820000,0,370000,0,20000,0,30000
Myanmar,MMR,1995,8940000,90000,0,350000,4820000,0,370000,0,20000,0,40000
Myanmar,MMR,1996,9160000,100000,0,350000,2040000,0,370000,0,20000,0,40000
Myanmar,MMR,1997,9130000,70000,0,350000,1880000,0,380000,0,30000,0,40000
Myanmar,MMR,1998,9340000,70000,0,360000,2760000,0,380000,0,30000,0,50000
Myanmar,MMR,1999,9690000,80000,0,360000,2850000,0,380000,0,50000,0,50000
Myanmar,MMR,2000,10080000,100000,0,370000,1670000,0,380000,0,50000,0,60000
Myanmar,MMR,2001,9830000,40000,0,380000,2010000,0,390000,0,60000,0,50000
Myanmar,MMR,2002,9760000,30000,0,410000,2030000,0,400000,0,30000,0,50000
Myanmar,MMR,2003,10310000,80000,0,430000,5950000,0,410000,0,30000,0,60000
Myanmar,MMR,2004,11000000,40000,0,460000,10120000,0,420000,0,30000,0,70000
Myanmar,MMR,2005,10940000,60000,0,480000,5630000,0,430000,0,50000,0,70000
Myanmar,MMR,2006,11460000,50000,0,510000,4850000,0,440000,0,50000,0,60000
Myanmar,MMR,2007,12040000,60000,0,540000,9140000,0,440000,0,50000,0,70000
Myanmar,MMR,2008,12060000,60000,0,590000,4010000,0,440000,0,50000,0,50000
Myanmar,MMR,2009,12540000,60000,0,630000,7720000,0,440000,0,50000,0,60000
Myanmar,MMR,2010,12920000,10000,0,670000,8400000,0,430000,0,50000,0,60000
Myanmar,MMR,2011,13270000,70000,0,680000,4070000,0,440000,0,50000,0,60000
Myanmar,MMR,2012,13770000,120000,10000,710000,6330000,0,440000,0,60000,0,90000
Myanmar,MMR,2013,14410000,100000,10000,740000,5160000,0,440000,0,60000,0,110000
Myanmar,MMR,2014,15300000,100000,10000,770000,6360000,0,440000,0,60000,0,129999
Myanmar,MMR,2015,15240000,80000,10000,780000,6630000,0,450000,0,60000,0,140000
Myanmar,MMR,2016,15680000,80000,10000,790000,3740000,0,450000,0,60000,0,140000
Myanmar,MMR,2017,17320000,90000,10000,790000,4340000,0,450000,0,70000,0,200000
Myanmar,MMR,2018,10700000,90000,10000,750000,3620000,0,450000,0,70000,0,200000
Myanmar,MMR,2019,11270000,90000,10000,700000,4400000,0,460000,0,50000,0,210000
Myanmar,MMR,2020,12210000,90000,10000,660000,6760000,0,460000,0,40000,0,190000
Myanmar,MMR,2021,11650000,90000,10000,670000,5920000,0,460000,0,40000,0,170000
Myanmar,MMR,2022,10520000,90000,10000,670000,3130000,0,460000,0,20000,0,210000
Myanmar,MMR,2023,10600000,90000,10000,680000,4480000,0,470000,0,20000,0,230000
Namibia,NAM,1990,2950000,0,0,40000,0,0,0,0,0,0,0
Namibia,NAM,1991,3010000,0,0,40000,0,0,10000,0,0,0,10000
Namibia,NAM,1992,2950000,0,0,40000,0,0,10000,0,0,0,10000
Namibia,NAM,1993,2870000,0,0,40000,0,0,10000,0,0,0,10000
Namibia,NAM,1994,2870000,0,0,50000,0,0,10000,0,0,0,10000
Namibia,NAM,1995,2850000,0,0,50000,0,0,10000,0,0,0,10000
Namibia,NAM,1996,2800000,0,0,50000,0,0,10000,0,0,0,20000
Namibia,NAM,1997,2670000,0,0,50000,0,0,10000,0,0,0,20000
Namibia,NAM,1998,2930000,0,0,50000,10000,0,10000,0,0,0,20000
Namibia,NAM,1999,2910000,0,0,50000,20000,0,10000,0,0,0,20000
Namibia,NAM,2000,3240000,0,0,50000,20000,0,10000,0,0,0,20000
Namibia,NAM,2001,2930000,0,0,50000,0,0,10000,0,0,0,20000
Namibia,NAM,2002,2560000,0,0,50000,0,0,10000,0,0,0,20000
Namibia,NAM,2003,2760000,0,0,50000,0,0,10000,0,0,0,20000
Namibia,NAM,2004,2960000,0,0,50000,0,0,10000,0,0,0,20000
Namibia,NAM,2005,3100000,0,0,60000,0,0,10000,0,0,0,30000
Namibia,NAM,2006,3870000,0,0,60000,0,0,0,0,0,0,30000
Namibia,NAM,2007,3500000,0,0,60000,0,0,0,0,0,0,30000
Namibia,NAM,2008,2570000,0,0,60000,0,0,0,0,0,0,30000
Namibia,NAM,2009,3960000,0,0,60000,0,0,0,0,0,0,30000
Namibia,NAM,2010,3610000,0,0,60000,0,0,0,0,0,0,30000
Namibia,NAM,2011,5950000,0,0,60000,0,0,0,0,0,0,30000
Namibia,NAM,2012,6510000,0,0,60000,0,0,0,0,0,0,30000
Namibia,NAM,2013,3070000,0,0,60000,0,0,0,0,0,0,30000
Namibia,NAM,2014,2570000,0,0,70000,0,0,0,0,0,0,30000
Namibia,NAM,2015,2540000,0,0,70000,0,0,0,0,0,0,40000
Namibia,NAM,2016,2750000,0,0,70000,0,0,0,0,0,0,40000
Namibia,NAM,2017,2800000,0,0,70000,0,0,0,0,0,0,40000
Namibia,NAM,2018,2430000,0,0,70000,0,0,0,0,0,0,40000
Namibia,NAM,2019,1880000,0,0,70000,0,0,0,0,0,0,40000
Namibia,NAM,2020,3260000,0,0,80000,0,0,0,0,0,0,30000
Namibia,NAM,2021,3440000,0,0,80000,0,0,0,0,0,0,30000
Namibia,NAM,2022,2730000,0,0,80000,0,0,0,0,0,0,30000
Namibia,NAM,2023,2980000,0,0,80000,0,0,0,0,0,0,30000
Nauru,NRU,1990,0,0,0,0,0,0,,,0,0,0
Nauru,NRU,1991,0,0,0,0,0,0,,,0,0,0
Nauru,NRU,1992,0,0,0,0,0,0,,,0,0,0
Nauru,NRU,1993,0,0,0,0,0,0,,,0,0,0
Nauru,NRU,1994,0,0,0,0,0,0,,,0,0,0
Nauru,NRU,1995,0,0,0,0,0,0,,,0,0,0
Nauru,NRU,1996,0,0,0,0,0,0,,,0,0,0
Nauru,NRU,1997,0,0,0,0,0,0,,,0,0,0
Nauru,NRU,1998,0,0,0,0,0,0,,,0,0,0
Nauru,NRU,1999,0,0,0,0,0,0,,,0,0,0
Nauru,NRU,2000,0,0,0,0,0,0,,,0,0,0
Nauru,NRU,2001,0,0,0,0,0,0,,,0,0,0
Nauru,NRU,2002,0,0,0,0,0,0,,,,0,0
Nauru,NRU,2003,0,0,0,0,0,0,,,,0,0
Nauru,NRU,2004,0,0,0,0,0,0,,,,0,0
Nauru,NRU,2005,0,0,0,0,0,0,,,,0,0
Nauru,NRU,2006,0,0,0,0,0,0,,,,0,0
Nauru,NRU,2007,0,0,0,0,0,0,0,,,0,0
Nauru,NRU,2008,0,0,0,0,0,0,0,,,0,0
Nauru,NRU,2009,0,0,0,0,0,0,0,,,0,0
Nauru,NRU,2010,0,0,0,0,0,0,0,,,0,0
Nauru,NRU,2011,0,0,0,0,0,0,0,,,0,0
Nauru,NRU,2012,0,0,0,0,0,0,0,,,0,0
Nauru,NRU,2013,0,0,0,0,0,0,0,,,0,0
Nauru,NRU,2014,0,0,0,0,0,0,0,,,0,0
Nauru,NRU,2015,0,0,0,0,0,0,0,,,0,0
Nauru,NRU,2016,0,0,0,0,0,0,0,,,0,0
Nauru,NRU,2017,0,0,0,0,0,0,0,,,0,0
Nauru,NRU,2018,0,0,0,0,0,0,0,,,0,0
Nauru,NRU,2019,0,0,0,0,0,0,0,,,0,0
Nauru,NRU,2020,0,0,0,0,0,0,0,,,0,0
Nauru,NRU,2021,0,0,0,0,0,0,0,,,0,0
Nauru,NRU,2022,0,0,0,0,0,0,0,,,0,0
Nauru,NRU,2023,0,0,0,0,0,0,0,,,0,0
Nepal,NPL,1990,2990000,0,0,259999,370000,0,240000,0,0,0,10000
Nepal,NPL,1991,2970000,0,0,270000,370000,0,240000,0,0,0,10000
Nepal,NPL,1992,3050000,0,0,280000,370000,0,250000,0,0,0,10000
Nepal,NPL,1993,3000000,0,0,280000,370000,0,259999,0,0,0,10000
Nepal,NPL,1994,3180000,0,0,290000,370000,0,259999,0,0,0,10000
Nepal,NPL,1995,3280000,0,0,300000,370000,0,270000,0,0,0,10000
Nepal,NPL,1996,3340000,0,0,300000,80000,0,270000,0,0,0,10000
Nepal,NPL,1997,3400000,0,0,300000,60000,0,280000,0,0,0,10000
Nepal,NPL,1998,3500000,0,0,310000,100000,0,290000,0,0,0,10000
Nepal,NPL,1999,3430000,0,0,310000,140000,0,290000,0,10000,0,10000
Nepal,NPL,2000,3400000,0,0,320000,100000,0,310000,0,10000,0,10000
Nepal,NPL,2001,3430000,0,0,320000,230000,0,320000,0,10000,0,10000
Nepal,NPL,2002,3320000,0,0,330000,50000,0,330000,0,0,0,10000
Nepal,NPL,2003,3320000,0,0,350000,430000,0,330000,0,10000,0,10000
Nepal,NPL,2004,3380000,0,0,360000,340000,0,340000,0,10000,0,10000
Nepal,NPL,2005,3400000,0,0,360000,340000,0,350000,0,10000,0,10000
Nepal,NPL,2006,3450000,0,0,370000,210000,0,350000,0,0,0,10000
Nepal,NPL,2007,3540000,0,0,380000,140000,0,360000,0,10000,0,10000
Nepal,NPL,2008,3640000,0,0,390000,290000,0,370000,0,10000,0,20000
Nepal,NPL,2009,3830000,0,0,400000,430000,0,370000,0,10000,0,30000
Nepal,NPL,2010,4020000,0,0,420000,519999,0,380000,0,10000,0,30000
Nepal,NPL,2011,4250000,0,0,430000,310000,0,380000,0,10000,0,30000
Nepal,NPL,2012,4270000,0,0,440000,519999,0,330000,0,30000,0,30000
Nepal,NPL,2013,4530000,0,0,450000,560000,0,370000,0,40000,0,30000
Nepal,NPL,2014,4660000,0,0,460000,540000,0,370000,0,40000,0,30000
Nepal,NPL,2015,4680000,0,0,470000,70000,0,380000,0,40000,0,30000
Nepal,NPL,2016,4910000,0,0,480000,1330000,0,380000,0,40000,0,50000
Nepal,NPL,2017,4820000,0,0,490000,320000,0,390000,0,50000,0,60000
Nepal,NPL,2018,5140000,0,0,510000,220000,0,400000,0,50000,0,70000
Nepal,NPL,2019,5200000,0,0,530000,710000,0,400000,0,50000,0,40000
Nepal,NPL,2020,5350000,0,0,540000,110000,0,410000,0,60000,0,70000
Nepal,NPL,2021,5370000,0,0,550000,710000,0,370000,0,80000,0,70000
Nepal,NPL,2022,5100000,0,0,560000,240000,0,310000,0,70000,0,60000
Nepal,NPL,2023,4370000,0,0,570000,620000,0,310000,0,70000,0,60000
Netherlands,NLD,1990,8040000,6490000,10000,730000,0,0,30000,10000,30000,280000,420000
Netherlands,NLD,1991,8080000,6490000,10000,740000,0,0,30000,10000,30000,290000,430000
Netherlands,NLD,1992,8050000,6540000,10000,730000,0,0,30000,10000,30000,290000,460000
Netherlands,NLD,1993,7870000,6960000,10000,740000,0,0,30000,10000,20000,280000,470000
Netherlands,NLD,1994,7920000,6810000,10000,740000,0,0,30000,10000,20000,290000,470000
Netherlands,NLD,1995,7880000,6480000,10000,720000,0,0,30000,10000,20000,300000,480000
Netherlands,NLD,1996,7820000,6490000,10000,710000,0,0,30000,10000,20000,310000,500000
Netherlands,NLD,1997,7610000,6420000,10000,710000,0,0,30000,10000,20000,330000,500000
Netherlands,NLD,1998,7350000,6430000,10000,710000,0,0,30000,10000,20000,330000,510000
Netherlands,NLD,1999,7380000,6130000,10000,700000,0,0,30000,10000,20000,340000,519999
Netherlands,NLD,2000,7030000,6250000,10000,690000,0,0,30000,10000,20000,360000,519999
Netherlands,NLD,2001,6960000,5700000,10000,700000,0,0,30000,10000,20000,380000,530000
Netherlands,NLD,2002,6730000,5450000,10000,690000,0,0,30000,10000,20000,380000,540000
Netherlands,NLD,2003,6570000,5500000,10000,670000,0,0,30000,10000,20000,360000,550000
Netherlands,NLD,2004,6640000,6020000,10000,670000,0,0,40000,10000,20000,390000,560000
Netherlands,NLD,2005,6580000,6050000,10000,660000,0,0,40000,10000,20000,420000,560000
Netherlands,NLD,2006,6580000,6010000,10000,660000,0,0,40000,10000,20000,440000,580000
Netherlands,NLD,2007,6380000,4850000,10000,680000,0,0,40000,10000,20000,450000,630000
Netherlands,NLD,2008,6480000,1620000,10000,690000,0,0,40000,10000,20000,440000,620000
Netherlands,NLD,2009,6470000,1680000,10000,670000,0,0,40000,10000,20000,390000,610000
Netherlands,NLD,2010,6470000,1440000,10000,670000,0,0,40000,10000,20000,380000,590000
Netherlands,NLD,2011,6380000,1440000,10000,680000,0,0,40000,10000,20000,400000,620000
Netherlands,NLD,2012,6450000,1450000,10000,680000,0,0,40000,10000,20000,370000,590000
Netherlands,NLD,2013,6370000,1450000,10000,670000,0,0,40000,10000,20000,360000,560000
Netherlands,NLD,2014,6580000,1510000,10000,680000,0,0,30000,10000,20000,360000,540000
Netherlands,NLD,2015,6830000,1510000,10000,680000,0,0,30000,10000,20000,340000,530000
Netherlands,NLD,2016,6710000,1330000,10000,710000,0,0,30000,10000,20000,340000,519999
Netherlands,NLD,2017,6530000,1400000,10000,710000,0,0,40000,10000,20000,340000,550000
Netherlands,NLD,2018,6210000,1280000,10000,720000,0,0,40000,10000,20000,330000,590000
Netherlands,NLD,2019,6240000,1280000,10000,720000,0,0,40000,10000,20000,340000,600000
Netherlands,NLD,2020,6210000,1170000,10000,710000,0,0,40000,10000,20000,310000,510000
Netherlands,NLD,2021,6100000,1160000,10000,710000,0,0,40000,10000,20000,300000,530000
Netherlands,NLD,2022,5980000,1160000,10000,710000,0,0,30000,10000,20000,320000,519999
Netherlands,NLD,2023,5960000,1160000,10000,720000,0,0,30000,10000,20000,310000,540000
New Zealand,NZL,1990,12870000,190000,0,70000,0,30000,10000,0,20000,20000,160000
New Zealand,NZL,1991,12650000,190000,0,80000,0,30000,10000,0,20000,20000,160000
New Zealand,NZL,1992,12490000,160000,0,80000,0,30000,10000,0,20000,20000,170000
New Zealand,NZL,1993,12390000,150000,0,80000,0,30000,10000,0,20000,20000,180000
New Zealand,NZL,1994,12770000,200000,0,80000,0,20000,10000,0,20000,20000,190000
New Zealand,NZL,1995,13110000,170000,0,80000,0,20000,10000,0,20000,20000,200000
New Zealand,NZL,1996,12710000,160000,0,80000,0,20000,10000,0,20000,20000,200000
New Zealand,NZL,1997,12640000,170000,0,80000,0,20000,10000,0,20000,20000,210000
New Zealand,NZL,1998,12350000,180000,0,80000,0,20000,10000,0,20000,20000,210000
New Zealand,NZL,1999,12690000,200000,0,90000,0,30000,10000,0,30000,20000,220000
New Zealand,NZL,2000,12600000,200000,0,90000,0,30000,10000,0,30000,20000,230000
New Zealand,NZL,2001,12730000,210000,0,90000,0,20000,10000,0,30000,20000,220000
New Zealand,NZL,2002,12990000,190000,0,90000,0,20000,10000,0,40000,20000,230000
New Zealand,NZL,2003,13300000,210000,0,90000,0,20000,10000,0,40000,20000,240000
New Zealand,NZL,2004,13310000,200000,0,90000,0,20000,10000,0,40000,20000,250000
New Zealand,NZL,2005,13370000,170000,0,90000,0,20000,10000,0,40000,20000,240000
New Zealand,NZL,2006,13200000,129999,0,90000,0,20000,10000,0,40000,20000,250000
New Zealand,NZL,2007,13060000,170000,0,90000,0,20000,10000,0,40000,20000,250000
New Zealand,NZL,2008,12680000,170000,0,90000,0,20000,10000,0,30000,20000,250000
New Zealand,NZL,2009,12480000,190000,0,90000,0,20000,10000,0,30000,20000,250000
New Zealand,NZL,2010,12680000,190000,0,90000,0,20000,10000,0,30000,20000,250000
New Zealand,NZL,2011,12760000,140000,0,90000,0,20000,10000,0,30000,20000,250000
New Zealand,NZL,2012,12870000,190000,0,90000,0,20000,10000,0,30000,30000,250000
New Zealand,NZL,2013,12850000,140000,0,90000,0,20000,10000,0,30000,30000,250000
New Zealand,NZL,2014,13060000,180000,0,100000,0,20000,10000,0,30000,30000,250000
New Zealand,NZL,2015,12890000,150000,0,100000,0,20000,10000,0,30000,30000,259999
New Zealand,NZL,2016,12820000,150000,0,100000,0,20000,10000,0,30000,30000,259999
New Zealand,NZL,2017,12850000,160000,0,100000,0,20000,10000,0,30000,30000,280000
New Zealand,NZL,2018,12880000,170000,0,100000,0,20000,10000,0,30000,40000,270000
New Zealand,NZL,2019,12810000,180000,0,110000,0,20000,10000,0,30000,40000,259999
New Zealand,NZL,2020,12770000,170000,0,110000,0,20000,10000,0,30000,20000,240000
New Zealand,NZL,2021,12620000,180000,0,110000,0,20000,10000,0,30000,10000,250000
New Zealand,NZL,2022,12160000,180000,0,110000,0,20000,10000,0,40000,20000,250000
New Zealand,NZL,2023,11650000,190000,0,110000,0,20000,10000,0,30000,30000,250000
Nicaragua,NIC,1990,1740000,0,0,40000,50000,0,40000,0,0,0,10000
Nicaragua,NIC,1991,1420000,0,0,40000,50000,0,40000,0,10000,0,10000
Nicaragua,NIC,1992,1540000,0,0,50000,50000,0,40000,0,0,0,20000
Nicaragua,NIC,1993,1670000,0,0,50000,50000,0,40000,0,0,0,20000
Nicaragua,NIC,1994,1610000,0,0,50000,50000,0,40000,0,0,0,20000
Nicaragua,NIC,1995,1510000,0,0,50000,50000,0,40000,0,0,0,20000
Nicaragua,NIC,1996,1440000,0,0,50000,30000,0,40000,0,10000,0,20000
Nicaragua,NIC,1997,1510000,0,0,50000,50000,0,40000,0,10000,0,20000
Nicaragua,NIC,1998,1500000,0,0,60000,170000,0,40000,0,10000,0,20000
Nicaragua,NIC,1999,1690000,0,0,60000,40000,0,40000,0,10000,0,20000
Nicaragua,NIC,2000,1730000,0,0,60000,50000,0,40000,0,10000,0,20000
Nicaragua,NIC,2001,1730000,0,0,60000,10000,0,40000,0,0,0,20000
Nicaragua,NIC,2002,1890000,0,0,70000,0,0,40000,0,0,0,20000
Nicaragua,NIC,2003,2060000,0,0,70000,100000,0,40000,0,0,0,20000
Nicaragua,NIC,2004,1920000,0,0,70000,10000,0,40000,0,0,0,20000
Nicaragua,NIC,2005,2089999,0,0,70000,120000,0,40000,0,0,0,20000
Nicaragua,NIC,2006,2079999,0,0,80000,20000,0,40000,0,0,0,20000
Nicaragua,NIC,2007,2069999,0,0,80000,10000,0,40000,0,0,0,30000
Nicaragua,NIC,2008,2050000,0,0,80000,20000,0,40000,0,0,0,20000
Nicaragua,NIC,2009,2120000,0,0,80000,10000,0,40000,0,0,0,20000
Nicaragua,NIC,2010,2150000,0,0,80000,50000,0,40000,0,0,0,30000
Nicaragua,NIC,2011,2380000,0,0,80000,30000,0,40000,0,0,0,30000
Nicaragua,NIC,2012,2510000,0,0,80000,10000,0,40000,0,0,0,30000
Nicaragua,NIC,2013,2490000,0,0,80000,50000,0,40000,0,0,0,30000
Nicaragua,NIC,2014,2680000,0,0,90000,60000,0,40000,0,0,0,30000
Nicaragua,NIC,2015,2760000,0,0,90000,30000,0,40000,0,0,0,30000
Nicaragua,NIC,2016,2830000,0,0,90000,60000,0,40000,0,0,0,40000
Nicaragua,NIC,2017,2870000,0,0,90000,10000,0,50000,0,0,0,40000
Nicaragua,NIC,2018,2790000,0,0,100000,50000,0,50000,0,0,0,30000
Nicaragua,NIC,2019,2860000,0,0,100000,60000,0,50000,0,0,0,40000
Nicaragua,NIC,2020,2980000,0,0,100000,100000,0,50000,0,0,0,40000
Nicaragua,NIC,2021,2950000,0,0,110000,10000,0,50000,0,0,0,40000
Nicaragua,NIC,2022,2930000,0,0,110000,10000,0,50000,0,0,0,40000
Nicaragua,NIC,2023,3160000,0,0,110000,180000,0,50000,0,0,0,40000
Niger,NER,1990,3150000,0,0,20000,30000,0,50000,0,0,0,0
Niger,NER,1991,3270000,0,0,50000,30000,0,60000,0,0,0,0
Niger,NER,1992,3430000,0,0,70000,30000,0,60000,0,0,0,0
Niger,NER,1993,3550000,0,0,100000,30000,0,60000,0,0,0,0
Niger,NER,1994,3670000,0,0,120000,30000,0,60000,0,0,0,0
Niger,NER,1995,3850000,0,0,140000,30000,0,60000,0,0,0,0
Niger,NER,1996,4010000,0,0,170000,30000,0,70000,0,0,0,0
Niger,NER,1997,4100000,0,0,190000,20000,0,80000,0,0,0,0
Niger,NER,1998,4360000,0,0,220000,50000,0,90000,0,0,0,0
Niger,NER,1999,4550000,0,0,240000,20000,0,90000,0,0,0,0
Niger,NER,2000,4730000,0,0,270000,30000,0,50000,0,0,0,10000
Niger,NER,2001,4990000,0,0,270000,0,0,50000,0,0,0,10000
Niger,NER,2002,5180000,0,0,270000,0,0,60000,0,0,0,10000
Niger,NER,2003,5390000,0,0,270000,0,0,60000,0,0,0,10000
Niger,NER,2004,5570000,0,0,270000,0,0,60000,0,0,0,10000
Niger,NER,2005,5870000,0,0,270000,0,0,60000,0,0,0,10000
Niger,NER,2006,6120000,0,0,270000,0,0,60000,0,0,0,10000
Niger,NER,2007,6400000,0,0,270000,0,0,70000,0,0,0,10000
Niger,NER,2008,6730000,0,0,270000,0,0,70000,0,0,0,10000
Niger,NER,2009,6970000,0,0,280000,0,0,70000,0,0,0,10000
Niger,NER,2010,6910000,0,0,300000,0,0,70000,0,0,0,10000
Niger,NER,2011,7090000,0,0,310000,0,0,60000,0,0,0,10000
Niger,NER,2012,7560000,0,0,320000,0,0,60000,0,0,0,20000
Niger,NER,2013,7880000,0,0,330000,0,0,90000,0,0,0,20000
Niger,NER,2014,8310000,0,0,350000,0,0,90000,0,0,0,20000
Niger,NER,2015,8620000,0,0,370000,0,0,90000,0,0,0,20000
Niger,NER,2016,9090000,0,0,380000,0,0,100000,0,0,0,20000
Niger,NER,2017,9500000,0,0,400000,0,0,100000,0,0,0,20000
Niger,NER,2018,10000000,0,0,420000,0,0,110000,0,0,0,20000
Niger,NER,2019,10410000,0,0,430000,0,0,110000,0,0,0,20000
Niger,NER,2020,10910000,0,0,440000,0,0,120000,0,0,0,20000
Niger,NER,2021,11430000,0,0,460000,0,0,120000,0,0,0,20000
Niger,NER,2022,11980000,0,0,480000,0,0,129999,0,0,0,30000
Niger,NER,2023,11470000,0,0,500000,0,0,129999,0,0,0,40000
Nigeria,NGA,1990,14380000,430000,0,1030000,580000,0,550000,0,30000,10000,230000
Nigeria,NGA,1991,14610000,420000,0,1050000,580000,0,550000,0,30000,20000,300000
Nigeria,NGA,1992,14850000,430000,0,1080000,580000,0,560000,10000,40000,20000,360000
Nigeria,NGA,1993,15340000,390000,0,1110000,580000,0,560000,10000,40000,20000,310000
Nigeria,NGA,1994,15580000,220000,0,1140000,580000,0,560000,0,50000,20000,250000
Nigeria,NGA,1995,15610000,180000,0,1170000,580000,0,570000,0,50000,20000,280000
Nigeria,NGA,1996,16520000,150000,0,1200000,2790000,0,590000,0,60000,20000,320000
Nigeria,NGA,1997,16990000,50000,0,1230000,2370000,0,600000,0,60000,20000,410000
Nigeria,NGA,1998,18310000,90000,10000,1260000,2790000,0,610000,0,70000,20000,330000
Nigeria,NGA,1999,18430000,90000,0,1290000,2360000,0,620000,10000,80000,20000,380000
Nigeria,NGA,2000,18620000,0,0,1330000,2620000,0,640000,0,90000,10000,420000
Nigeria,NGA,2001,18390000,0,0,1360000,330000,0,650000,10000,100000,10000,500000
Nigeria,NGA,2002,18590000,0,0,1420000,180000,0,660000,10000,110000,10000,540000
Nigeria,NGA,2003,19440000,0,0,1480000,310000,0,670000,0,120000,10000,560000
Nigeria,NGA,2004,19490000,0,0,1560000,120000,0,680000,0,140000,10000,570000
Nigeria,NGA,2005,21200000,0,10000,1630000,270000,0,690000,10000,150000,10000,560000
Nigeria,NGA,2006,21060000,0,10000,1690000,200000,0,690000,10000,170000,10000,490000
Nigeria,NGA,2007,20500000,0,10000,1740000,160000,0,700000,0,190000,10000,450000
Nigeria,NGA,2008,20910000,0,10000,1790000,150000,0,710000,10000,220000,30000,530000
Nigeria,NGA,2009,20240000,10000,0,1840000,70000,0,730000,0,240000,20000,500000
Nigeria,NGA,2010,21990000,40000,10000,1870000,100000,0,760000,10000,270000,20000,610000
Nigeria,NGA,2011,22670000,80000,10000,1910000,100000,0,780000,10000,300000,20000,670000
Nigeria,NGA,2012,23430000,210000,20000,1960000,110000,0,840000,10000,340000,20000,750000
Nigeria,NGA,2013,24140000,140000,20000,2000000,200000,0,830000,10000,320000,20000,910000
Nigeria,NGA,2014,24490000,100000,20000,2060000,120000,0,850000,10000,190000,20000,1000000
Nigeria,NGA,2015,24480000,150000,20000,2110000,80000,0,870000,10000,190000,20000,910000
Nigeria,NGA,2016,26180000,150000,0,2180000,150000,0,890000,10000,200000,20000,1020000
Nigeria,NGA,2017,27070000,150000,0,2220000,90000,0,910000,10000,190000,20000,1020000
Nigeria,NGA,2018,27310000,160000,0,2240000,30000,0,940000,10000,200000,20000,1090000
Nigeria,NGA,2019,27960000,160000,0,2260000,120000,0,960000,10000,200000,20000,1170000
Nigeria,NGA,2020,29500000,160000,0,2290000,430000,0,1000000,10000,200000,10000,1010000
Nigeria,NGA,2021,29040000,170000,0,2340000,150000,0,1050000,0,210000,20000,1140000
Nigeria,NGA,2022,27850000,170000,0,2400000,120000,0,1070000,0,210000,20000,1220000
Nigeria,NGA,2023,27440000,170000,0,2450000,160000,0,1090000,0,210000,20000,1090000
Niue,NIU,1990,0,0,,0,0,0,,,,0,0
Niue,NIU,1991,0,0,,0,0,0,,,,0,0
Niue,NIU,1992,0,0,,0,0,0,,,,0,0
Niue,NIU,1993,0,0,,0,0,0,,,,0,0
Niue,NIU,1994,0,0,,0,0,0,,,,0,0
Niue,NIU,1995,0,0,,0,0,0,,,,0,0
Niue,NIU,1996,0,0,,0,0,0,,,,0,0
Niue,NIU,1997,0,0,,0,0,0,,,,0,0
Niue,NIU,1998,0,0,,0,0,0,,,,0,0
Niue,NIU,1999,0,0,,0,0,0,,,,0,0
Niue,NIU,2000,0,0,,0,0,0,,,,0,0
Niue,NIU,2001,0,0,,0,0,0,,,,0,0
Niue,NIU,2002,0,0,,0,0,0,,,,0,0
Niue,NIU,2003,0,0,,0,0,0,0,,,0,0
Niue,NIU,2004,0,0,,0,0,0,0,,,0,0
Niue,NIU,2005,0,0,,0,0,0,0,,,0,0
Niue,NIU,2006,0,0,,0,0,0,0,,,0,0
Niue,NIU,2007,0,0,,0,0,0,0,,,0,0
Niue,NIU,2008,0,0,,0,0,0,0,,,0,0
Niue,NIU,2009,0,0,0,0,0,0,0,,0,0,0
Niue,NIU,2010,0,0,0,0,0,0,0,,0,0,0
Niue,NIU,2011,0,0,0,0,0,0,0,,0,0,0
Niue,NIU,2012,0,0,0,0,0,0,0,,0,0,0
Niue,NIU,2013,0,0,0,0,0,0,0,,0,0,0
Niue,NIU,2014,0,0,0,0,0,0,0,,0,0,0
Niue,NIU,2015,0,0,0,0,0,0,0,,0,0,0
Niue,NIU,2016,0,0,0,0,0,0,0,,0,0,0
Niue,NIU,2017,0,0,0,0,0,0,0,,0,0,0
Niue,NIU,2018,0,0,0,0,0,0,0,,0,0,0
Niue,NIU,2019,0,0,0,0,0,0,0,,0,0,0
Niue,NIU,2020,0,0,0,0,0,0,0,,0,0,0
Niue,NIU,2021,0,0,0,0,0,0,0,,0,0,0
Niue,NIU,2022,0,0,0,0,0,0,0,,0,0,0
Niue,NIU,2023,0,0,0,0,0,0,0,,0,0,0
North America,OWID_NAM,1990,210520000,40870000,630000,17530000,3350000,540000,1420000,240000,2150000,1020000,32690000
North America,OWID_NAM,1991,205760000,39880000,730000,17970000,3350000,460000,1430000,260000,2100000,1080000,32140000
North America,OWID_NAM,1992,210800000,37900000,780000,18390000,3350000,600000,1420000,260000,2019999,1140000,33050000
North America,OWID_NAM,1993,211930000,38710000,120000,18800000,3350000,620000,2050000,260000,1820000,1050000,33600000
North America,OWID_NAM,1994,216250000,40690000,130000,19450000,3350000,640000,2030000,260000,1870000,1050000,34870000
North America,OWID_NAM,1995,214410000,44290000,130000,19780000,3350000,650000,2070000,270000,1900000,1120000,35490000
North America,OWID_NAM,1996,220670000,45570000,130000,20170000,3890000,670000,2110000,270000,1900000,1110000,36130000
North America,OWID_NAM,1997,220040000,38030000,130000,20350000,2410000,640000,1920000,270000,2020000,1060000,36640000
North America,OWID_NAM,1998,222170000,29820000,130000,20890000,8510000,650000,1940000,280000,2090000,1100000,37390000
North America,OWID_NAM,1999,219750000,26300000,160000,21580000,4710000,610000,1860000,270000,2970000,1220000,38270000
North America,OWID_NAM,2000,216460000,25540000,170000,21960000,4260000,650000,1810000,270000,3090000,1270000,39120000
North America,OWID_NAM,2001,215350000,22180000,150000,21860000,800000,670000,1700000,270000,2800000,1020000,39270000
North America,OWID_NAM,2002,214560000,23370000,130000,22120000,1980000,640000,1670000,290000,2570000,1200000,40260000
North America,OWID_NAM,2003,222870000,23030000,120000,22450000,5200000,640000,1850000,290000,2690000,1070000,41120000
North America,OWID_NAM,2004,220770000,23180000,140000,22780000,1490000,600000,1890000,280000,2900000,1250000,42140000
North America,OWID_NAM,2005,222420000,26350000,180000,22800000,3340000,630000,1950000,290000,2900000,1340000,43100000
North America,OWID_NAM,2006,224520000,26180000,190000,23250000,2150000,650000,1800000,290000,3120000,1400000,44230000
North America,OWID_NAM,2007,228470000,29830000,180000,23470000,2300000,660000,1880000,300000,2930000,1460000,44990000
North America,OWID_NAM,2008,221440000,21680000,180000,23430000,2330000,720000,1920000,280000,2780000,1390000,43470000
North America,OWID_NAM,2009,224990000,18440000,170000,23320000,2210000,700000,1910000,290000,2440000,1270000,41820000
North America,OWID_NAM,2010,228360000,21420000,220000,23540000,1680000,660000,1980000,290000,2610000,1320000,43460000
North America,OWID_NAM,2011,235660000,26280000,220000,23850000,3090000,700000,1930000,320000,2520000,1320000,43540000
North America,OWID_NAM,2012,235019984,21220000,200000,24510000,1879999,650000,1780000,330000,2440000,1140000,43080000
North America,OWID_NAM,2013,237000000,20400000,200000,24810000,3140000,640000,1990000,330000,2490000,1150000,44660000
North America,OWID_NAM,2014,235410000,22000000,210000,25060000,1570000,730000,2030000,330000,2460000,1150000,44730000
North America,OWID_NAM,2015,234520000,21560000,210000,25130000,3660000,680000,1880000,320000,2430000,1210000,46220000
North America,OWID_NAM,2016,240350016,22760000,200000,25860000,2310000,660000,1790000,320000,2350000,1320000,46980000
North America,OWID_NAM,2017,239230000,22220000,200000,26520000,3250000,640000,1740000,300000,2470000,1420000,46980000
North America,OWID_NAM,2018,243070000,25170000,210000,27070000,3410000,660000,1890000,310000,2600000,1360000,48010000
North America,OWID_NAM,2019,239100000,20820000,210000,27290000,2900000,650000,1960000,320000,2560000,1460000,47800000
North America,OWID_NAM,2020,245520000,22970000,190000,26950000,4680000,600000,1850000,270000,2380000,880000,40880000
North America,OWID_NAM,2021,242480000,21870000,200000,26990000,4070000,610000,1870000,290000,2410000,1040000,44610000
North America,OWID_NAM,2022,235520000,18230000,220000,28130000,2140000,590000,1970000,300000,2360000,1160000,46270000
North America,OWID_NAM,2023,243100000,24880000,240000,27870000,8760000,550000,1980000,300000,2370000,1210000,46890000
North Korea,PRK,1990,4990000,1050000,70000,270000,40000,0,0,0,290000,0,100000
North Korea,PRK,1991,5070000,1050000,70000,270000,40000,0,0,0,259999,0,70000
North Korea,PRK,1992,4960000,980000,70000,270000,40000,0,0,0,250000,0,60000
North Korea,PRK,1993,4830000,960000,70000,270000,40000,0,0,0,230000,0,50000
North Korea,PRK,1994,2890000,450000,70000,270000,40000,0,0,0,210000,0,40000
North Korea,PRK,1995,1460000,100000,60000,270000,40000,0,0,0,190000,0,40000
North Korea,PRK,1996,1220000,90000,60000,270000,40000,0,0,0,170000,0,40000
North Korea,PRK,1997,1620000,100000,60000,270000,140000,0,0,0,160000,0,20000
North Korea,PRK,1998,1650000,90000,60000,270000,50000,0,0,0,150000,0,40000
North Korea,PRK,1999,1840000,90000,60000,270000,30000,0,0,0,170000,0,20000
North Korea,PRK,2000,1940000,40000,60000,270000,40000,0,0,0,180000,0,30000
North Korea,PRK,2001,2140000,10000,60000,270000,40000,0,0,0,190000,0,30000
North Korea,PRK,2002,1550000,0,60000,270000,10000,0,0,0,180000,0,30000
North Korea,PRK,2003,1450000,0,60000,259999,10000,0,0,0,180000,0,30000
North Korea,PRK,2004,1730000,90000,60000,259999,200000,0,0,0,190000,0,30000
North Korea,PRK,2005,1690000,80000,60000,259999,50000,0,0,0,200000,0,20000
North Korea,PRK,2006,1840000,80000,60000,259999,20000,0,0,0,200000,0,20000
North Korea,PRK,2007,1610000,80000,60000,259999,0,0,0,0,160000,0,20000
North Korea,PRK,2008,1650000,80000,60000,259999,30000,0,0,0,180000,0,20000
North Korea,PRK,2009,1800000,80000,60000,259999,129999,0,0,0,170000,0,20000
North Korea,PRK,2010,1950000,80000,60000,259999,10000,0,0,0,160000,0,20000
North Korea,PRK,2011,2180000,80000,50000,259999,60000,0,0,0,110000,0,20000
North Korea,PRK,2012,1950000,80000,50000,259999,10000,0,0,0,110000,0,20000
North Korea,PRK,2013,1970000,80000,40000,259999,10000,0,0,0,70000,0,20000
North Korea,PRK,2014,1840000,80000,40000,259999,190000,0,0,0,80000,0,20000
North Korea,PRK,2015,1720000,80000,40000,259999,40000,0,0,0,50000,0,20000
North Korea,PRK,2016,1920000,80000,40000,270000,0,0,0,0,50000,0,20000
North Korea,PRK,2017,1870000,80000,40000,270000,10000,0,30000,0,150000,0,20000
North Korea,PRK,2018,2160000,80000,40000,270000,40000,0,30000,0,129999,0,20000
North Korea,PRK,2019,1630000,90000,40000,270000,40000,0,30000,0,150000,0,20000
North Korea,PRK,2020,1380000,90000,40000,270000,0,0,30000,0,140000,0,20000
North Korea,PRK,2021,1320000,90000,40000,270000,0,0,30000,0,110000,0,20000
North Korea,PRK,2022,1190000,90000,40000,270000,0,0,30000,0,120000,0,20000
North Korea,PRK,2023,1280000,90000,40000,270000,0,0,30000,0,129999,0,20000
North Macedonia,MKD,1990,760000,0,0,50000,0,0,0,0,0,0,20000
North Macedonia,MKD,1991,690000,0,0,50000,0,0,0,0,0,0,20000
North Macedonia,MKD,1992,460000,0,0,50000,0,0,10000,0,0,0,20000
North Macedonia,MKD,1993,460000,0,0,50000,0,0,10000,0,0,0,40000
North Macedonia,MKD,1994,680000,20000,0,40000,0,0,10000,0,0,0,20000
North Macedonia,MKD,1995,620000,10000,0,40000,0,0,10000,0,0,0,20000
North Macedonia,MKD,1996,630000,10000,0,40000,0,0,10000,0,0,0,30000
North Macedonia,MKD,1997,580000,10000,0,50000,0,0,10000,0,0,0,30000
North Macedonia,MKD,1998,540000,10000,0,50000,0,0,10000,0,0,0,20000
North Macedonia,MKD,1999,500000,10000,0,50000,0,0,10000,0,0,0,20000
North Macedonia,MKD,2000,470000,0,0,50000,10000,0,10000,0,0,0,20000
North Macedonia,MKD,2001,420000,0,0,50000,0,0,10000,0,0,0,20000
North Macedonia,MKD,2002,390000,0,0,50000,0,0,10000,0,0,0,20000
North Macedonia,MKD,2003,400000,0,0,40000,0,0,10000,0,0,0,20000
North Macedonia,MKD,2004,450000,0,0,40000,0,0,10000,0,0,0,20000
North Macedonia,MKD,2005,440000,0,0,40000,0,0,10000,0,0,0,20000
North Macedonia,MKD,2006,440000,0,0,40000,0,0,10000,0,0,0,20000
North Macedonia,MKD,2007,430000,0,0,40000,10000,0,10000,0,0,0,20000
North Macedonia,MKD,2008,410000,0,0,40000,0,0,10000,0,0,0,20000
North Macedonia,MKD,2009,400000,0,0,40000,0,0,10000,0,0,0,20000
North Macedonia,MKD,2010,410000,0,0,40000,0,0,10000,0,0,0,20000
North Macedonia,MKD,2011,410000,0,0,40000,0,0,10000,0,0,0,20000
North Macedonia,MKD,2012,380000,0,0,40000,0,0,10000,0,0,0,20000
North Macedonia,MKD,2013,400000,0,0,40000,0,0,10000,0,0,0,20000
North Macedonia,MKD,2014,410000,0,0,40000,0,0,10000,0,0,0,20000
North Macedonia,MKD,2015,400000,0,0,40000,0,0,10000,0,0,0,30000
North Macedonia,MKD,2016,430000,0,0,40000,0,0,10000,0,0,0,30000
North Macedonia,MKD,2017,420000,0,0,40000,0,0,10000,0,0,0,30000
North Macedonia,MKD,2018,400000,0,0,40000,0,0,10000,0,0,0,30000
North Macedonia,MKD,2019,370000,0,0,40000,0,0,10000,0,0,0,30000
North Macedonia,MKD,2020,400000,0,0,40000,0,0,10000,0,0,0,30000
North Macedonia,MKD,2021,330000,0,0,40000,10000,0,10000,0,0,0,30000
North Macedonia,MKD,2022,310000,0,0,40000,0,0,10000,0,0,0,30000
North Macedonia,MKD,2023,310000,0,0,40000,0,0,10000,0,0,0,40000
Norway,NOR,1990,2490000,1860000,0,40000,0,10000,30000,0,40000,20000,170000
Norway,NOR,1991,2510000,1730000,0,40000,0,10000,20000,0,30000,20000,180000
Norway,NOR,1992,2490000,1260000,0,40000,0,10000,20000,10000,30000,20000,180000
Norway,NOR,1993,2480000,1440000,0,40000,0,10000,30000,10000,30000,20000,190000
Norway,NOR,1994,2490000,1500000,0,40000,0,10000,30000,10000,30000,20000,180000
Norway,NOR,1995,2520000,1510000,0,40000,0,10000,30000,10000,40000,20000,190000
Norway,NOR,1996,2530000,1490000,0,40000,0,10000,30000,10000,40000,30000,190000
Norway,NOR,1997,2530000,1480000,0,40000,0,10000,30000,10000,40000,30000,200000
Norway,NOR,1998,2490000,1550000,0,40000,0,10000,30000,10000,40000,30000,200000
Norway,NOR,1999,2480000,1750000,0,40000,0,10000,30000,10000,50000,30000,200000
Norway,NOR,2000,2470000,1590000,0,40000,0,10000,30000,10000,40000,30000,190000
Norway,NOR,2001,2440000,1540000,0,40000,0,10000,30000,10000,40000,30000,190000
Norway,NOR,2002,2440000,1760000,0,40000,0,10000,30000,10000,30000,20000,190000
Norway,NOR,2003,2470000,1590000,0,40000,0,10000,30000,10000,30000,20000,190000
Norway,NOR,2004,2480000,1720000,10000,40000,0,10000,30000,10000,30000,20000,200000
Norway,NOR,2005,2480000,1800000,10000,40000,0,10000,30000,10000,30000,20000,200000
Norway,NOR,2006,2460000,1530000,0,40000,0,10000,30000,10000,30000,20000,210000
Norway,NOR,2007,2470000,1340000,0,40000,0,10000,30000,10000,30000,20000,220000
Norway,NOR,2008,2480000,960000,0,40000,0,10000,30000,10000,30000,20000,220000
Norway,NOR,2009,2380000,519999,10000,40000,0,10000,30000,10000,30000,20000,220000
Norway,NOR,2010,2350000,480000,0,40000,0,10000,40000,10000,40000,20000,230000
Norway,NOR,2011,2400000,430000,0,40000,0,10000,30000,10000,40000,20000,230000
Norway,NOR,2012,2400000,420000,0,40000,0,10000,30000,10000,30000,20000,230000
Norway,NOR,2013,2400000,380000,0,40000,0,10000,30000,10000,30000,20000,220000
Norway,NOR,2014,2440000,360000,0,40000,0,10000,20000,10000,30000,20000,230000
Norway,NOR,2015,2470000,360000,0,40000,0,10000,20000,10000,30000,20000,230000
Norway,NOR,2016,2490000,300000,0,50000,0,10000,20000,10000,30000,20000,250000
Norway,NOR,2017,2480000,270000,0,50000,0,10000,30000,10000,30000,20000,280000
Norway,NOR,2018,2460000,259999,0,40000,0,10000,20000,10000,30000,20000,250000
Norway,NOR,2019,2500000,250000,0,50000,0,10000,20000,10000,30000,20000,259999
Norway,NOR,2020,2490000,210000,0,50000,0,10000,20000,10000,30000,10000,240000
Norway,NOR,2021,2500000,170000,0,40000,0,10000,30000,10000,30000,10000,240000
Norway,NOR,2022,2520000,170000,0,40000,0,10000,30000,10000,30000,20000,240000
Norway,NOR,2023,2450000,170000,0,50000,0,10000,30000,10000,30000,20000,230000
Oceania,OWID_OCE,1990,79490000,570000,,470000,1750000,70000,100000,10000,160000,70000,1420000
Oceania,OWID_OCE,1991,78870000,580000,,480000,1750000,60000,100000,10000,160000,70000,1380000
Oceania,OWID_OCE,1992,77060000,510000,,490000,1750000,60000,100000,10000,140000,70000,1400000
Oceania,OWID_OCE,1993,76620000,510000,,490000,1750000,60000,120000,10000,160000,70000,1420000
Oceania,OWID_OCE,1994,77720000,550000,,520000,1750000,50000,100000,10000,160000,80000,1450000
Oceania,OWID_OCE,1995,76500000,570000,,500000,1750000,50000,100000,10000,170000,80000,1480000
Oceania,OWID_OCE,1996,72200000,540000,,510000,1790000,50000,100000,10000,200000,90000,1510000
Oceania,OWID_OCE,1997,72000000,520000,,510000,5920000,40000,100000,10000,210000,90000,1540000
Oceania,OWID_OCE,1998,74920000,590000,,510000,2100000,40000,100000,10000,200000,90000,1540000
Oceania,OWID_OCE,1999,90430000,630000,,520000,2600000,50000,100000,10000,210000,90000,1590000
Oceania,OWID_OCE,2000,97550000,730000,10000,520000,1080000,60000,100000,10000,220000,90000,1640000
Oceania,OWID_OCE,2001,106440000,730000,10000,550000,1410000,50000,100000,10000,210000,100000,1600000
Oceania,OWID_OCE,2002,100410000,640000,10000,550000,2230000,50000,110000,10000,220000,80000,1630000
Oceania,OWID_OCE,2003,65080000,670000,10000,560000,3360000,40000,100000,20000,180000,80000,1670000
Oceania,OWID_OCE,2004,85740000,750000,10000,550000,630000,40000,90000,20000,190000,90000,1760000
Oceania,OWID_OCE,2005,65680000,640000,,570000,360000,40000,80000,20000,190000,100000,1740000
Oceania,OWID_OCE,2006,82270000,590000,,590000,2770000,40000,80000,20000,190000,100000,1760000
Oceania,OWID_OCE,2007,78020000,610000,,600000,1030000,40000,80000,20000,190000,110000,1810000
Oceania,OWID_OCE,2008,63360000,640000,,630000,220000,40000,80000,20000,180000,110000,1870000
Oceania,OWID_OCE,2009,66870000,690000,10000,650000,1610000,50000,80000,20000,190000,100000,1890000
Oceania,OWID_OCE,2010,56780000,660000,10000,680000,280000,50000,80000,20000,210000,110000,1910000
Oceania,OWID_OCE,2011,103470000,680000,10000,700000,610000,40000,80000,20000,220000,110000,1960000
Oceania,OWID_OCE,2012,103780000,690000,10000,700000,930000,50000,80000,30000,220000,120000,1990000
Oceania,OWID_OCE,2013,66360000,590000,10000,710000,1420000,50000,80000,30000,230000,120000,2020000
Oceania,OWID_OCE,2014,77600000,680000,10000,730000,1060000,50000,80000,30000,220000,130000,2030000
Oceania,OWID_OCE,2015,73990000,790000,10000,740000,1200000,60000,70000,30000,230000,130000,2069999
Oceania,OWID_OCE,2016,60860000,790000,10000,750000,850000,70000,70000,30000,230000,130000,2080000
Oceania,OWID_OCE,2017,80500000,810000,20000,750000,550000,90000,70000,30000,250000,140000,2130000
Oceania,OWID_OCE,2018,78880000,820000,20000,760000,980000,90000,70000,30000,240000,160000,2160000
Oceania,OWID_OCE,2019,64580000,840000,10000,780000,9240000,100000,70000,40000,230000,170000,2150000
Oceania,OWID_OCE,2020,56350000,830000,10000,780000,5080000,80000,70000,40000,220000,120000,2010000
Oceania,OWID_OCE,2021,65790000,850000,20000,780000,210000,80000,70000,40000,230000,50000,2000000
Oceania,OWID_OCE,2022,66890000,850000,20000,790000,240000,80000,70000,40000,240000,70000,1990000
Oceania,OWID_OCE,2023,102760000,870000,10000,810000,490000,80000,70000,40000,230000,120000,2090000
Oman,OMN,1990,210000,0,0,20000,0,0,0,0,0,10000,30000
Oman,OMN,1991,230000,0,0,20000,0,0,0,0,10000,10000,40000
Oman,OMN,1992,240000,0,0,20000,0,0,0,0,10000,0,40000
Oman,OMN,1993,259999,0,0,30000,0,0,0,0,10000,10000,40000
Oman,OMN,1994,280000,0,0,30000,0,0,0,0,0,0,40000
Oman,OMN,1995,290000,0,0,30000,0,0,0,0,10000,0,40000
Oman,OMN,1996,290000,0,0,30000,0,0,0,0,10000,0,50000
Oman,OMN,1997,290000,0,10000,30000,0,0,0,0,0,0,50000
Oman,OMN,1998,320000,0,10000,30000,0,0,0,0,0,10000,50000
Oman,OMN,1999,330000,0,0,30000,0,0,0,0,10000,10000,50000
Oman,OMN,2000,320000,0,0,30000,0,0,0,0,10000,10000,50000
Oman,OMN,2001,340000,0,10000,30000,0,0,0,0,10000,10000,60000
Oman,OMN,2002,340000,0,10000,30000,0,0,0,0,10000,10000,60000
Oman,OMN,2003,340000,0,10000,30000,0,0,0,0,10000,10000,60000
Oman,OMN,2004,370000,0,0,30000,0,0,0,0,10000,10000,70000
Oman,OMN,2005,410000,0,10000,30000,0,0,0,0,10000,10000,80000
Oman,OMN,2006,420000,0,10000,30000,0,0,0,0,10000,10000,80000
Oman,OMN,2007,420000,0,10000,40000,0,0,0,0,10000,10000,120000
Oman,OMN,2008,450000,0,10000,40000,0,0,0,0,10000,30000,140000
Oman,OMN,2009,440000,0,10000,40000,0,0,0,0,0,30000,140000
Oman,OMN,2010,460000,0,10000,40000,0,0,0,0,0,30000,160000
Oman,OMN,2011,470000,0,10000,50000,0,0,0,0,10000,20000,180000
Oman,OMN,2012,480000,0,10000,50000,0,0,0,0,10000,30000,210000
Oman,OMN,2013,550000,0,10000,60000,0,0,0,0,10000,30000,230000
Oman,OMN,2014,540000,0,10000,60000,0,0,0,0,10000,40000,240000
Oman,OMN,2015,560000,0,10000,60000,0,0,10000,0,10000,40000,250000
Oman,OMN,2016,560000,0,10000,70000,0,0,10000,0,10000,50000,240000
Oman,OMN,2017,570000,0,10000,70000,0,0,10000,0,10000,30000,240000
Oman,OMN,2018,590000,0,10000,70000,0,0,10000,0,10000,60000,230000
Oman,OMN,2019,600000,0,10000,70000,0,0,10000,0,10000,40000,230000
Oman,OMN,2020,610000,0,10000,70000,0,0,10000,0,10000,40000,190000
Oman,OMN,2021,630000,0,10000,70000,0,0,10000,10000,10000,50000,200000
Oman,OMN,2022,650000,0,10000,70000,0,0,10000,10000,10000,60000,250000
Oman,OMN,2023,660000,0,10000,70000,0,0,10000,10000,10000,60000,259999
Pakistan,PAK,1990,22450000,1780000,0,1070000,0,0,740000,0,120000,10000,290000
Pakistan,PAK,1991,22950000,1690000,0,1100000,0,0,760000,0,120000,10000,300000
Pakistan,PAK,1992,24320000,1820000,0,1130000,0,0,770000,0,129999,10000,310000
Pakistan,PAK,1993,24980000,2280000,0,1160000,0,0,800000,0,129999,10000,350000
Pakistan,PAK,1994,25910000,2320000,0,1200000,0,0,820000,0,140000,10000,360000
Pakistan,PAK,1995,28040000,2260000,0,1230000,0,0,840000,0,140000,10000,370000
Pakistan,PAK,1996,28130000,2180000,0,1270000,0,0,850000,0,150000,10000,410000
Pakistan,PAK,1997,29130000,2190000,0,1310000,0,0,870000,0,150000,10000,420000
Pakistan,PAK,1998,29320000,2360000,0,1350000,0,0,890000,0,150000,20000,440000
Pakistan,PAK,1999,30430000,2630000,0,1390000,0,0,910000,0,150000,20000,460000
Pakistan,PAK,2000,31200000,2730000,0,1430000,0,0,940000,0,150000,20000,460000
Pakistan,PAK,2001,31560000,2890000,0,1460000,0,0,970000,0,160000,20000,460000
Pakistan,PAK,2002,32619998,2880000,0,1490000,0,0,990000,0,170000,20000,460000
Pakistan,PAK,2003,33620000,2950000,0,1540000,0,0,1010000,0,190000,20000,480000
Pakistan,PAK,2004,34760000,2900000,0,1580000,0,0,1039999,0,200000,20000,519999
Pakistan,PAK,2005,36800000,3020000,0,1650000,0,0,1060000,0,210000,20000,480000
Pakistan,PAK,2006,38210000,2930000,0,1710000,0,0,1080000,0,220000,20000,480000
Pakistan,PAK,2007,38160000,2910000,0,1770000,10000,0,1110000,0,240000,20000,580000
Pakistan,PAK,2008,40020000,3230000,0,1830000,0,0,1130000,0,220000,20000,560000
Pakistan,PAK,2009,43780000,3200000,0,1900000,0,0,1150000,0,230000,20000,570000
Pakistan,PAK,2010,43010000,3240000,0,1960000,0,0,1180000,0,230000,20000,590000
Pakistan,PAK,2011,43880000,3100000,0,2000000,0,0,1210000,0,230000,20000,620000
Pakistan,PAK,2012,42650000,2780000,0,2060000,0,0,1230000,0,230000,20000,640000
Pakistan,PAK,2013,45660000,3200000,0,2120000,0,0,1250000,0,230000,20000,670000
Pakistan,PAK,2014,46110000,3350000,0,2190000,0,0,1270000,0,250000,20000,720000
Pakistan,PAK,2015,47080000,3640000,0,2250000,0,0,1270000,0,259999,20000,820000
Pakistan,PAK,2016,48550000,3680000,0,2290000,0,0,1240000,0,280000,20000,920000
Pakistan,PAK,2017,50860000,3720000,0,2340000,0,0,1210000,0,310000,20000,1010000
Pakistan,PAK,2018,51840000,3760000,0,2380000,0,0,1190000,0,320000,20000,940000
Pakistan,PAK,2019,53310000,3800000,0,2440000,0,0,1160000,0,300000,10000,880000
Pakistan,PAK,2020,54830000,3840000,0,2480000,0,0,1140000,0,350000,10000,1010000
Pakistan,PAK,2021,57330000,3880000,0,2530000,0,0,1130000,0,310000,10000,1080000
Pakistan,PAK,2022,58190000,3920000,0,2580000,10000,0,1150000,0,270000,20000,850000
Pakistan,PAK,2023,60640000,3960000,0,2630000,0,0,1170000,0,270000,20000,850000
Palau,PLW,1990,,0,,0,,0,,,,,
Palau,PLW,1991,0,0,,0,0,0,,,,,
Palau,PLW,1992,0,0,,0,0,0,0,,,0,0
Palau,PLW,1993,0,0,,0,0,0,0,,,0,0
Palau,PLW,1994,0,0,,0,0,0,0,,,0,0
Palau,PLW,1995,0,0,,0,0,0,0,,,0,0
Palau,PLW,1996,0,0,,0,0,0,0,,,0,0
Palau,PLW,1997,0,0,,0,0,0,0,,,0,0
Palau,PLW,1998,0,0,,0,0,0,0,,,0,0
Palau,PLW,1999,0,0,,0,0,0,0,,,0,0
Palau,PLW,2000,0,0,,0,0,0,0,,,0,0
Palau,PLW,2001,0,0,,0,0,0,0,,,0,0
Palau,PLW,2002,0,0,,0,0,0,0,,,0,0
Palau,PLW,2003,0,0,,0,0,0,0,,,0,0
Palau,PLW,2004,0,0,,0,0,0,0,,,0,0
Palau,PLW,2005,0,0,,0,0,0,0,,,0,0
Palau,PLW,2006,0,0,,0,0,0,0,,,0,0
Palau,PLW,2007,0,0,,0,0,0,0,,,0,0
Palau,PLW,2008,0,0,,0,0,0,0,,,0,0
Palau,PLW,2009,0,0,,0,0,0,0,,,0,0
Palau,PLW,2010,0,0,,0,0,0,0,,,0,0
Palau,PLW,2011,0,0,,0,0,0,0,,,0,0
Palau,PLW,2012,0,0,,0,0,0,0,,,0,0
Palau,PLW,2013,0,0,,0,0,0,0,,,0,0
Palau,PLW,2014,0,0,,0,0,0,0,,,0,0
Palau,PLW,2015,0,0,,0,0,0,0,,,0,0
Palau,PLW,2016,0,0,,0,0,0,0,,,0,0
Palau,PLW,2017,0,0,,0,0,0,0,,,0,0
Palau,PLW,2018,0,0,,0,0,0,0,,,0,0
Palau,PLW,2019,0,0,,0,0,0,0,,,0,0
Palau,PLW,2020,0,0,,0,0,0,0,,,0,0
Palau,PLW,2021,0,0,,0,0,0,0,,,0,0
Palau,PLW,2022,0,0,,0,0,0,0,,,0,0
Palau,PLW,2023,0,0,,0,0,0,0,,,0,0
Panama,PAN,1990,850000,0,0,30000,10000,0,10000,0,0,30000,20000
Panama,PAN,1991,840000,0,0,30000,10000,0,10000,0,10000,40000,20000
Panama,PAN,1992,900000,0,0,40000,10000,0,10000,0,10000,40000,30000
Panama,PAN,1993,920000,0,0,40000,10000,0,10000,0,10000,40000,30000
Panama,PAN,1994,880000,0,0,40000,10000,0,20000,0,10000,40000,30000
Panama,PAN,1995,880000,0,0,40000,10000,0,10000,0,0,50000,30000
Panama,PAN,1996,920000,0,0,40000,0,0,20000,0,10000,50000,30000
Panama,PAN,1997,840000,0,0,30000,0,0,20000,0,10000,50000,30000
Panama,PAN,1998,860000,0,0,30000,0,0,20000,0,10000,60000,40000
Panama,PAN,1999,840000,0,0,30000,0,0,20000,0,10000,60000,40000
Panama,PAN,2000,830000,0,0,30000,0,0,10000,0,10000,60000,40000
Panama,PAN,2001,920000,0,0,30000,10000,0,10000,0,10000,60000,40000
Panama,PAN,2002,920000,0,0,30000,0,0,10000,0,10000,60000,40000
Panama,PAN,2003,950000,0,0,30000,60000,0,10000,0,10000,60000,40000
Panama,PAN,2004,920000,0,0,40000,10000,0,10000,0,10000,60000,50000
Panama,PAN,2005,920000,0,0,40000,0,0,10000,0,10000,50000,50000
Panama,PAN,2006,940000,0,0,40000,0,0,10000,0,10000,60000,50000
Panama,PAN,2007,910000,0,0,40000,0,0,10000,0,10000,50000,50000
Panama,PAN,2008,960000,0,0,40000,10000,0,10000,0,10000,80000,50000
Panama,PAN,2009,970000,0,0,40000,10000,0,10000,0,10000,70000,60000
Panama,PAN,2010,990000,0,0,50000,0,0,10000,0,10000,70000,60000
Panama,PAN,2011,990000,0,0,50000,0,0,10000,0,10000,80000,60000
Panama,PAN,2012,1050000,0,0,50000,0,0,10000,0,10000,80000,70000
Panama,PAN,2013,1070000,0,0,50000,0,0,10000,0,10000,80000,70000
Panama,PAN,2014,980000,0,0,50000,0,0,10000,0,10000,80000,70000
Panama,PAN,2015,970000,0,0,50000,10000,0,10000,0,10000,90000,80000
Panama,PAN,2016,930000,0,0,60000,10000,0,10000,0,10000,100000,80000
Panama,PAN,2017,930000,0,0,60000,0,0,10000,0,10000,120000,90000
Panama,PAN,2018,980000,0,0,70000,0,0,10000,0,10000,110000,90000
Panama,PAN,2019,980000,0,0,70000,10000,0,10000,0,10000,129999,90000
Panama,PAN,2020,1030000,0,0,70000,0,0,10000,0,10000,70000,70000
Panama,PAN,2021,1080000,0,0,70000,0,0,10000,0,10000,80000,90000
Panama,PAN,2022,1000000,0,0,70000,0,0,10000,0,10000,90000,100000
Panama,PAN,2023,1100000,0,0,70000,0,0,10000,0,10000,90000,100000
Papua New Guinea,PNG,1990,1080000,0,0,40000,190000,0,0,,0,0,0
Papua New Guinea,PNG,1991,1090000,0,0,40000,190000,0,0,,0,0,0
Papua New Guinea,PNG,1992,1100000,0,0,40000,190000,0,0,,0,0,0
Papua New Guinea,PNG,1993,1110000,0,0,40000,190000,0,0,,0,0,0
Papua New Guinea,PNG,1994,1110000,0,0,40000,190000,0,0,,0,0,0
Papua New Guinea,PNG,1995,1200000,0,0,40000,190000,0,0,,0,0,0
Papua New Guinea,PNG,1996,1150000,0,0,50000,100000,0,0,,0,0,0
Papua New Guinea,PNG,1997,1240000,0,0,50000,3380000,0,0,,0,0,0
Papua New Guinea,PNG,1998,1160000,0,0,50000,129999,0,0,,0,0,0
Papua New Guinea,PNG,1999,1220000,0,0,50000,110000,0,0,,0,0,0
Papua New Guinea,PNG,2000,1270000,0,0,50000,70000,0,0,,0,0,0
Papua New Guinea,PNG,2001,1300000,0,0,60000,10000,0,0,,0,0,0
Papua New Guinea,PNG,2002,1370000,0,0,60000,140000,0,0,,0,0,0
Papua New Guinea,PNG,2003,1400000,0,0,60000,40000,0,0,,0,0,0
Papua New Guinea,PNG,2004,1530000,0,0,60000,259999,0,0,,0,0,0
Papua New Guinea,PNG,2005,1390000,0,0,60000,30000,0,0,0,0,0,0
Papua New Guinea,PNG,2006,1430000,0,0,70000,80000,0,0,0,0,0,0
Papua New Guinea,PNG,2007,1340000,0,0,70000,20000,0,0,0,0,0,0
Papua New Guinea,PNG,2008,1340000,0,0,70000,20000,0,0,0,0,0,0
Papua New Guinea,PNG,2009,1370000,0,0,70000,30000,0,0,0,0,0,0
Papua New Guinea,PNG,2010,1360000,0,0,70000,30000,0,0,0,0,0,0
Papua New Guinea,PNG,2011,1320000,0,0,80000,20000,0,0,0,0,0,0
Papua New Guinea,PNG,2012,1350000,0,0,80000,20000,0,0,0,0,0,0
Papua New Guinea,PNG,2013,1360000,0,0,80000,30000,0,0,0,0,0,0
Papua New Guinea,PNG,2014,1410000,0,0,80000,30000,0,0,0,0,0,0
Papua New Guinea,PNG,2015,1490000,0,0,90000,550000,0,0,0,0,0,0
Papua New Guinea,PNG,2016,1350000,0,0,90000,20000,0,0,0,0,0,0
Papua New Guinea,PNG,2017,1400000,0,0,90000,20000,0,0,0,0,0,0
Papua New Guinea,PNG,2018,1500000,0,0,90000,70000,0,0,0,0,0,0
Papua New Guinea,PNG,2019,1430000,0,0,90000,30000,0,0,0,0,0,0
Papua New Guinea,PNG,2020,1410000,0,0,90000,10000,0,0,0,0,0,0
Papua New Guinea,PNG,2021,1420000,0,0,90000,20000,0,0,0,0,0,0
Papua New Guinea,PNG,2022,1460000,0,0,90000,50000,0,0,0,0,0,0
Papua New Guinea,PNG,2023,1490000,0,0,100000,40000,0,0,0,0,0,0
Paraguay,PRY,1990,4830000,0,0,6310000,370000,0,50000,0,40000,0,30000
Paraguay,PRY,1991,4510000,0,0,6060000,370000,0,50000,0,40000,0,30000
Paraguay,PRY,1992,4630000,0,0,5810000,370000,0,50000,0,40000,0,30000
Paraguay,PRY,1993,4990000,0,0,5570000,370000,0,50000,0,40000,0,40000
Paraguay,PRY,1994,5200000,0,0,5320000,370000,0,40000,0,40000,0,40000
Paraguay,PRY,1995,5520000,0,0,5070000,370000,0,50000,0,50000,0,50000
Paraguay,PRY,1996,5140000,0,0,4820000,350000,0,50000,0,60000,0,50000
Paraguay,PRY,1997,5180000,0,0,4570000,460000,0,50000,0,60000,0,50000
Paraguay,PRY,1998,5260000,0,0,4320000,390000,0,40000,0,60000,0,50000
Paraguay,PRY,1999,5490000,0,0,4080000,990000,0,40000,0,50000,0,50000
Paraguay,PRY,2000,4960000,0,0,3830000,190000,0,40000,0,50000,0,40000
Paraguay,PRY,2001,5820000,0,0,3580000,400000,0,50000,0,50000,0,50000
Paraguay,PRY,2002,5700000,0,0,3330000,1030000,0,40000,0,50000,0,50000
Paraguay,PRY,2003,6290000,0,0,3080000,540000,0,50000,0,50000,0,50000
Paraguay,PRY,2004,5640000,0,0,2830000,270000,0,40000,0,50000,0,50000
Paraguay,PRY,2005,6040000,0,0,2580000,500000,0,40000,0,50000,0,50000
Paraguay,PRY,2006,6030000,0,0,2340000,280000,0,40000,0,50000,0,50000
Paraguay,PRY,2007,6890000,0,0,2089999,1190000,0,40000,0,50000,0,50000
Paraguay,PRY,2008,6290000,0,0,1840000,210000,0,40000,0,50000,0,60000
Paraguay,PRY,2009,6440000,0,0,1590000,190000,0,40000,0,50000,0,70000
Paraguay,PRY,2010,7090000,0,0,1340000,210000,0,40000,0,50000,0,80000
Paraguay,PRY,2011,7460000,0,0,1090000,250000,0,40000,0,50000,0,90000
Paraguay,PRY,2012,7510000,0,0,850000,210000,0,40000,0,50000,0,80000
Paraguay,PRY,2013,8130000,0,0,600000,259999,0,30000,0,50000,0,90000
Paraguay,PRY,2014,8359999,0,0,350000,90000,0,30000,0,50000,0,100000
Paraguay,PRY,2015,8200000,0,0,100000,40000,0,30000,0,50000,0,110000
Paraguay,PRY,2016,8260000,0,0,90000,80000,0,50000,0,60000,0,129999
Paraguay,PRY,2017,8930000,0,0,80000,330000,0,50000,0,60000,0,140000
Paraguay,PRY,2018,8200000,0,0,80000,100000,0,50000,0,60000,0,150000
Paraguay,PRY,2019,8450000,0,0,80000,700000,0,50000,0,60000,0,150000
Paraguay,PRY,2020,9250000,0,0,80000,259999,0,40000,0,60000,0,140000
Paraguay,PRY,2021,8790000,0,0,80000,390000,0,40000,0,60000,0,150000
Paraguay,PRY,2022,7940000,0,0,90000,110000,0,40000,0,60000,0,129999
Paraguay,PRY,2023,8340000,0,0,90000,70000,0,40000,0,60000,0,129999
Peru,PER,1990,4640000,50000,10000,340000,80000,0,110000,0,10000,10000,120000
Peru,PER,1991,4490000,30000,10000,340000,80000,0,110000,0,10000,10000,110000
Peru,PER,1992,4440000,10000,10000,350000,80000,0,100000,0,10000,10000,120000
Peru,PER,1993,4630000,20000,10000,360000,80000,0,100000,0,10000,10000,120000
Peru,PER,1994,4830000,20000,10000,370000,80000,0,100000,0,10000,10000,140000
Peru,PER,1995,5160000,20000,10000,370000,80000,0,100000,0,10000,10000,150000
Peru,PER,1996,5300000,20000,10000,380000,30000,0,90000,0,10000,10000,150000
Peru,PER,1997,5410000,20000,10000,390000,30000,0,90000,0,10000,10000,160000
Peru,PER,1998,5620000,0,10000,390000,50000,0,120000,0,30000,10000,160000
Peru,PER,1999,5880000,0,10000,400000,40000,0,120000,0,40000,10000,160000
Peru,PER,2000,6120000,0,10000,410000,10000,0,120000,0,40000,10000,160000
Peru,PER,2001,6130000,0,10000,410000,10000,0,120000,0,30000,10000,150000
Peru,PER,2002,6310000,0,10000,410000,50000,0,120000,0,40000,10000,150000
Peru,PER,2003,6380000,0,10000,420000,110000,0,120000,0,30000,0,150000
Peru,PER,2004,6400000,0,10000,430000,50000,0,110000,0,40000,10000,170000
Peru,PER,2005,6410000,0,0,450000,280000,0,110000,0,40000,10000,160000
Peru,PER,2006,6570000,0,10000,470000,80000,0,110000,0,30000,10000,170000
Peru,PER,2007,6900000,0,10000,480000,160000,0,110000,0,40000,10000,170000
Peru,PER,2008,6750000,0,10000,490000,60000,0,120000,0,40000,20000,210000
Peru,PER,2009,7150000,0,10000,510000,30000,0,120000,0,40000,20000,240000
Peru,PER,2010,6980000,0,10000,530000,160000,0,110000,0,30000,10000,270000
Peru,PER,2011,7120000,0,10000,540000,30000,0,110000,0,30000,20000,280000
Peru,PER,2012,7090000,0,10000,560000,90000,0,100000,0,30000,20000,310000
Peru,PER,2013,7130000,10000,10000,580000,60000,0,100000,0,30000,10000,330000
Peru,PER,2014,7050000,10000,10000,590000,50000,0,100000,0,30000,20000,330000
Peru,PER,2015,7240000,10000,10000,610000,60000,0,100000,0,30000,20000,360000
Peru,PER,2016,7250000,10000,10000,620000,60000,0,100000,0,30000,20000,400000
Peru,PER,2017,7450000,20000,0,650000,20000,0,90000,0,30000,30000,400000
Peru,PER,2018,7050000,20000,0,670000,60000,0,90000,0,30000,30000,420000
Peru,PER,2019,7550000,20000,0,690000,80000,0,90000,0,40000,30000,430000
Peru,PER,2020,7480000,20000,0,700000,70000,0,100000,0,30000,10000,340000
Peru,PER,2021,7730000,20000,0,710000,70000,0,110000,0,30000,10000,450000
Peru,PER,2022,7540000,20000,0,710000,90000,0,110000,0,30000,20000,460000
Peru,PER,2023,7190000,20000,0,720000,60000,0,110000,0,30000,20000,460000
Philippines,PHL,1990,6630000,230000,0,740000,30000,0,320000,0,50000,10000,210000
Philippines,PHL,1991,6050000,240000,0,760000,30000,0,310000,0,40000,10000,200000
Philippines,PHL,1992,6350000,210000,0,780000,30000,0,310000,0,40000,10000,230000
Philippines,PHL,1993,6730000,230000,0,800000,30000,0,300000,0,50000,10000,259999
Philippines,PHL,1994,6870000,240000,0,820000,30000,0,290000,0,50000,10000,270000
Philippines,PHL,1995,6990000,290000,0,840000,30000,0,290000,0,60000,10000,320000
Philippines,PHL,1996,7680000,330000,0,860000,10000,0,280000,0,60000,10000,350000
Philippines,PHL,1997,8270000,280000,0,880000,20000,0,270000,0,60000,20000,370000
Philippines,PHL,1998,7380000,240000,0,900000,50000,0,259999,0,60000,10000,380000
Philippines,PHL,1999,7970000,250000,0,920000,10000,0,250000,0,60000,20000,380000
Philippines,PHL,2000,8109999,220000,0,940000,20000,0,240000,10000,60000,20000,380000
Philippines,PHL,2001,8279999,250000,0,970000,0,0,230000,0,60000,20000,380000
Philippines,PHL,2002,8080000,180000,0,1000000,30000,0,220000,0,60000,20000,400000
Philippines,PHL,2003,8880000,129999,0,1030000,30000,0,210000,0,60000,20000,390000
Philippines,PHL,2004,9340000,150000,0,1070000,30000,0,200000,0,60000,20000,410000
Philippines,PHL,2005,8910000,140000,0,1120000,50000,0,200000,0,70000,20000,390000
Philippines,PHL,2006,8430000,129999,0,1150000,20000,0,200000,0,70000,20000,360000
Philippines,PHL,2007,8810000,120000,0,1190000,20000,0,210000,0,70000,30000,370000
Philippines,PHL,2008,8220000,50000,0,1270000,10000,0,210000,0,80000,30000,370000
Philippines,PHL,2009,8420000,60000,0,1350000,10000,0,220000,0,80000,30000,390000
Philippines,PHL,2010,9240000,80000,0,1420000,100000,0,230000,0,90000,30000,400000
Philippines,PHL,2011,8710000,100000,0,1440000,10000,0,230000,0,90000,30000,400000
Philippines,PHL,2012,8440000,100000,0,1480000,10000,0,240000,0,80000,30000,430000
Philippines,PHL,2013,8750000,90000,0,1520000,20000,0,240000,0,90000,30000,450000
Philippines,PHL,2014,9160000,20000,0,1570000,30000,0,250000,0,100000,30000,470000
Philippines,PHL,2015,8760000,20000,0,1620000,40000,0,240000,0,100000,30000,540000
Philippines,PHL,2016,9330000,20000,0,1680000,50000,0,240000,0,110000,30000,590000
Philippines,PHL,2017,10200000,20000,0,1750000,10000,0,240000,0,110000,40000,620000
Philippines,PHL,2018,9590000,20000,0,1810000,10000,0,240000,0,100000,40000,640000
Philippines,PHL,2019,9950000,20000,0,1850000,30000,0,240000,0,100000,40000,670000
Philippines,PHL,2020,10200000,20000,0,1890000,40000,0,240000,0,80000,10000,540000
Philippines,PHL,2021,9950000,20000,0,1920000,10000,0,250000,0,80000,10000,600000
Philippines,PHL,2022,10370000,20000,0,1940000,10000,0,240000,0,80000,30000,670000
Philippines,PHL,2023,9650000,20000,0,1970000,20000,0,240000,0,80000,40000,700000
Poland,POL,1990,18320000,3250000,60000,640000,0,10000,150000,10000,120000,10000,460000
Poland,POL,1991,17240000,2910000,60000,650000,0,10000,190000,10000,120000,10000,450000
Poland,POL,1992,17090000,2870000,60000,650000,0,10000,190000,10000,110000,10000,450000
Poland,POL,1993,17080000,3250000,60000,640000,0,10000,330000,10000,160000,10000,440000
Poland,POL,1994,17320000,3240000,60000,620000,0,10000,290000,30000,160000,10000,470000
Poland,POL,1995,17410000,3580000,60000,630000,0,10000,290000,30000,230000,10000,480000
Poland,POL,1996,17350000,3580000,60000,630000,0,10000,290000,30000,250000,10000,510000
Poland,POL,1997,17930000,3380000,60000,630000,0,10000,259999,30000,220000,10000,530000
Poland,POL,1998,17110000,3140000,60000,640000,0,10000,230000,30000,180000,10000,550000
Poland,POL,1999,16750000,3090000,60000,640000,0,10000,230000,20000,150000,10000,590000
Poland,POL,2000,16510000,3740000,50000,650000,0,10000,200000,20000,150000,10000,519999
Poland,POL,2001,16270000,3830000,50000,650000,0,10000,210000,20000,129999,10000,500000
Poland,POL,2002,16520000,3200000,50000,650000,0,10000,230000,10000,129999,10000,470000
Poland,POL,2003,16430000,3790000,50000,660000,10000,10000,230000,10000,120000,10000,490000
Poland,POL,2004,16379999,3880000,50000,650000,0,0,230000,10000,120000,10000,530000
Poland,POL,2005,16910000,4050000,50000,640000,0,10000,240000,10000,110000,10000,560000
Poland,POL,2006,17150000,4030000,50000,640000,0,10000,259999,10000,110000,20000,610000
Poland,POL,2007,17830000,4179999,50000,650000,0,10000,240000,10000,120000,20000,660000
Poland,POL,2008,17380000,3540000,50000,640000,0,0,250000,10000,110000,20000,750000
Poland,POL,2009,16910000,1039999,50000,660000,0,0,259999,10000,110000,20000,790000
Poland,POL,2010,17400000,1100000,50000,670000,0,0,290000,10000,120000,20000,870000
Poland,POL,2011,17180000,1020000,50000,680000,0,0,270000,10000,129999,10000,890000
Poland,POL,2012,17500000,1110000,50000,680000,0,0,270000,10000,129999,20000,830000
Poland,POL,2013,17010000,870000,50000,680000,0,0,270000,10000,140000,10000,780000
Poland,POL,2014,16730000,760000,50000,670000,0,10000,240000,10000,140000,20000,770000
Poland,POL,2015,16860000,690000,50000,670000,0,0,250000,10000,140000,20000,800000
Poland,POL,2016,17520000,720000,50000,690000,0,10000,259999,10000,150000,20000,860000
Poland,POL,2017,17930000,570000,50000,700000,0,10000,250000,10000,170000,20000,1000000
Poland,POL,2018,16740000,610000,50000,700000,0,10000,380000,10000,170000,30000,1100000
Poland,POL,2019,17110000,560000,50000,700000,0,10000,340000,10000,170000,30000,1130000
Poland,POL,2020,16800000,490000,50000,690000,0,10000,330000,10000,170000,20000,1090000
Poland,POL,2021,16520000,570000,50000,690000,0,10000,330000,10000,160000,20000,1190000
Poland,POL,2022,17330000,570000,40000,720000,0,10000,300000,10000,150000,30000,1210000
Poland,POL,2023,18020000,570000,40000,740000,0,10000,280000,10000,140000,30000,1230000
Portugal,PRT,1990,2500000,530000,0,180000,40000,20000,50000,0,70000,20000,180000
Portugal,PRT,1991,2420000,500000,0,180000,40000,20000,50000,0,70000,20000,190000
Portugal,PRT,1992,2340000,490000,0,190000,40000,20000,50000,0,70000,20000,210000
Portugal,PRT,1993,2320000,400000,0,190000,40000,20000,50000,0,70000,20000,220000
Portugal,PRT,1994,2330000,340000,0,190000,40000,30000,50000,0,70000,20000,230000
Portugal,PRT,1995,2310000,470000,0,190000,40000,20000,50000,0,70000,20000,240000
Portugal,PRT,1996,2370000,480000,10000,200000,60000,20000,50000,0,70000,20000,250000
Portugal,PRT,1997,2290000,500000,0,200000,30000,20000,50000,10000,70000,20000,259999
Portugal,PRT,1998,2350000,560000,0,210000,50000,20000,50000,0,80000,20000,270000
Portugal,PRT,1999,2310000,519999,0,210000,40000,20000,50000,10000,80000,30000,280000
Portugal,PRT,2000,2260000,560000,0,210000,30000,20000,50000,0,80000,30000,310000
Portugal,PRT,2001,2060000,519999,0,210000,10000,20000,60000,10000,70000,20000,300000
Portugal,PRT,2002,2050000,519999,0,210000,20000,20000,60000,0,80000,20000,310000
Portugal,PRT,2003,2040000,540000,0,210000,190000,20000,60000,10000,70000,30000,320000
Portugal,PRT,2004,1970000,590000,0,220000,10000,20000,60000,0,70000,30000,330000
Portugal,PRT,2005,1970000,550000,0,210000,170000,20000,60000,10000,70000,30000,310000
Portugal,PRT,2006,1950000,540000,0,220000,20000,20000,60000,0,70000,30000,320000
Portugal,PRT,2007,2069999,560000,0,230000,0,20000,60000,0,80000,30000,330000
Portugal,PRT,2008,2030000,510000,0,230000,0,20000,50000,10000,70000,30000,330000
Portugal,PRT,2009,1970000,380000,0,230000,0,20000,50000,10000,70000,30000,330000
Portugal,PRT,2010,1950000,400000,0,230000,40000,20000,30000,0,70000,30000,350000
Portugal,PRT,2011,1920000,120000,0,220000,10000,20000,30000,0,70000,30000,320000
Portugal,PRT,2012,1980000,90000,0,220000,20000,20000,40000,0,50000,30000,300000
Portugal,PRT,2013,1990000,80000,0,220000,30000,20000,40000,10000,60000,30000,290000
Portugal,PRT,2014,2110000,90000,0,220000,0,20000,40000,0,50000,30000,290000
Portugal,PRT,2015,2089999,70000,0,160000,20000,20000,40000,10000,50000,40000,300000
Portugal,PRT,2016,2060000,60000,0,170000,70000,20000,40000,10000,50000,40000,300000
Portugal,PRT,2017,2130000,70000,0,170000,259999,20000,40000,10000,50000,50000,300000
Portugal,PRT,2018,1870000,70000,0,170000,10000,20000,40000,0,50000,50000,300000
Portugal,PRT,2019,1920000,70000,0,170000,10000,20000,40000,0,60000,50000,310000
Portugal,PRT,2020,2120000,60000,0,170000,60000,20000,40000,0,50000,30000,259999
Portugal,PRT,2021,1840000,60000,0,170000,0,20000,40000,0,50000,30000,300000
Portugal,PRT,2022,1670000,60000,0,170000,30000,20000,40000,0,50000,50000,310000
Portugal,PRT,2023,1720000,60000,0,170000,20000,20000,40000,0,50000,50000,330000
Qatar,QAT,1990,50000,560000,0,10000,0,60000,0,0,0,0,30000
Qatar,QAT,1991,50000,590000,0,10000,0,60000,0,0,0,0,30000
Qatar,QAT,1992,60000,560000,0,10000,0,60000,0,0,0,0,30000
Qatar,QAT,1993,60000,550000,0,10000,0,60000,0,0,0,0,30000
Qatar,QAT,1994,90000,570000,0,10000,0,60000,0,0,0,0,30000
Qatar,QAT,1995,90000,550000,0,10000,0,60000,0,0,0,0,40000
Qatar,QAT,1996,70000,519999,0,10000,0,60000,0,0,0,0,40000
Qatar,QAT,1997,70000,890000,0,10000,0,60000,0,0,0,0,40000
Qatar,QAT,1998,70000,1010000,0,10000,0,60000,0,0,0,0,40000
Qatar,QAT,1999,70000,980000,0,10000,0,60000,0,0,0,0,40000
Qatar,QAT,2000,70000,990000,0,10000,0,60000,0,0,0,0,40000
Qatar,QAT,2001,60000,1030000,0,10000,0,60000,0,0,0,10000,50000
Qatar,QAT,2002,60000,1050000,0,10000,0,60000,0,0,10000,20000,50000
Qatar,QAT,2003,60000,1090000,0,10000,0,60000,0,0,10000,10000,60000
Qatar,QAT,2004,60000,1310000,0,10000,0,60000,0,0,10000,10000,70000
Qatar,QAT,2005,50000,1700000,0,20000,0,60000,0,0,10000,10000,80000
Qatar,QAT,2006,50000,1580000,0,20000,0,60000,0,0,10000,10000,100000
Qatar,QAT,2007,60000,1630000,0,20000,0,60000,0,10000,10000,20000,110000
Qatar,QAT,2008,60000,1730000,0,30000,0,60000,0,10000,10000,20000,140000
Qatar,QAT,2009,80000,1700000,0,30000,0,60000,0,10000,10000,20000,140000
Qatar,QAT,2010,80000,1920000,0,30000,0,60000,0,10000,10000,30000,150000
Qatar,QAT,2011,90000,1810000,0,30000,0,60000,0,10000,10000,30000,160000
Qatar,QAT,2012,100000,2610000,0,40000,0,60000,0,10000,10000,50000,160000
Qatar,QAT,2013,110000,3040000,0,40000,0,60000,0,10000,10000,50000,170000
Qatar,QAT,2014,110000,3070000,0,40000,0,60000,0,10000,10000,30000,210000
Qatar,QAT,2015,140000,3170000,0,50000,0,60000,0,10000,10000,30000,210000
Qatar,QAT,2016,190000,3250000,0,50000,0,60000,0,10000,10000,40000,220000
Qatar,QAT,2017,200000,3330000,0,50000,0,60000,0,10000,10000,40000,230000
Qatar,QAT,2018,250000,3410000,0,50000,0,60000,0,10000,10000,50000,200000
Qatar,QAT,2019,259999,3500000,0,50000,0,60000,0,10000,10000,50000,210000
Qatar,QAT,2020,280000,3590000,0,50000,0,60000,0,10000,10000,30000,200000
Qatar,QAT,2021,240000,3670000,0,50000,0,60000,0,10000,10000,40000,210000
Qatar,QAT,2022,250000,3750000,0,50000,0,60000,0,10000,20000,50000,200000
Qatar,QAT,2023,259999,3830000,0,50000,0,60000,0,10000,20000,60000,210000
Romania,ROU,1990,11570000,3680000,20000,380000,10000,10000,40000,0,50000,10000,200000
Romania,ROU,1991,8410000,2280000,20000,360000,10000,10000,30000,0,40000,0,170000
Romania,ROU,1992,7990000,2890000,10000,340000,10000,10000,30000,10000,20000,10000,250000
Romania,ROU,1993,7760000,3000000,10000,370000,10000,10000,40000,10000,20000,10000,220000
Romania,ROU,1994,6850000,2630000,10000,360000,10000,10000,40000,10000,30000,0,220000
Romania,ROU,1995,6580000,3020000,10000,360000,10000,10000,50000,10000,40000,0,210000
Romania,ROU,1996,6420000,3080000,10000,360000,10000,10000,100000,10000,40000,0,270000
Romania,ROU,1997,6480000,2610000,10000,360000,10000,10000,140000,10000,40000,0,270000
Romania,ROU,1998,6170000,2100000,10000,370000,10000,10000,120000,10000,30000,0,250000
Romania,ROU,1999,5650000,2089999,0,360000,10000,10000,120000,10000,30000,0,210000
Romania,ROU,2000,5520000,2890000,0,360000,10000,0,110000,10000,30000,0,240000
Romania,ROU,2001,5900000,2280000,10000,370000,0,10000,80000,10000,30000,0,230000
Romania,ROU,2002,5380000,1950000,10000,380000,0,10000,80000,10000,40000,0,250000
Romania,ROU,2003,5470000,2340000,10000,390000,0,10000,100000,10000,40000,0,250000
Romania,ROU,2004,6200000,2610000,10000,410000,0,10000,120000,10000,30000,0,270000
Romania,ROU,2005,6230000,2690000,10000,410000,0,10000,129999,10000,40000,0,220000
Romania,ROU,2006,5840000,2150000,10000,410000,10000,10000,120000,10000,40000,0,220000
Romania,ROU,2007,5570000,2410000,10000,410000,0,0,129999,10000,40000,0,270000
Romania,ROU,2008,6120000,1000000,10000,400000,0,10000,160000,10000,30000,0,300000
Romania,ROU,2009,6030000,650000,10000,390000,0,10000,160000,0,20000,0,300000
Romania,ROU,2010,6060000,1100000,10000,370000,0,10000,160000,10000,30000,0,280000
Romania,ROU,2011,5960000,1090000,10000,370000,10000,0,140000,0,30000,0,310000
Romania,ROU,2012,5470000,930000,10000,360000,20000,0,150000,0,30000,0,330000
Romania,ROU,2013,6130000,490000,10000,360000,0,0,140000,0,30000,0,310000
Romania,ROU,2014,5990000,400000,10000,360000,0,0,140000,0,30000,10000,300000
Romania,ROU,2015,6230000,340000,10000,370000,0,0,140000,0,30000,10000,310000
Romania,ROU,2016,6300000,350000,10000,370000,0,0,140000,0,30000,10000,330000
Romania,ROU,2017,6710000,259999,10000,370000,0,0,140000,0,30000,10000,360000
Romania,ROU,2018,7270000,250000,10000,380000,0,0,140000,0,30000,0,360000
Romania,ROU,2019,7170000,150000,10000,380000,0,0,150000,0,30000,0,390000
Romania,ROU,2020,6630000,120000,10000,380000,0,0,150000,0,30000,0,390000
Romania,ROU,2021,7240000,120000,10000,380000,0,0,150000,0,40000,0,420000
Romania,ROU,2022,6470000,120000,10000,390000,40000,0,150000,0,40000,0,450000
Romania,ROU,2023,6550000,120000,10000,390000,0,0,140000,0,30000,0,450000
Russia,RUS,1990,78970000,4220000,290000,2480000,2870000,160000,970000,80000,320000,240000,5210000
Russia,RUS,1991,74320000,4260000,280000,2440000,2870000,160000,940000,70000,240000,170000,4990000
Russia,RUS,1992,70490000,3710000,170000,2280000,2860000,129999,650000,60000,270000,160000,4620000
Russia,RUS,1993,65180000,3150000,270000,2280000,2860000,110000,570000,70000,230000,129999,3750000
Russia,RUS,1994,54970000,2550000,129999,2250000,2860000,90000,450000,40000,200000,110000,2980000
Russia,RUS,1995,50540000,2850000,140000,2210000,2860000,100000,380000,50000,170000,100000,2790000
Russia,RUS,1996,47560000,3040000,120000,2100000,7220000,100000,350000,50000,160000,100000,2670000
Russia,RUS,1997,44200000,2900000,110000,2200000,2700000,110000,330000,50000,150000,100000,2500000
Russia,RUS,1998,40730000,2550000,60000,2180000,5150000,110000,290000,60000,129999,90000,2640000
Russia,RUS,1999,38530000,2850000,70000,2140000,3440000,110000,360000,60000,160000,90000,2710000
Russia,RUS,2000,39280000,3300000,80000,2089999,3880000,120000,320000,60000,170000,100000,2780000
Russia,RUS,2001,41410000,3500000,80000,2120000,1400000,120000,330000,60000,160000,100000,2800000
Russia,RUS,2002,40880000,3900000,90000,2150000,2540000,160000,259999,60000,150000,110000,2870000
Russia,RUS,2003,41680000,3770000,90000,2170000,3660000,160000,250000,70000,140000,110000,2880000
Russia,RUS,2004,37690000,4020000,80000,2180000,3100000,190000,230000,70000,160000,110000,3070000
Russia,RUS,2005,37360000,4290000,50000,2260000,1600000,190000,240000,60000,129999,110000,3060000
Russia,RUS,2006,37170000,4310000,40000,2280000,2770000,200000,250000,70000,120000,120000,3290000
Russia,RUS,2007,37930000,4540000,60000,2350000,1380000,230000,250000,70000,129999,120000,3240000
Russia,RUS,2008,42180000,4159999,50000,2380000,4680000,170000,270000,70000,129999,129999,3410000
Russia,RUS,2009,40140000,5020000,40000,2390000,2120000,180000,220000,60000,120000,129999,3380000
Russia,RUS,2010,38360000,5170000,30000,2420000,3130000,220000,220000,60000,120000,170000,3440000
Russia,RUS,2011,40280000,5400000,40000,2420000,3210000,240000,230000,60000,120000,210000,3640000
Russia,RUS,2012,39060000,5250000,30000,2470000,4950000,240000,230000,60000,340000,110000,3560000
Russia,RUS,2013,39350000,5450000,30000,2460000,1420000,230000,210000,60000,340000,170000,3620000
Russia,RUS,2014,41900000,5280000,40000,2500000,4860000,180000,210000,70000,390000,390000,3650000
Russia,RUS,2015,40760000,5690000,30000,2500000,1610000,150000,230000,70000,420000,350000,3620000
Russia,RUS,2016,42880000,5980000,30000,2460000,3230000,170000,230000,60000,450000,290000,3520000
Russia,RUS,2017,43400000,6240000,30000,2470000,1840000,200000,230000,60000,450000,320000,3650000
Russia,RUS,2018,43380000,6230000,30000,2520000,3120000,230000,250000,50000,490000,330000,4000000
Russia,RUS,2019,45120000,6520000,30000,2530000,2680000,290000,250000,50000,610000,310000,4390000
Russia,RUS,2020,47170000,6760000,30000,2560000,1380000,270000,250000,40000,610000,180000,4170000
Russia,RUS,2021,47420000,6790000,30000,2510000,1420000,270000,259999,50000,640000,170000,4550000
Russia,RUS,2022,48340000,6800000,30000,2500000,1420000,270000,240000,50000,630000,180000,4840000
Russia,RUS,2023,47910000,6820000,30000,2500000,1220000,270000,230000,50000,650000,200000,4870000
Rwanda,RWA,1990,560000,0,0,80000,0,0,60000,0,0,0,10000
Rwanda,RWA,1991,580000,0,0,80000,0,0,60000,0,0,0,10000
Rwanda,RWA,1992,560000,0,0,80000,0,0,60000,0,0,0,10000
Rwanda,RWA,1993,540000,0,0,90000,0,0,60000,0,0,0,10000
Rwanda,RWA,1994,500000,0,0,70000,0,0,50000,0,0,0,10000
Rwanda,RWA,1995,430000,0,0,60000,0,0,100000,0,0,0,10000
Rwanda,RWA,1996,470000,0,0,70000,0,0,110000,0,0,0,10000
Rwanda,RWA,1997,490000,0,0,80000,0,0,140000,0,0,0,10000
Rwanda,RWA,1998,530000,0,0,90000,10000,0,129999,0,0,0,10000
Rwanda,RWA,1999,590000,0,0,90000,0,0,129999,0,0,0,10000
Rwanda,RWA,2000,610000,0,0,90000,0,0,90000,0,0,0,10000
Rwanda,RWA,2001,660000,0,0,90000,0,0,90000,0,0,0,10000
Rwanda,RWA,2002,700000,0,0,100000,0,0,90000,0,0,0,10000
Rwanda,RWA,2003,770000,0,0,100000,0,0,90000,0,0,0,10000
Rwanda,RWA,2004,840000,0,0,100000,0,0,90000,0,0,0,10000
Rwanda,RWA,2005,900000,0,0,110000,0,0,80000,0,0,0,10000
Rwanda,RWA,2006,990000,0,0,120000,0,0,80000,0,0,0,10000
Rwanda,RWA,2007,1060000,0,0,120000,0,0,80000,0,0,0,10000
Rwanda,RWA,2008,1120000,0,0,129999,0,0,80000,0,0,0,10000
Rwanda,RWA,2009,1150000,0,0,140000,0,0,90000,0,0,0,10000
Rwanda,RWA,2010,1230000,0,0,150000,0,0,90000,0,0,0,10000
Rwanda,RWA,2011,1180000,0,0,150000,0,0,90000,0,0,0,10000
Rwanda,RWA,2012,1230000,0,0,150000,0,0,90000,0,0,0,10000
Rwanda,RWA,2013,1270000,0,0,160000,0,0,90000,0,0,0,10000
Rwanda,RWA,2014,1230000,0,0,160000,0,0,90000,0,0,0,10000
Rwanda,RWA,2015,1460000,0,0,170000,0,0,90000,0,0,0,10000
Rwanda,RWA,2016,1400000,0,0,170000,0,0,100000,0,0,0,10000
Rwanda,RWA,2017,1440000,0,0,170000,0,0,100000,0,0,0,10000
Rwanda,RWA,2018,1390000,0,0,170000,0,0,100000,0,0,0,10000
Rwanda,RWA,2019,1410000,0,0,180000,0,0,100000,0,10000,0,10000
Rwanda,RWA,2020,1440000,0,0,180000,0,0,100000,0,10000,0,10000
Rwanda,RWA,2021,1410000,0,0,180000,0,0,110000,0,10000,0,10000
Rwanda,RWA,2022,1250000,0,0,190000,0,0,110000,0,10000,0,10000
Rwanda,RWA,2023,1250000,0,0,190000,0,0,110000,0,10000,0,10000
Saint Kitts and Nevis,KNA,1990,10000,0,,0,0,0,0,,0,0,0
Saint Kitts and Nevis,KNA,1991,10000,0,,0,0,0,0,,0,0,0
Saint Kitts and Nevis,KNA,1992,10000,0,,0,0,0,0,,0,0,0
Saint Kitts and Nevis,KNA,1993,10000,0,,0,0,0,0,,0,0,0
Saint Kitts and Nevis,KNA,1994,10000,0,,0,0,0,0,,0,0,0
Saint Kitts and Nevis,KNA,1995,10000,0,,0,0,0,0,,0,0,0
Saint Kitts and Nevis,KNA,1996,10000,0,,0,0,0,0,,0,0,0
Saint Kitts and Nevis,KNA,1997,10000,0,,0,0,0,0,,0,0,0
Saint Kitts and Nevis,KNA,1998,10000,0,,0,0,0,0,,0,0,0
Saint Kitts and Nevis,KNA,1999,10000,0,,0,0,0,0,,0,0,0
Saint Kitts and Nevis,KNA,2000,10000,0,,0,0,0,0,,0,0,0
Saint Kitts and Nevis,KNA,2001,10000,0,,0,0,0,0,,0,0,0
Saint Kitts and Nevis,KNA,2002,10000,0,,0,0,0,0,,0,0,0
Saint Kitts and Nevis,KNA,2003,10000,0,,0,0,0,0,,0,0,0
Saint Kitts and Nevis,KNA,2004,10000,0,,0,0,0,0,,0,0,0
Saint Kitts and Nevis,KNA,2005,10000,0,,0,0,0,0,,0,0,0
Saint Kitts and Nevis,KNA,2006,10000,0,,0,0,0,0,,0,0,0
Saint Kitts and Nevis,KNA,2007,10000,0,,0,0,0,0,,0,0,0
Saint Kitts and Nevis,KNA,2008,10000,0,,0,0,0,0,,0,0,0
Saint Kitts and Nevis,KNA,2009,10000,0,0,0,0,0,0,,0,0,0
Saint Kitts and Nevis,KNA,2010,10000,0,0,0,0,0,0,,0,0,0
Saint Kitts and Nevis,KNA,2011,10000,0,0,0,0,0,0,,0,0,0
Saint Kitts and Nevis,KNA,2012,0,0,0,0,0,0,0,,0,0,0
Saint Kitts and Nevis,KNA,2013,0,0,0,0,0,0,0,,0,0,0
Saint Kitts and Nevis,KNA,2014,0,0,0,0,0,0,0,,0,0,0
Saint Kitts and Nevis,KNA,2015,0,0,0,0,0,0,0,,0,0,0
Saint Kitts and Nevis,KNA,2016,0,0,0,0,0,0,0,,0,0,0
Saint Kitts and Nevis,KNA,2017,0,0,0,0,0,0,0,,0,0,0
Saint Kitts and Nevis,KNA,2018,0,0,0,0,0,0,0,,0,0,0
Saint Kitts and Nevis,KNA,2019,0,0,0,0,0,0,0,,0,0,0
Saint Kitts and Nevis,KNA,2020,0,0,0,0,0,0,0,,0,0,0
Saint Kitts and Nevis,KNA,2021,0,0,0,0,0,0,0,,0,0,0
Saint Kitts and Nevis,KNA,2022,0,0,0,0,0,0,0,,0,0,0
Saint Kitts and Nevis,KNA,2023,0,0,0,0,0,0,0,,0,0,0
Saint Lucia,LCA,1990,20000,0,0,0,0,0,0,,0,0,0
Saint Lucia,LCA,1991,30000,0,0,0,0,0,0,,0,0,0
Saint Lucia,LCA,1992,30000,0,0,0,0,0,0,,0,0,0
Saint Lucia,LCA,1993,20000,0,0,0,0,0,0,,0,0,0
Saint Lucia,LCA,1994,10000,0,0,0,0,0,0,,0,0,0
Saint Lucia,LCA,1995,10000,0,0,0,0,0,0,,0,0,0
Saint Lucia,LCA,1996,10000,0,0,0,0,0,0,,0,0,0
Saint Lucia,LCA,1997,10000,0,0,0,0,0,0,,0,0,0
Saint Lucia,LCA,1998,20000,0,0,0,0,0,0,,0,0,0
Saint Lucia,LCA,1999,10000,0,0,0,0,0,0,,0,0,0
Saint Lucia,LCA,2000,10000,0,0,0,0,0,0,,0,0,0
Saint Lucia,LCA,2001,10000,0,0,0,0,0,0,,0,0,0
Saint Lucia,LCA,2002,10000,0,0,0,0,0,0,,0,0,0
Saint Lucia,LCA,2003,10000,0,0,0,0,0,0,,0,0,0
Saint Lucia,LCA,2004,10000,0,0,0,0,0,0,,0,0,0
Saint Lucia,LCA,2005,10000,0,0,0,0,0,0,,0,0,0
Saint Lucia,LCA,2006,10000,0,0,0,0,0,0,,0,0,0
Saint Lucia,LCA,2007,10000,0,0,0,0,0,0,,0,0,0
Saint Lucia,LCA,2008,10000,0,0,0,0,0,0,,0,0,0
Saint Lucia,LCA,2009,10000,0,0,0,0,0,0,,0,0,0
Saint Lucia,LCA,2010,10000,0,0,0,0,0,0,,0,0,0
Saint Lucia,LCA,2011,10000,0,0,0,0,0,0,,0,0,0
Saint Lucia,LCA,2012,10000,0,0,0,0,0,0,,0,0,0
Saint Lucia,LCA,2013,10000,0,0,0,0,0,0,,0,0,0
Saint Lucia,LCA,2014,10000,0,0,0,0,0,0,,0,0,0
Saint Lucia,LCA,2015,10000,0,0,0,0,0,0,,0,0,0
Saint Lucia,LCA,2016,10000,0,0,0,0,0,0,,0,0,0
Saint Lucia,LCA,2017,10000,0,0,0,0,0,0,,0,0,0
Saint Lucia,LCA,2018,10000,0,0,0,0,0,0,,0,0,0
Saint Lucia,LCA,2019,10000,0,0,0,0,0,0,,0,0,0
Saint Lucia,LCA,2020,10000,0,0,0,0,0,0,,0,0,0
Saint Lucia,LCA,2021,10000,0,0,0,0,0,0,,0,0,0
Saint Lucia,LCA,2022,10000,0,0,0,0,0,0,,0,0,0
Saint Lucia,LCA,2023,10000,0,0,0,0,0,0,,0,0,0
Saint Vincent and the Grenadines,VCT,1990,10000,0,,0,0,0,0,,,0,0
Saint Vincent and the Grenadines,VCT,1991,10000,0,,0,0,0,0,,,,0
Saint Vincent and the Grenadines,VCT,1992,10000,0,,0,0,0,0,,,,0
Saint Vincent and the Grenadines,VCT,1993,10000,0,,0,0,0,0,,,,0
Saint Vincent and the Grenadines,VCT,1994,10000,0,,0,0,0,0,,,,0
Saint Vincent and the Grenadines,VCT,1995,10000,0,,0,0,0,0,,,,0
Saint Vincent and the Grenadines,VCT,1996,10000,0,,0,0,0,0,,,,0
Saint Vincent and the Grenadines,VCT,1997,10000,0,,0,0,0,0,,,,0
Saint Vincent and the Grenadines,VCT,1998,10000,0,,0,0,0,0,,,,0
Saint Vincent and the Grenadines,VCT,1999,10000,0,,0,0,0,0,,,0,0
Saint Vincent and the Grenadines,VCT,2000,10000,0,,0,0,0,0,,,0,0
Saint Vincent and the Grenadines,VCT,2001,10000,0,,0,0,0,0,,,0,0
Saint Vincent and the Grenadines,VCT,2002,10000,0,,0,0,0,0,,,0,0
Saint Vincent and the Grenadines,VCT,2003,10000,0,,0,0,0,0,,,0,0
Saint Vincent and the Grenadines,VCT,2004,10000,0,,0,0,0,0,,,0,0
Saint Vincent and the Grenadines,VCT,2005,10000,0,,0,0,0,0,,,0,0
Saint Vincent and the Grenadines,VCT,2006,10000,0,,0,0,0,0,,,0,0
Saint Vincent and the Grenadines,VCT,2007,10000,0,,0,0,0,0,,,0,0
Saint Vincent and the Grenadines,VCT,2008,10000,0,,0,0,0,0,,,0,0
Saint Vincent and the Grenadines,VCT,2009,10000,0,,0,0,0,0,,,0,0
Saint Vincent and the Grenadines,VCT,2010,10000,0,,0,0,0,0,,,0,0
Saint Vincent and the Grenadines,VCT,2011,10000,0,,0,0,0,0,,,0,0
Saint Vincent and the Grenadines,VCT,2012,10000,0,,0,0,0,0,,,0,0
Saint Vincent and the Grenadines,VCT,2013,10000,0,,0,0,0,0,,,0,0
Saint Vincent and the Grenadines,VCT,2014,10000,0,,0,0,0,0,,,0,0
Saint Vincent and the Grenadines,VCT,2015,10000,0,,0,0,0,0,,,0,0
Saint Vincent and the Grenadines,VCT,2016,10000,0,,0,0,0,0,,,0,0
Saint Vincent and the Grenadines,VCT,2017,10000,0,,0,0,0,0,,,0,0
Saint Vincent and the Grenadines,VCT,2018,10000,0,,0,0,0,0,,,0,0
Saint Vincent and the Grenadines,VCT,2019,10000,0,,0,0,0,0,,,0,0
Saint Vincent and the Grenadines,VCT,2020,10000,0,,0,0,0,0,,,0,0
Saint Vincent and the Grenadines,VCT,2021,10000,0,,0,0,0,0,,,0,0
Saint Vincent and the Grenadines,VCT,2022,10000,0,,0,0,0,0,,,0,0
Saint Vincent and the Grenadines,VCT,2023,0,0,,0,0,0,0,,,0,0
Samoa,WSM,1990,30000,0,,0,0,0,0,,0,0,0
Samoa,WSM,1991,30000,0,,0,0,0,0,,0,0,0
Samoa,WSM,1992,30000,0,,0,0,0,0,,0,0,0
Samoa,WSM,1993,30000,0,,0,0,0,0,,0,0,0
Samoa,WSM,1994,30000,0,,0,0,0,0,,0,0,0
Samoa,WSM,1995,30000,0,,0,0,0,0,,0,0,0
Samoa,WSM,1996,30000,0,,0,0,0,0,,0,0,0
Samoa,WSM,1997,30000,0,,0,0,0,0,,0,0,0
Samoa,WSM,1998,30000,0,,0,0,0,0,,0,0,0
Samoa,WSM,1999,30000,0,,0,0,0,0,,0,0,0
Samoa,WSM,2000,30000,0,,0,0,0,0,,0,0,0
Samoa,WSM,2001,30000,0,,0,0,0,0,,0,0,0
Samoa,WSM,2002,30000,0,,0,0,0,0,,0,0,0
Samoa,WSM,2003,30000,0,,0,0,0,0,,0,0,0
Samoa,WSM,2004,40000,0,,0,0,0,0,,0,0,0
Samoa,WSM,2005,40000,0,,0,0,0,0,,0,0,0
Samoa,WSM,2006,30000,0,,0,0,0,0,,0,0,0
Samoa,WSM,2007,30000,0,,0,0,0,0,,0,0,0
Samoa,WSM,2008,30000,0,,0,0,0,0,,0,0,0
Samoa,WSM,2009,40000,0,,0,0,0,0,,0,0,0
Samoa,WSM,2010,40000,0,0,0,0,0,0,,0,0,0
Samoa,WSM,2011,40000,0,0,0,0,0,0,,0,0,0
Samoa,WSM,2012,40000,0,0,0,0,0,0,,0,0,0
Samoa,WSM,2013,40000,0,0,0,0,0,0,,0,0,0
Samoa,WSM,2014,40000,0,0,0,0,0,0,,0,0,0
Samoa,WSM,2015,50000,0,0,0,0,0,0,,0,0,0
Samoa,WSM,2016,40000,0,0,0,0,0,0,,0,0,0
Samoa,WSM,2017,40000,0,0,0,0,0,0,,0,0,0
Samoa,WSM,2018,40000,0,0,0,0,0,0,,0,0,0
Samoa,WSM,2019,30000,0,0,0,0,0,0,,0,0,0
Samoa,WSM,2020,30000,0,0,0,0,0,0,,0,0,0
Samoa,WSM,2021,40000,0,0,0,0,0,0,,0,0,0
Samoa,WSM,2022,30000,0,0,0,0,0,0,,0,0,0
Samoa,WSM,2023,30000,0,0,0,0,0,0,,0,0,0
Sao Tome and Principe,STP,1990,0,0,,0,0,0,0,,0,0,0
Sao Tome and Principe,STP,1991,0,0,,0,0,0,0,,0,0,0
Sao Tome and Principe,STP,1992,0,0,,0,0,0,0,,0,0,0
Sao Tome and Principe,STP,1993,0,0,,0,0,0,0,,0,0,0
Sao Tome and Principe,STP,1994,0,0,,0,0,0,0,,0,0,0
Sao Tome and Principe,STP,1995,0,0,,0,0,0,0,,0,0,0
Sao Tome and Principe,STP,1996,0,0,,0,0,0,0,,0,0,0
Sao Tome and Principe,STP,1997,0,0,,0,0,0,0,,0,0,0
Sao Tome and Principe,STP,1998,0,0,,0,0,0,0,,0,0,0
Sao Tome and Principe,STP,1999,0,0,,0,0,0,0,,0,0,0
Sao Tome and Principe,STP,2000,0,0,,0,0,0,0,,0,0,0
Sao Tome and Principe,STP,2001,10000,0,,0,0,0,0,,0,0,0
Sao Tome and Principe,STP,2002,10000,0,,0,0,0,0,,0,0,0
Sao Tome and Principe,STP,2003,10000,0,,0,0,0,0,,0,0,0
Sao Tome and Principe,STP,2004,10000,0,,0,0,0,0,,0,0,0
Sao Tome and Principe,STP,2005,10000,0,,0,0,0,0,,0,0,0
Sao Tome and Principe,STP,2006,10000,0,,0,0,0,0,,0,0,0
Sao Tome and Principe,STP,2007,10000,0,,0,0,0,0,,0,0,0
Sao Tome and Principe,STP,2008,10000,0,,0,0,0,0,,0,0,0
Sao Tome and Principe,STP,2009,10000,0,,0,0,0,0,,0,0,0
Sao Tome and Principe,STP,2010,10000,0,0,0,0,0,0,,0,0,0
Sao Tome and Principe,STP,2011,10000,0,0,0,0,0,0,,0,0,0
Sao Tome and Principe,STP,2012,10000,0,0,0,0,0,0,,0,0,0
Sao Tome and Principe,STP,2013,10000,0,0,0,0,0,0,,0,0,0
Sao Tome and Principe,STP,2014,10000,0,0,0,0,0,0,,0,0,0
Sao Tome and Principe,STP,2015,10000,0,0,0,0,0,0,,0,0,0
Sao Tome and Principe,STP,2016,10000,0,0,0,0,0,0,,0,0,0
Sao Tome and Principe,STP,2017,10000,0,0,0,0,0,0,,0,0,0
Sao Tome and Principe,STP,2018,10000,0,0,0,0,0,0,,0,0,0
Sao Tome and Principe,STP,2019,10000,0,0,0,0,0,0,,0,0,0
Sao Tome and Principe,STP,2020,10000,0,0,0,0,0,0,,0,0,0
Sao Tome and Principe,STP,2021,10000,0,0,0,0,0,0,,0,0,0
Sao Tome and Principe,STP,2022,10000,0,0,0,0,0,0,,0,0,0
Sao Tome and Principe,STP,2023,10000,0,0,0,0,0,0,,0,0,0
Saudi Arabia,SAU,1990,3020000,900000,0,600000,0,0,10000,20000,30000,80000,830000
Saudi Arabia,SAU,1991,3170000,950000,0,610000,0,0,10000,20000,40000,90000,870000
Saudi Arabia,SAU,1992,3280000,1060000,0,630000,0,0,10000,20000,40000,100000,930000
Saudi Arabia,SAU,1993,3090000,1210000,0,650000,0,0,10000,20000,40000,100000,990000
Saudi Arabia,SAU,1994,2840000,1520000,0,660000,0,0,10000,20000,50000,90000,1050000
Saudi Arabia,SAU,1995,2490000,1380000,0,680000,0,0,10000,20000,50000,80000,950000
Saudi Arabia,SAU,1996,2580000,1380000,0,700000,0,0,10000,20000,60000,80000,1000000
Saudi Arabia,SAU,1997,2770000,1300000,0,710000,0,0,10000,20000,50000,80000,1010000
Saudi Arabia,SAU,1998,2870000,1420000,0,730000,0,0,10000,20000,60000,80000,1020000
Saudi Arabia,SAU,1999,2860000,1380000,0,750000,0,0,10000,20000,70000,90000,1030000
Saudi Arabia,SAU,2000,3010000,1700000,0,760000,0,0,10000,20000,70000,90000,1070000
Saudi Arabia,SAU,2001,3090000,1770000,0,790000,0,0,10000,20000,80000,90000,1110000
Saudi Arabia,SAU,2002,3140000,1710000,0,810000,0,0,10000,20000,80000,90000,1170000
Saudi Arabia,SAU,2003,3230000,1710000,0,830000,0,0,10000,20000,90000,90000,1210000
Saudi Arabia,SAU,2004,3350000,1650000,0,860000,0,0,10000,20000,90000,90000,1270000
Saudi Arabia,SAU,2005,3150000,1670000,0,880000,0,0,10000,20000,90000,90000,1340000
Saudi Arabia,SAU,2006,3140000,1750000,0,900000,0,0,10000,20000,90000,100000,1440000
Saudi Arabia,SAU,2007,3300000,2160000,0,930000,0,0,10000,20000,100000,100000,1600000
Saudi Arabia,SAU,2008,2790000,2089999,0,950000,0,0,10000,20000,110000,110000,1730000
Saudi Arabia,SAU,2009,2510000,1980000,0,970000,0,0,10000,20000,120000,100000,1800000
Saudi Arabia,SAU,2010,2670000,2069999,0,990000,0,0,10000,20000,140000,100000,1870000
Saudi Arabia,SAU,2011,3070000,2110000,0,1030000,0,0,10000,20000,129999,120000,2050000
Saudi Arabia,SAU,2012,3200000,2390000,0,1070000,0,0,10000,20000,110000,120000,2230000
Saudi Arabia,SAU,2013,3120000,2390000,0,1090000,0,0,10000,20000,110000,120000,2280000
Saudi Arabia,SAU,2014,2950000,2700000,0,1230000,0,0,10000,40000,129999,120000,2410000
Saudi Arabia,SAU,2015,3160000,2920000,0,1250000,0,0,10000,30000,129999,129999,2590000
Saudi Arabia,SAU,2016,3210000,2990000,0,1240000,0,0,20000,30000,120000,140000,2580000
Saudi Arabia,SAU,2017,3110000,3070000,0,1260000,0,0,20000,30000,120000,150000,2540000
Saudi Arabia,SAU,2018,3160000,3150000,0,1310000,0,0,20000,30000,110000,160000,2410000
Saudi Arabia,SAU,2019,3230000,3220000,0,1380000,0,0,20000,20000,100000,150000,2410000
Saudi Arabia,SAU,2020,4770000,3300000,0,1400000,0,0,10000,30000,110000,90000,2140000
Saudi Arabia,SAU,2021,4660000,3380000,0,1400000,0,0,10000,30000,100000,90000,2250000
Saudi Arabia,SAU,2022,5170000,3450000,0,1420000,0,0,10000,30000,110000,140000,2420000
Saudi Arabia,SAU,2023,4980000,3530000,0,1440000,0,0,20000,30000,110000,160000,2500000
Senegal,SEN,1990,3050000,20000,0,129999,129999,0,20000,0,0,0,10000
Senegal,SEN,1991,3140000,40000,0,129999,129999,0,20000,0,0,0,10000
Senegal,SEN,1992,3180000,40000,0,140000,129999,0,20000,0,0,0,10000
Senegal,SEN,1993,3280000,30000,0,140000,129999,0,20000,0,0,0,10000
Senegal,SEN,1994,3330000,40000,0,140000,129999,0,20000,0,0,0,10000
Senegal,SEN,1995,3330000,40000,0,150000,129999,0,20000,0,0,0,10000
Senegal,SEN,1996,3670000,30000,0,150000,230000,0,20000,0,0,10000,10000
Senegal,SEN,1997,3570000,40000,0,160000,300000,0,20000,0,0,10000,10000
Senegal,SEN,1998,3470000,50000,0,160000,519999,0,20000,0,0,10000,10000
Senegal,SEN,1999,3780000,30000,0,160000,740000,0,20000,0,0,10000,20000
Senegal,SEN,2000,4200000,30000,0,170000,490000,0,20000,0,0,10000,20000
Senegal,SEN,2001,3690000,30000,0,170000,30000,0,20000,0,0,10000,20000
Senegal,SEN,2002,3500000,40000,0,170000,10000,0,20000,0,0,10000,20000
Senegal,SEN,2003,3160000,40000,0,170000,10000,0,20000,0,0,10000,20000
Senegal,SEN,2004,3650000,40000,0,180000,10000,0,20000,0,0,10000,20000
Senegal,SEN,2005,3770000,40000,0,180000,10000,0,20000,0,0,10000,20000
Senegal,SEN,2006,3920000,40000,0,190000,50000,0,20000,0,0,10000,20000
Senegal,SEN,2007,3610000,40000,0,200000,40000,0,20000,0,0,10000,30000
Senegal,SEN,2008,3820000,30000,0,210000,70000,0,30000,0,0,10000,30000
Senegal,SEN,2009,3840000,40000,0,210000,50000,0,40000,0,0,10000,30000
Senegal,SEN,2010,4100000,40000,0,220000,40000,0,40000,0,0,10000,30000
Senegal,SEN,2011,4200000,30000,0,220000,30000,0,40000,0,10000,10000,30000
Senegal,SEN,2012,3890000,20000,0,230000,60000,0,40000,0,10000,10000,30000
Senegal,SEN,2013,4139999,0,0,240000,80000,0,30000,0,10000,10000,30000
Senegal,SEN,2014,4070000,0,0,250000,50000,0,40000,0,10000,10000,40000
Senegal,SEN,2015,3850000,10000,0,259999,20000,0,40000,0,10000,10000,40000
Senegal,SEN,2016,4480000,10000,0,270000,30000,0,40000,0,10000,10000,40000
Senegal,SEN,2017,4630000,10000,0,280000,10000,0,30000,0,0,0,40000
Senegal,SEN,2018,4440000,10000,0,300000,20000,0,40000,0,10000,10000,40000
Senegal,SEN,2019,4630000,10000,0,310000,20000,0,40000,0,10000,10000,50000
Senegal,SEN,2020,5030000,10000,0,320000,50000,0,40000,0,10000,10000,40000
Senegal,SEN,2021,4830000,10000,0,330000,40000,0,40000,0,10000,10000,60000
Senegal,SEN,2022,4980000,10000,0,340000,20000,0,40000,0,10000,10000,70000
Senegal,SEN,2023,4930000,10000,0,350000,10000,0,40000,0,0,10000,80000
Serbia,SRB,1990,3820000,0,20000,210000,0,0,60000,0,20000,0,80000
Serbia,SRB,1991,3450000,0,20000,210000,0,0,50000,0,10000,0,60000
Serbia,SRB,1992,2700000,0,10000,210000,0,0,40000,0,20000,0,40000
Serbia,SRB,1993,2630000,0,0,210000,0,0,40000,0,10000,0,50000
Serbia,SRB,1994,2650000,80000,0,210000,0,0,40000,0,10000,0,40000
Serbia,SRB,1995,3110000,90000,0,210000,0,0,40000,0,10000,0,50000
Serbia,SRB,1996,3170000,80000,10000,210000,10000,0,40000,0,20000,0,80000
Serbia,SRB,1997,3420000,160000,10000,210000,10000,0,40000,0,20000,0,110000
Serbia,SRB,1998,3160000,150000,0,210000,10000,0,40000,0,20000,0,90000
Serbia,SRB,1999,2950000,50000,0,210000,10000,0,40000,0,10000,0,40000
Serbia,SRB,2000,2610000,60000,0,210000,20000,0,40000,0,10000,0,40000
Serbia,SRB,2001,2980000,70000,10000,210000,0,0,40000,0,10000,0,60000
Serbia,SRB,2002,2870000,120000,10000,210000,0,0,40000,0,20000,0,70000
Serbia,SRB,2003,2590000,90000,10000,210000,0,0,40000,0,20000,0,80000
Serbia,SRB,2004,3500000,150000,10000,210000,0,0,40000,0,20000,0,110000
Serbia,SRB,2005,3210000,129999,0,210000,0,0,40000,0,10000,0,110000
Serbia,SRB,2006,3010000,60000,0,210000,0,0,40000,0,20000,0,120000
Serbia,SRB,2007,3330000,80000,0,210000,10000,0,50000,0,20000,0,90000
Serbia,SRB,2008,2920000,50000,0,210000,0,0,40000,0,10000,0,100000
Serbia,SRB,2009,3490000,60000,0,210000,0,0,50000,0,10000,0,90000
Serbia,SRB,2010,2810000,90000,0,210000,0,0,50000,0,10000,0,90000
Serbia,SRB,2011,2920000,100000,0,210000,0,0,50000,0,20000,0,80000
Serbia,SRB,2012,3410000,129999,0,210000,10000,0,50000,0,10000,0,70000
Serbia,SRB,2013,3430000,150000,0,210000,0,0,40000,0,20000,0,80000
Serbia,SRB,2014,2800000,110000,0,290000,0,0,40000,0,10000,0,90000
Serbia,SRB,2015,2600000,80000,0,290000,0,0,40000,0,10000,0,90000
Serbia,SRB,2016,2900000,80000,0,300000,0,0,50000,0,10000,0,90000
Serbia,SRB,2017,2620000,80000,0,300000,0,0,40000,0,20000,0,100000
Serbia,SRB,2018,2200000,80000,0,310000,0,0,40000,0,20000,0,100000
Serbia,SRB,2019,2280000,80000,0,310000,10000,0,40000,0,10000,0,110000
Serbia,SRB,2020,2970000,90000,0,310000,0,0,70000,0,10000,0,100000
Serbia,SRB,2021,2120000,90000,0,310000,0,0,70000,0,10000,0,110000
Serbia,SRB,2022,2870000,90000,0,310000,0,0,70000,0,10000,0,120000
Serbia,SRB,2023,2710000,90000,0,300000,0,0,70000,0,10000,0,120000
Seychelles,SYC,1990,10000,0,0,0,0,0,0,,,0,0
Seychelles,SYC,1991,10000,0,0,0,0,0,0,,,0,0
Seychelles,SYC,1992,10000,0,0,0,0,0,0,,,0,0
Seychelles,SYC,1993,10000,0,0,0,0,0,0,,,0,0
Seychelles,SYC,1994,10000,0,0,0,0,0,0,,,0,0
Seychelles,SYC,1995,10000,0,0,0,0,0,0,,,0,0
Seychelles,SYC,1996,10000,0,0,0,0,0,0,,,0,0
Seychelles,SYC,1997,10000,0,0,0,0,0,0,,,0,0
Seychelles,SYC,1998,10000,0,0,0,0,0,0,,,0,0
Seychelles,SYC,1999,10000,0,0,0,0,0,0,,,0,0
Seychelles,SYC,2000,10000,0,0,0,0,0,0,,,0,0
Seychelles,SYC,2001,0,0,0,0,0,0,0,,,0,0
Seychelles,SYC,2002,0,0,0,0,0,0,0,,,0,0
Seychelles,SYC,2003,0,0,0,0,0,0,0,,,0,0
Seychelles,SYC,2004,0,0,0,0,0,0,0,,,0,0
Seychelles,SYC,2005,0,0,0,0,0,0,0,,,0,0
Seychelles,SYC,2006,0,0,0,0,0,0,0,,,0,0
Seychelles,SYC,2007,0,0,0,0,0,0,0,,,0,0
Seychelles,SYC,2008,0,0,0,0,0,0,0,,,0,0
Seychelles,SYC,2009,0,0,0,0,0,0,0,,0,0,0
Seychelles,SYC,2010,0,0,0,0,0,0,0,,0,0,0
Seychelles,SYC,2011,0,0,0,0,0,0,0,,0,0,0
Seychelles,SYC,2012,0,0,0,0,0,0,0,,0,0,0
Seychelles,SYC,2013,0,0,0,0,0,0,0,,0,0,0
Seychelles,SYC,2014,0,0,0,0,0,0,0,,0,0,0
Seychelles,SYC,2015,0,0,0,0,0,0,0,,0,0,0
Seychelles,SYC,2016,0,0,0,0,0,0,0,,0,0,0
Seychelles,SYC,2017,0,0,0,0,0,0,0,,0,0,0
Seychelles,SYC,2018,0,0,0,0,0,0,0,,0,0,0
Seychelles,SYC,2019,0,0,0,0,0,0,0,,0,0,0
Seychelles,SYC,2020,0,0,0,0,0,0,0,,0,0,0
Seychelles,SYC,2021,0,0,0,0,0,0,0,,0,0,0
Seychelles,SYC,2022,0,0,0,0,0,0,0,,0,0,0
Seychelles,SYC,2023,0,0,0,0,0,0,0,,0,0,0
Sierra Leone,SLE,1990,570000,0,,30000,20000,0,0,,0,0,0
Sierra Leone,SLE,1991,560000,0,,30000,20000,0,0,,0,0,0
Sierra Leone,SLE,1992,580000,0,,30000,20000,0,0,,0,0,0
Sierra Leone,SLE,1993,590000,0,,30000,20000,0,0,,0,0,0
Sierra Leone,SLE,1994,600000,0,,30000,20000,0,0,,0,0,0
Sierra Leone,SLE,1995,590000,0,,30000,20000,0,0,,0,0,0
Sierra Leone,SLE,1996,430000,0,,30000,20000,0,0,,0,0,0
Sierra Leone,SLE,1997,420000,0,,30000,30000,0,0,,0,0,0
Sierra Leone,SLE,1998,400000,0,,30000,60000,0,0,,0,0,0
Sierra Leone,SLE,1999,380000,0,,30000,40000,0,0,,0,0,0
Sierra Leone,SLE,2000,360000,0,0,30000,40000,0,0,,0,0,0
Sierra Leone,SLE,2001,370000,0,0,30000,10000,0,0,,0,0,0
Sierra Leone,SLE,2002,420000,0,0,40000,0,0,0,,0,0,0
Sierra Leone,SLE,2003,580000,0,0,40000,40000,0,0,,0,0,0
Sierra Leone,SLE,2004,650000,0,0,40000,20000,0,0,,0,0,0
Sierra Leone,SLE,2005,650000,0,0,40000,10000,0,0,,0,0,0
Sierra Leone,SLE,2006,970000,0,,50000,40000,0,0,,0,0,0
Sierra Leone,SLE,2007,880000,0,0,50000,20000,0,0,,0,0,0
Sierra Leone,SLE,2008,720000,0,0,50000,10000,0,0,,0,0,0
Sierra Leone,SLE,2009,800000,0,0,50000,20000,0,0,,0,0,0
Sierra Leone,SLE,2010,740000,0,0,50000,10000,0,0,,0,0,0
Sierra Leone,SLE,2011,830000,0,0,60000,10000,0,0,,0,0,0
Sierra Leone,SLE,2012,1030000,0,0,60000,20000,0,0,,0,0,0
Sierra Leone,SLE,2013,1010000,0,0,60000,20000,0,0,,0,0,0
Sierra Leone,SLE,2014,1050000,0,0,60000,30000,0,0,,0,0,0
Sierra Leone,SLE,2015,1110000,0,0,60000,129999,0,0,,0,0,0
Sierra Leone,SLE,2016,1030000,0,0,60000,10000,0,0,,0,0,0
Sierra Leone,SLE,2017,1020000,0,0,60000,20000,0,0,,0,0,0
Sierra Leone,SLE,2018,990000,0,0,60000,10000,0,0,,0,0,0
Sierra Leone,SLE,2019,940000,0,0,70000,10000,0,0,,0,0,0
Sierra Leone,SLE,2020,970000,0,0,70000,10000,0,0,,0,0,0
Sierra Leone,SLE,2021,1090000,0,0,70000,10000,0,0,,0,0,0
Sierra Leone,SLE,2022,1060000,0,0,70000,20000,0,0,,0,0,0
Sierra Leone,SLE,2023,1020000,0,0,70000,10000,0,0,,0,0,0
Singapore,SGP,1990,40000,6800000,0,0,0,0,0,10000,0,280000,70000
Singapore,SGP,1991,20000,6800000,0,0,0,0,0,20000,0,259999,80000
Singapore,SGP,1992,20000,6800000,0,0,0,0,0,20000,0,310000,80000
Singapore,SGP,1993,20000,6800000,0,0,0,0,0,20000,0,290000,80000
Singapore,SGP,1994,30000,6800000,0,50000,0,0,0,20000,0,310000,80000
Singapore,SGP,1995,30000,7250000,0,50000,0,0,0,20000,0,300000,90000
Singapore,SGP,1996,30000,7250000,0,50000,0,0,0,20000,0,350000,90000
Singapore,SGP,1997,20000,7250000,0,60000,0,0,0,20000,0,410000,90000
Singapore,SGP,1998,20000,8160000,0,60000,0,0,0,20000,0,430000,90000
Singapore,SGP,1999,20000,8160000,0,60000,0,0,0,10000,0,490000,90000
Singapore,SGP,2000,20000,8160000,0,60000,0,0,0,10000,0,490000,90000
Singapore,SGP,2001,20000,8160000,0,60000,0,0,0,10000,0,519999,90000
Singapore,SGP,2002,10000,8160000,0,70000,0,0,0,10000,0,519999,90000
Singapore,SGP,2003,10000,7840000,0,70000,0,0,0,10000,0,519999,90000
Singapore,SGP,2004,10000,7270000,0,70000,0,0,0,10000,0,600000,90000
Singapore,SGP,2005,10000,6740000,0,70000,0,0,0,10000,0,650000,90000
Singapore,SGP,2006,10000,6250000,0,70000,0,0,0,10000,10000,720000,100000
Singapore,SGP,2007,10000,5670000,0,80000,0,0,0,10000,10000,790000,100000
Singapore,SGP,2008,10000,5850000,0,80000,0,0,0,10000,10000,860000,100000
Singapore,SGP,2009,10000,6160000,0,80000,0,0,0,0,10000,890000,110000
Singapore,SGP,2010,20000,5710000,0,80000,0,0,0,0,10000,1000000,110000
Singapore,SGP,2011,10000,5720000,0,90000,0,0,0,10000,10000,1060000,110000
Singapore,SGP,2012,20000,6130000,0,90000,0,0,0,10000,10000,1060000,110000
Singapore,SGP,2013,20000,6610000,0,80000,0,0,0,0,10000,1070000,110000
Singapore,SGP,2014,20000,6870000,0,80000,0,0,0,0,10000,1070000,110000
Singapore,SGP,2015,20000,7150000,0,70000,0,0,0,0,10000,1130000,120000
Singapore,SGP,2016,20000,7470000,0,70000,0,0,0,0,10000,1210000,120000
Singapore,SGP,2017,20000,7800000,0,60000,0,0,0,10000,20000,1270000,110000
Singapore,SGP,2018,20000,8140000,0,60000,0,0,0,0,10000,1260000,110000
Singapore,SGP,2019,20000,8500000,0,0,0,0,0,0,10000,1220000,100000
Singapore,SGP,2020,20000,8860000,0,0,0,0,0,0,10000,1140000,100000
Singapore,SGP,2021,20000,9240000,0,0,0,0,0,0,10000,1130000,100000
Singapore,SGP,2022,10000,9640000,0,0,0,0,0,0,10000,1140000,100000
Singapore,SGP,2023,10000,10040000,0,0,0,0,0,0,10000,1260000,100000
Slovakia,SVK,1990,2190000,1030000,0,120000,0,0,40000,0,40000,0,70000
Slovakia,SVK,1991,1640000,730000,0,110000,0,0,30000,0,40000,0,60000
Slovakia,SVK,1992,1510000,650000,0,100000,0,0,20000,0,30000,0,60000
Slovakia,SVK,1993,1420000,510000,0,90000,0,0,20000,0,40000,0,50000
Slovakia,SVK,1994,1360000,890000,0,90000,0,0,20000,0,40000,0,60000
Slovakia,SVK,1995,1310000,1020000,0,90000,0,0,10000,0,30000,0,60000
Slovakia,SVK,1996,1350000,1190000,0,90000,0,0,10000,0,30000,0,60000
Slovakia,SVK,1997,1320000,1120000,0,90000,0,0,10000,0,30000,0,70000
Slovakia,SVK,1998,1310000,960000,0,90000,0,0,10000,0,30000,0,70000
Slovakia,SVK,1999,1100000,720000,0,80000,0,0,10000,0,30000,0,70000
Slovakia,SVK,2000,1140000,920000,0,80000,0,0,10000,0,30000,0,70000
Slovakia,SVK,2001,1180000,1050000,0,70000,0,0,10000,0,30000,0,80000
Slovakia,SVK,2002,1170000,960000,0,70000,0,0,10000,0,20000,0,90000
Slovakia,SVK,2003,1110000,1060000,0,60000,0,0,10000,0,30000,0,80000
Slovakia,SVK,2004,1170000,1230000,0,60000,0,0,10000,0,30000,0,80000
Slovakia,SVK,2005,1090000,1170000,0,50000,0,0,10000,0,30000,0,90000
Slovakia,SVK,2006,1110000,1420000,0,50000,0,0,10000,0,20000,0,90000
Slovakia,SVK,2007,1080000,1280000,0,50000,0,0,10000,0,30000,0,110000
Slovakia,SVK,2008,1070000,1190000,0,50000,0,0,10000,0,30000,0,110000
Slovakia,SVK,2009,1060000,1000000,0,50000,0,0,10000,0,30000,0,100000
Slovakia,SVK,2010,1050000,840000,0,50000,0,0,40000,0,30000,0,120000
Slovakia,SVK,2011,1150000,430000,0,50000,0,0,40000,0,30000,0,120000
Slovakia,SVK,2012,1170000,340000,0,50000,0,0,40000,0,20000,0,110000
Slovakia,SVK,2013,1200000,220000,0,50000,0,0,40000,0,20000,0,120000
Slovakia,SVK,2014,1290000,200000,0,50000,0,0,20000,0,30000,0,120000
Slovakia,SVK,2015,1230000,190000,0,50000,0,0,30000,0,30000,0,120000
Slovakia,SVK,2016,1340000,170000,0,50000,0,0,30000,0,30000,0,129999
Slovakia,SVK,2017,1240000,160000,0,50000,0,0,30000,0,30000,0,150000
Slovakia,SVK,2018,1300000,160000,0,50000,0,0,30000,0,30000,0,140000
Slovakia,SVK,2019,1290000,140000,0,40000,0,0,30000,0,30000,0,150000
Slovakia,SVK,2020,1300000,129999,0,50000,0,0,30000,0,30000,0,140000
Slovakia,SVK,2021,1260000,110000,0,40000,0,0,40000,0,30000,0,140000
Slovakia,SVK,2022,1150000,110000,0,40000,0,0,30000,0,30000,0,150000
Slovakia,SVK,2023,1150000,120000,0,50000,0,0,20000,0,30000,0,150000
Slovenia,SVN,1990,830000,40000,0,40000,0,0,10000,0,10000,0,50000
Slovenia,SVN,1991,750000,30000,0,30000,0,0,10000,0,10000,0,50000
Slovenia,SVN,1992,670000,20000,0,30000,0,0,10000,0,10000,0,50000
Slovenia,SVN,1993,640000,20000,0,30000,0,0,10000,0,10000,0,60000
Slovenia,SVN,1994,660000,20000,0,30000,0,0,10000,0,10000,0,70000
Slovenia,SVN,1995,600000,10000,0,30000,0,0,10000,0,10000,0,80000
Slovenia,SVN,1996,540000,20000,0,30000,0,0,10000,0,10000,0,90000
Slovenia,SVN,1997,590000,20000,0,30000,0,0,10000,0,10000,0,90000
Slovenia,SVN,1998,590000,20000,0,30000,0,0,10000,0,0,0,70000
Slovenia,SVN,1999,570000,30000,0,30000,0,0,10000,0,0,0,70000
Slovenia,SVN,2000,570000,40000,0,30000,0,0,20000,0,10000,0,70000
Slovenia,SVN,2001,580000,30000,0,30000,0,0,30000,0,10000,0,70000
Slovenia,SVN,2002,570000,30000,0,30000,0,0,20000,0,10000,0,70000
Slovenia,SVN,2003,570000,30000,0,30000,0,0,30000,0,10000,0,70000
Slovenia,SVN,2004,540000,30000,0,30000,0,0,20000,0,10000,0,70000
Slovenia,SVN,2005,519999,40000,0,30000,0,0,30000,0,10000,0,80000
Slovenia,SVN,2006,519999,40000,0,30000,0,0,30000,0,10000,0,80000
Slovenia,SVN,2007,519999,40000,0,30000,0,0,30000,0,10000,0,90000
Slovenia,SVN,2008,519999,20000,0,30000,0,0,30000,0,10000,0,110000
Slovenia,SVN,2009,510000,30000,0,30000,0,0,30000,0,10000,0,90000
Slovenia,SVN,2010,519999,30000,0,30000,0,0,30000,0,10000,0,100000
Slovenia,SVN,2011,510000,40000,0,30000,0,0,30000,0,10000,0,100000
Slovenia,SVN,2012,500000,50000,0,30000,0,0,30000,0,0,0,100000
Slovenia,SVN,2013,490000,30000,0,30000,0,0,30000,0,10000,0,100000
Slovenia,SVN,2014,510000,20000,0,30000,0,0,20000,0,10000,0,100000
Slovenia,SVN,2015,510000,30000,0,30000,0,0,20000,0,10000,0,90000
Slovenia,SVN,2016,510000,30000,0,30000,0,0,30000,0,10000,0,90000
Slovenia,SVN,2017,510000,20000,0,30000,0,0,20000,0,10000,0,100000
Slovenia,SVN,2018,500000,30000,0,30000,0,0,20000,0,10000,10000,110000
Slovenia,SVN,2019,510000,60000,0,30000,0,0,20000,0,10000,0,110000
Slovenia,SVN,2020,519999,60000,0,30000,0,0,20000,0,10000,0,90000
Slovenia,SVN,2021,519999,30000,0,30000,0,0,20000,0,10000,0,100000
Slovenia,SVN,2022,490000,30000,0,30000,10000,0,20000,0,10000,0,100000
Slovenia,SVN,2023,470000,30000,0,30000,0,0,20000,0,10000,0,100000
Solomon Islands,SLB,1990,10000,0,0,10000,0,0,0,,0,0,0
Solomon Islands,SLB,1991,10000,0,0,10000,0,0,0,,0,0,0
Solomon Islands,SLB,1992,10000,0,0,10000,0,0,0,,0,0,0
Solomon Islands,SLB,1993,10000,0,0,10000,0,0,0,,0,0,0
Solomon Islands,SLB,1994,10000,0,0,10000,0,0,0,,0,0,0
Solomon Islands,SLB,1995,10000,0,0,10000,0,0,0,,0,0,0
Solomon Islands,SLB,1996,10000,0,0,10000,0,0,0,,0,0,0
Solomon Islands,SLB,1997,10000,0,0,10000,0,0,0,,0,0,0
Solomon Islands,SLB,1998,10000,0,0,10000,0,0,0,,0,0,0
Solomon Islands,SLB,1999,10000,0,0,10000,0,0,0,,0,0,0
Solomon Islands,SLB,2000,10000,0,0,10000,0,0,0,,0,0,0
Solomon Islands,SLB,2001,10000,0,0,10000,0,0,0,,0,0,0
Solomon Islands,SLB,2002,10000,0,0,10000,0,0,0,,0,0,0
Solomon Islands,SLB,2003,10000,0,0,10000,0,0,0,,0,0,0
Solomon Islands,SLB,2004,10000,0,0,10000,0,0,0,,0,0,0
Solomon Islands,SLB,2005,20000,0,0,10000,0,0,0,,0,0,0
Solomon Islands,SLB,2006,10000,0,0,10000,0,0,0,,0,0,0
Solomon Islands,SLB,2007,20000,0,0,10000,0,0,0,,0,0,0
Solomon Islands,SLB,2008,10000,0,0,10000,0,0,0,,0,0,0
Solomon Islands,SLB,2009,10000,0,0,10000,0,0,0,,0,0,0
Solomon Islands,SLB,2010,10000,0,0,10000,0,0,0,,0,0,0
Solomon Islands,SLB,2011,20000,0,0,10000,0,0,0,,0,0,0
Solomon Islands,SLB,2012,20000,0,0,10000,0,0,0,,0,0,0
Solomon Islands,SLB,2013,20000,0,0,10000,0,0,0,,0,0,0
Solomon Islands,SLB,2014,10000,0,0,10000,0,0,0,,0,0,0
Solomon Islands,SLB,2015,20000,0,0,10000,0,0,0,,0,0,0
Solomon Islands,SLB,2016,20000,0,0,10000,0,0,0,,0,0,0
Solomon Islands,SLB,2017,20000,0,0,10000,0,0,0,,0,0,0
Solomon Islands,SLB,2018,20000,0,0,10000,0,0,0,,0,0,0
Solomon Islands,SLB,2019,20000,0,0,10000,0,0,0,,0,0,0
Solomon Islands,SLB,2020,20000,0,0,10000,0,0,0,,0,0,0
Solomon Islands,SLB,2021,10000,0,0,10000,0,0,0,,0,0,0
Solomon Islands,SLB,2022,10000,0,0,10000,0,0,0,,0,0,0
Solomon Islands,SLB,2023,10000,0,0,10000,0,0,0,,0,0,0
Somalia,SOM,1990,5910000,0,0,50000,0,0,0,,0,0,0
Somalia,SOM,1991,5010000,0,0,50000,0,0,0,,0,0,0
Somalia,SOM,1992,4390000,0,0,50000,0,0,0,,0,0,0
Somalia,SOM,1993,5010000,0,0,50000,0,0,0,,0,0,0
Somalia,SOM,1994,5620000,0,0,50000,0,0,0,,0,0,0
Somalia,SOM,1995,5790000,0,0,50000,0,0,0,,0,0,0
Somalia,SOM,1996,5930000,0,0,50000,0,0,0,,0,0,0
Somalia,SOM,1997,6050000,0,0,60000,0,0,0,,0,0,0
Somalia,SOM,1998,5930000,0,0,60000,0,0,0,,0,0,0
Somalia,SOM,1999,5880000,0,0,60000,0,0,0,,0,0,0
Somalia,SOM,2000,5940000,0,0,60000,0,0,0,,0,0,0
Somalia,SOM,2001,6070000,0,0,60000,0,0,0,,0,0,0
Somalia,SOM,2002,6140000,0,0,70000,0,0,0,,0,0,0
Somalia,SOM,2003,6200000,0,0,70000,0,0,0,,0,0,0
Somalia,SOM,2004,6280000,0,0,70000,0,0,0,,0,0,0
Somalia,SOM,2005,6460000,0,0,70000,0,0,0,,0,0,0
Somalia,SOM,2006,6000000,0,0,80000,0,0,0,,0,0,0
Somalia,SOM,2007,5580000,0,,80000,0,0,0,,0,0,0
Somalia,SOM,2008,5570000,0,,80000,0,0,0,,0,0,0
Somalia,SOM,2009,5570000,0,,80000,0,0,0,,0,0,0
Somalia,SOM,2010,5610000,0,,90000,0,0,0,,0,0,0
Somalia,SOM,2011,5620000,0,,90000,0,0,0,,0,0,0
Somalia,SOM,2012,5690000,0,,90000,0,0,0,,0,0,0
Somalia,SOM,2013,5700000,0,,90000,0,0,0,,0,0,0
Somalia,SOM,2014,5710000,0,,90000,0,0,0,,0,0,0
Somalia,SOM,2015,5690000,0,,90000,0,0,0,,0,0,0
Somalia,SOM,2016,5660000,0,,100000,0,0,0,,0,0,0
Somalia,SOM,2017,5600000,0,,100000,0,0,0,,0,0,0
Somalia,SOM,2018,5610000,0,,100000,0,0,0,,0,0,0
Somalia,SOM,2019,5630000,0,,100000,0,0,0,,0,0,0
Somalia,SOM,2020,5650000,0,,110000,0,0,0,,0,0,0
Somalia,SOM,2021,5570000,0,,110000,0,0,0,,0,0,0
Somalia,SOM,2022,5490000,0,,110000,0,0,0,,0,0,0
Somalia,SOM,2023,5470000,0,,120000,0,0,0,,0,0,0
South Africa,ZAF,1990,13070000,680000,10000,630000,170000,0,300000,0,300000,50000,550000
South Africa,ZAF,1991,13060000,660000,10000,650000,170000,0,310000,0,280000,50000,550000
South Africa,ZAF,1992,12700000,610000,10000,670000,170000,0,310000,0,270000,70000,560000
South Africa,ZAF,1993,12970000,610000,10000,690000,170000,0,330000,0,240000,60000,620000
South Africa,ZAF,1994,12700000,530000,10000,700000,170000,0,330000,0,230000,70000,650000
South Africa,ZAF,1995,12490000,560000,10000,680000,170000,0,330000,0,250000,80000,720000
South Africa,ZAF,1996,13250000,590000,10000,650000,460000,0,330000,0,270000,90000,690000
South Africa,ZAF,1997,13370000,610000,10000,620000,450000,0,330000,0,300000,70000,700000
South Africa,ZAF,1998,13580000,560000,10000,590000,800000,0,330000,0,310000,80000,700000
South Africa,ZAF,1999,13470000,519999,10000,560000,530000,0,330000,0,280000,90000,710000
South Africa,ZAF,2000,13590000,410000,10000,530000,180000,0,120000,0,290000,80000,700000
South Africa,ZAF,2001,13140000,350000,10000,530000,60000,0,129999,200000,259999,80000,710000
South Africa,ZAF,2002,14130000,370000,10000,540000,50000,0,140000,200000,280000,70000,720000
South Africa,ZAF,2003,13030000,410000,10000,540000,129999,0,140000,180000,280000,80000,760000
South Africa,ZAF,2004,12800000,360000,10000,550000,50000,0,150000,190000,300000,70000,780000
South Africa,ZAF,2005,13020000,300000,10000,560000,190000,0,150000,160000,320000,80000,780000
South Africa,ZAF,2006,12730000,330000,10000,570000,60000,0,160000,160000,300000,70000,800000
South Africa,ZAF,2007,13140000,360000,10000,570000,210000,0,180000,180000,270000,80000,870000
South Africa,ZAF,2008,13440000,270000,10000,570000,120000,0,190000,180000,280000,90000,840000
South Africa,ZAF,2009,13460000,250000,10000,580000,70000,0,180000,110000,340000,80000,810000
South Africa,ZAF,2010,13480000,259999,20000,590000,100000,0,110000,240000,280000,100000,830000
South Africa,ZAF,2011,13450000,240000,20000,600000,80000,0,110000,230000,250000,100000,870000
South Africa,ZAF,2012,13720000,259999,20000,610000,80000,0,150000,240000,250000,100000,870000
South Africa,ZAF,2013,13120000,200000,20000,620000,80000,0,150000,220000,280000,100000,960000
South Africa,ZAF,2014,13120000,270000,20000,630000,110000,0,150000,220000,280000,100000,910000
South Africa,ZAF,2015,12440000,180000,20000,640000,60000,0,140000,220000,250000,110000,970000
South Africa,ZAF,2016,11760000,190000,20000,650000,70000,0,129999,220000,250000,100000,930000
South Africa,ZAF,2017,13140000,190000,30000,650000,100000,0,180000,240000,240000,100000,1000000
South Africa,ZAF,2018,13100000,200000,20000,670000,240000,0,150000,230000,280000,100000,990000
South Africa,ZAF,2019,12820000,200000,20000,690000,110000,0,110000,230000,270000,100000,920000
South Africa,ZAF,2020,13200000,200000,20000,700000,90000,0,110000,220000,259999,80000,790000
South Africa,ZAF,2021,14350000,210000,20000,710000,60000,0,100000,230000,240000,70000,880000
South Africa,ZAF,2022,13350000,210000,20000,720000,30000,0,100000,210000,240000,70000,870000
South Africa,ZAF,2023,13440000,220000,20000,720000,50000,0,100000,210000,240000,70000,860000
South America,OWID_SAM,1990,165970000,3830000,190000,9720000,10720000,80000,910000,350000,1160000,120000,3610000
South America,OWID_SAM,1991,168550000,4610000,180000,9540000,10720000,80000,900000,380000,1160000,120000,3770000
South America,OWID_SAM,1992,171300000,4200000,180000,9390000,10720000,90000,860000,370000,1150000,120000,3890000
South America,OWID_SAM,1993,173400000,5210000,170000,9230000,10720000,90000,830000,360000,1200000,130000,4080000
South America,OWID_SAM,1994,178200000,5250000,200000,9060000,10720000,100000,810000,390000,1290000,120000,4210000
South America,OWID_SAM,1995,180450000,5600000,190000,8870000,10720000,100000,780000,370000,1300000,140000,4550000
South America,OWID_SAM,1996,174950000,4620000,180000,8710000,5750000,100000,780000,390000,1320000,150000,4950000
South America,OWID_SAM,1997,178900000,4230000,190000,8540000,6910000,90000,730000,450000,1360000,160000,5100000
South America,OWID_SAM,1998,183610000,5960000,180000,8360000,9910000,90000,750000,390000,1440000,170000,5260000
South America,OWID_SAM,1999,183940000,5890000,180000,8200000,10100000,90000,780000,370000,1520000,210000,5140000
South America,OWID_SAM,2000,185460000,6110000,160000,8010000,2730000,90000,760000,310000,1490000,210000,5070000
South America,OWID_SAM,2001,193900000,5810000,180000,7830000,6370000,90000,780000,330000,1530000,220000,5080000
South America,OWID_SAM,2002,202830000,7030000,180000,7680000,12630000,90000,790000,360000,1600000,240000,5220000
South America,OWID_SAM,2003,213280000,6690000,190000,7560000,10250000,90000,830000,400000,1670000,210000,5120000
South America,OWID_SAM,2004,221470000,8890000,210000,7360000,16880000,90000,800000,410000,1790000,240000,5410000
South America,OWID_SAM,2005,221050000,7840000,200000,7210000,15310000,90000,810000,430000,1820000,250000,5610000
South America,OWID_SAM,2006,219920000,8570000,210000,7080000,9320000,90000,820000,460000,1940000,250000,5620000
South America,OWID_SAM,2007,234330000,2450000,220000,6940000,20360000,90000,800000,540000,2030000,270000,6070000
South America,OWID_SAM,2008,227510000,2320000,230000,6780000,7450000,90000,800000,670000,2060000,300000,6610000
South America,OWID_SAM,2009,219690000,2120000,220000,6640000,3380000,90000,800000,640000,1980000,270000,6680000
South America,OWID_SAM,2010,237150000,1910000,220000,6510000,24350000,90000,770000,630000,2140000,280000,7480000
South America,OWID_SAM,2011,235970000,1940000,230000,6370000,5970000,90000,750000,530000,2180000,300000,8040000
South America,OWID_SAM,2012,236450000,1890000,220000,6300000,8200000,90000,750000,540000,2210000,320000,8450000
South America,OWID_SAM,2013,237820000,1530000,250000,6160000,3490000,90000,770000,600000,2270000,280000,8940000
South America,OWID_SAM,2014,243830000,1580000,250000,5980000,4380000,90000,700000,620000,2240000,290000,9210000
South America,OWID_SAM,2015,240060000,1390000,260000,5800000,8760000,90000,700000,650000,2200000,280000,9170000
South America,OWID_SAM,2016,243080000,1390000,240000,5820000,7490000,90000,690000,600000,2260000,260000,9250000
South America,OWID_SAM,2017,254190000,1420000,230000,5920000,9860000,90000,690000,580000,2290000,250000,9430000
South America,OWID_SAM,2018,248760000,1440000,230000,6020000,4160000,90000,730000,680000,2120000,270000,9350000
South America,OWID_SAM,2019,258800000,1460000,240000,6090000,14040000,90000,720000,710000,2110000,280000,9540000
South America,OWID_SAM,2020,270280000,1490000,260000,6160000,15590000,90000,720000,660000,2290000,170000,8270000
South America,OWID_SAM,2021,276640000,1510000,250000,6210000,10580000,90000,740000,600000,2180000,180000,9260000
South America,OWID_SAM,2022,281120000,1530000,260000,6240000,10540000,90000,770000,580000,2280000,250000,9820000
South America,OWID_SAM,2023,277520000,1550000,260000,6280000,10190000,90000,780000,640000,2470000,250000,10240000
South Korea,KOR,1990,4770000,140000,20000,820000,0,0,200000,10000,140000,40000,640000
South Korea,KOR,1991,4660000,340000,20000,770000,0,0,170000,10000,170000,60000,720000
South Korea,KOR,1992,4870000,2079999,20000,790000,0,0,150000,10000,180000,80000,810000
South Korea,KOR,1993,4930000,2089999,20000,780000,0,0,140000,20000,200000,100000,920000
South Korea,KOR,1994,5020000,2290000,30000,780000,0,0,129999,20000,210000,140000,1000000
South Korea,KOR,1995,5160000,2730000,40000,800000,0,0,129999,20000,220000,160000,1130000
South Korea,KOR,1996,5180000,3090000,30000,810000,0,0,129999,40000,210000,200000,1220000
South Korea,KOR,1997,5450000,3720000,40000,820000,0,0,129999,40000,210000,220000,1240000
South Korea,KOR,1998,4960000,4270000,30000,820000,0,0,90000,40000,180000,220000,1030000
South Korea,KOR,1999,4710000,5090000,40000,820000,0,0,110000,40000,190000,230000,1110000
South Korea,KOR,2000,4500000,5800000,30000,810000,10000,0,100000,20000,230000,220000,1160000
South Korea,KOR,2001,4270000,6130000,40000,810000,0,0,90000,20000,230000,220000,1200000
South Korea,KOR,2002,4150000,5910000,30000,800000,0,0,90000,20000,240000,220000,1260000
South Korea,KOR,2003,4179999,8770000,30000,800000,10000,0,90000,20000,250000,240000,1280000
South Korea,KOR,2004,4430000,10800000,30000,800000,10000,0,80000,20000,250000,250000,1260000
South Korea,KOR,2005,4670000,9170000,30000,880000,10000,0,80000,20000,240000,290000,1240000
South Korea,KOR,2006,4190000,8490000,30000,780000,0,0,70000,20000,250000,300000,1240000
South Korea,KOR,2007,4480000,780000,30000,780000,0,0,70000,20000,270000,290000,1280000
South Korea,KOR,2008,4230000,240000,30000,800000,0,0,70000,20000,270000,290000,1250000
South Korea,KOR,2009,4100000,200000,30000,810000,10000,0,70000,20000,250000,270000,1270000
South Korea,KOR,2010,4179999,180000,30000,900000,0,0,80000,20000,280000,290000,1320000
South Korea,KOR,2011,4120000,270000,30000,890000,10000,0,80000,20000,280000,280000,1310000
South Korea,KOR,2012,4280000,180000,30000,890000,0,0,80000,20000,259999,280000,1350000
South Korea,KOR,2013,4200000,230000,30000,900000,0,0,80000,20000,259999,280000,1410000
South Korea,KOR,2014,4120000,310000,30000,880000,10000,0,90000,20000,270000,280000,1430000
South Korea,KOR,2015,4190000,320000,30000,910000,0,0,110000,20000,290000,310000,1530000
South Korea,KOR,2016,4240000,330000,20000,910000,0,0,90000,20000,280000,340000,1580000
South Korea,KOR,2017,4250000,350000,30000,890000,0,0,90000,20000,290000,340000,1630000
South Korea,KOR,2018,4350000,360000,30000,890000,0,0,90000,20000,270000,330000,1630000
South Korea,KOR,2019,4370000,380000,20000,900000,0,0,80000,20000,240000,310000,1700000
South Korea,KOR,2020,4530000,390000,20000,910000,0,0,70000,10000,230000,290000,1610000
South Korea,KOR,2021,4530000,410000,20000,910000,0,0,70000,10000,240000,290000,1670000
South Korea,KOR,2022,4720000,430000,20000,910000,40000,0,60000,10000,220000,330000,1730000
South Korea,KOR,2023,4550000,440000,20000,900000,0,0,60000,10000,210000,360000,1750000
South Sudan,SSD,1990,10790000,0,0,80000,620000,0,0,0,0,0,0
South Sudan,SSD,1991,11150000,0,0,80000,620000,0,0,0,0,0,0
South Sudan,SSD,1992,12080000,0,0,80000,620000,0,0,0,0,0,0
South Sudan,SSD,1993,12780000,0,0,90000,620000,0,0,0,0,0,0
South Sudan,SSD,1994,13530000,0,0,90000,620000,0,0,0,0,0,0
South Sudan,SSD,1995,13730000,0,0,90000,620000,0,0,0,0,0,0
South Sudan,SSD,1996,14700000,0,0,90000,1039999,0,0,0,0,0,0
South Sudan,SSD,1997,15160000,0,0,100000,2590000,0,0,0,0,0,0
South Sudan,SSD,1998,16020000,0,0,100000,3840000,0,0,0,0,0,0
South Sudan,SSD,1999,16320000,0,0,100000,4300000,0,0,0,0,0,0
South Sudan,SSD,2000,17350000,0,0,100000,2790000,0,0,0,0,0,0
South Sudan,SSD,2001,15260000,0,0,110000,650000,0,0,0,0,0,0
South Sudan,SSD,2002,16459999,0,0,110000,270000,0,0,0,0,0,0
South Sudan,SSD,2003,16740000,0,0,120000,550000,0,0,0,0,0,0
South Sudan,SSD,2004,17020000,0,0,129999,660000,0,0,0,0,0,0
South Sudan,SSD,2005,17780000,0,0,129999,950000,0,0,0,0,0,0
South Sudan,SSD,2006,16660000,0,0,140000,340000,0,0,0,0,0,0
South Sudan,SSD,2007,17780000,0,0,140000,850000,0,0,0,0,0,0
South Sudan,SSD,2008,17530000,0,0,150000,780000,0,0,0,0,0,0
South Sudan,SSD,2009,17940000,0,0,160000,430000,0,0,0,0,0,0
South Sudan,SSD,2010,16880000,0,0,170000,450000,0,0,0,0,0,0
South Sudan,SSD,2011,16890000,0,0,180000,830000,0,0,0,0,0,0
South Sudan,SSD,2012,18350000,0,0,180000,530000,0,10000,0,0,0,10000
South Sudan,SSD,2013,17790000,0,0,190000,680000,0,10000,0,0,0,10000
South Sudan,SSD,2014,18000000,0,0,190000,860000,0,10000,0,0,0,10000
South Sudan,SSD,2015,18240000,0,0,200000,330000,0,10000,0,0,0,20000
South Sudan,SSD,2016,18790000,0,0,200000,519999,0,10000,0,0,0,10000
South Sudan,SSD,2017,17760000,0,0,190000,490000,0,10000,0,0,0,10000
South Sudan,SSD,2018,20270000,0,0,190000,590000,0,10000,0,0,0,10000
South Sudan,SSD,2019,16100000,0,0,190000,430000,0,10000,0,0,0,10000
South Sudan,SSD,2020,19260000,0,0,190000,1610000,0,10000,0,0,0,10000
South Sudan,SSD,2021,18130000,0,0,190000,1030000,0,10000,0,0,0,10000
South Sudan,SSD,2022,16920000,0,0,200000,860000,0,10000,0,0,0,10000
South Sudan,SSD,2023,17840000,0,0,200000,760000,0,10000,0,0,0,10000
Spain,ESP,1990,14290000,2900000,10000,770000,30000,210000,120000,20000,160000,110000,1060000
Spain,ESP,1991,14120000,2670000,10000,730000,30000,190000,120000,20000,150000,110000,1110000
Spain,ESP,1992,12820000,2460000,10000,730000,30000,200000,120000,20000,129999,120000,1180000
Spain,ESP,1993,13570000,2220000,10000,740000,30000,180000,120000,20000,120000,110000,1150000
Spain,ESP,1994,13700000,2600000,10000,730000,30000,170000,120000,20000,129999,110000,1200000
Spain,ESP,1995,13230000,2820000,10000,700000,30000,129999,120000,20000,129999,110000,1210000
Spain,ESP,1996,14980000,2900000,10000,700000,40000,230000,120000,20000,120000,150000,1310000
Spain,ESP,1997,14630000,2830000,10000,730000,110000,270000,120000,20000,120000,180000,1320000
Spain,ESP,1998,15820000,2680000,10000,740000,80000,220000,120000,20000,129999,190000,1440000
Spain,ESP,1999,15570000,2810000,10000,820000,40000,210000,120000,20000,120000,190000,1500000
Spain,ESP,2000,15680000,2740000,10000,860000,70000,259999,120000,20000,120000,190000,1540000
Spain,ESP,2001,15400000,2580000,10000,890000,10000,300000,120000,20000,120000,210000,1600000
Spain,ESP,2002,15240000,2280000,10000,920000,10000,250000,120000,20000,120000,210000,1630000
Spain,ESP,2003,16219999,2270000,20000,940000,40000,330000,129999,20000,129999,220000,1710000
Spain,ESP,2004,15700000,2130000,20000,990000,20000,250000,129999,20000,129999,230000,1780000
Spain,ESP,2005,14210000,2370000,20000,990000,40000,220000,129999,20000,120000,240000,1850000
Spain,ESP,2006,14640000,2260000,30000,980000,70000,270000,129999,20000,129999,250000,1850000
Spain,ESP,2007,15150000,1920000,20000,890000,10000,290000,129999,20000,129999,259999,1970000
Spain,ESP,2008,13300000,1700000,20000,830000,0,270000,129999,20000,120000,270000,1910000
Spain,ESP,2009,13220000,1600000,20000,940000,10000,300000,140000,30000,100000,259999,1850000
Spain,ESP,2010,14070000,1260000,30000,920000,0,310000,140000,20000,100000,250000,1870000
Spain,ESP,2011,13410000,930000,20000,800000,10000,320000,140000,20000,110000,270000,1810000
Spain,ESP,2012,13050000,790000,20000,800000,30000,220000,140000,20000,100000,259999,1760000
Spain,ESP,2013,14050000,740000,20000,870000,10000,360000,140000,20000,100000,240000,1390000
Spain,ESP,2014,14750000,720000,20000,830000,0,240000,140000,20000,90000,250000,1410000
Spain,ESP,2015,14880000,650000,20000,820000,10000,310000,140000,10000,100000,250000,1450000
Spain,ESP,2016,14670000,680000,20000,830000,10000,300000,110000,10000,110000,259999,1520000
Spain,ESP,2017,14940000,650000,20000,880000,30000,280000,110000,10000,120000,250000,1580000
Spain,ESP,2018,14320000,740000,20000,880000,0,380000,110000,10000,120000,259999,1670000
Spain,ESP,2019,13970000,870000,20000,870000,10000,280000,110000,10000,129999,259999,1680000
Spain,ESP,2020,15540000,940000,20000,940000,0,340000,110000,10000,110000,170000,1370000
Spain,ESP,2021,14500000,890000,20000,850000,20000,340000,110000,10000,120000,200000,1550000
Spain,ESP,2022,12500000,890000,20000,850000,90000,340000,110000,10000,120000,270000,1620000
Spain,ESP,2023,12030000,890000,20000,850000,60000,340000,110000,10000,129999,280000,1690000
Sri Lanka,LKA,1990,1310000,0,0,140000,0,0,150000,0,30000,10000,50000
Sri Lanka,LKA,1991,1250000,0,0,140000,0,0,150000,0,30000,10000,40000
Sri Lanka,LKA,1992,1310000,0,0,140000,0,0,150000,0,30000,10000,50000
Sri Lanka,LKA,1993,1400000,0,0,150000,0,0,150000,0,30000,10000,50000
Sri Lanka,LKA,1994,1460000,0,0,150000,0,0,150000,0,20000,10000,60000
Sri Lanka,LKA,1995,1420000,0,0,150000,0,0,140000,0,20000,10000,60000
Sri Lanka,LKA,1996,1360000,0,0,150000,10000,0,150000,0,30000,10000,80000
Sri Lanka,LKA,1997,1370000,0,0,150000,0,0,150000,0,30000,10000,70000
Sri Lanka,LKA,1998,1360000,0,0,150000,10000,0,150000,0,30000,10000,70000
Sri Lanka,LKA,1999,1500000,0,0,150000,10000,0,140000,0,50000,10000,80000
Sri Lanka,LKA,2000,1450000,0,0,150000,0,0,140000,0,60000,10000,80000
Sri Lanka,LKA,2001,1430000,0,0,160000,0,0,140000,0,50000,0,80000
Sri Lanka,LKA,2002,1610000,0,0,160000,0,0,140000,0,60000,10000,90000
Sri Lanka,LKA,2003,1420000,0,0,160000,0,0,140000,0,60000,10000,90000
Sri Lanka,LKA,2004,1480000,0,0,160000,0,0,140000,0,60000,10000,90000
Sri Lanka,LKA,2005,1630000,0,0,170000,0,0,140000,0,70000,10000,100000
Sri Lanka,LKA,2006,1600000,0,0,170000,0,0,140000,0,70000,10000,100000
Sri Lanka,LKA,2007,1510000,0,0,170000,0,0,140000,0,70000,10000,110000
Sri Lanka,LKA,2008,1830000,0,0,180000,0,0,140000,0,60000,10000,100000
Sri Lanka,LKA,2009,1660000,0,0,190000,0,0,150000,0,60000,10000,90000
Sri Lanka,LKA,2010,1620000,0,0,200000,0,0,150000,0,70000,10000,110000
Sri Lanka,LKA,2011,1850000,0,0,210000,0,0,120000,0,70000,10000,129999
Sri Lanka,LKA,2012,1620000,0,0,220000,0,0,120000,0,70000,20000,140000
Sri Lanka,LKA,2013,1450000,0,0,220000,0,0,110000,0,70000,20000,140000
Sri Lanka,LKA,2014,1900000,0,0,230000,0,0,110000,0,80000,20000,140000
Sri Lanka,LKA,2015,1550000,0,0,240000,0,0,100000,0,80000,20000,160000
Sri Lanka,LKA,2016,1340000,0,0,250000,0,0,100000,0,80000,30000,200000
Sri Lanka,LKA,2017,1190000,0,0,250000,0,0,90000,0,80000,30000,190000
Sri Lanka,LKA,2018,1070000,0,0,250000,0,0,90000,0,90000,30000,180000
Sri Lanka,LKA,2019,1490000,0,0,250000,0,0,90000,0,90000,20000,180000
Sri Lanka,LKA,2020,2079999,0,0,250000,0,0,90000,0,90000,10000,160000
Sri Lanka,LKA,2021,1440000,0,0,250000,0,0,90000,0,100000,20000,180000
Sri Lanka,LKA,2022,1360000,0,0,250000,0,0,90000,0,90000,20000,150000
Sri Lanka,LKA,2023,1390000,0,0,250000,0,0,90000,0,90000,20000,129999
Sudan,SDN,1990,14240000,0,0,240000,0,0,120000,0,30000,0,60000
Sudan,SDN,1991,14710000,0,0,240000,0,0,120000,0,30000,0,50000
Sudan,SDN,1992,15940000,0,0,250000,0,0,120000,0,30000,0,50000
Sudan,SDN,1993,16860000,0,0,250000,0,0,120000,0,30000,0,30000
Sudan,SDN,1994,17850000,0,0,259999,0,0,140000,0,40000,0,50000
Sudan,SDN,1995,18120000,0,0,270000,0,0,140000,0,30000,0,40000
Sudan,SDN,1996,19400000,0,0,270000,0,0,150000,0,40000,0,40000
Sudan,SDN,1997,20000000,0,0,270000,0,0,150000,0,40000,0,50000
Sudan,SDN,1998,21140000,0,0,270000,10000,0,160000,0,40000,0,50000
Sudan,SDN,1999,21530000,0,0,270000,10000,0,160000,0,40000,0,50000
Sudan,SDN,2000,22890000,0,0,270000,0,0,160000,0,50000,0,50000
Sudan,SDN,2001,20130000,0,0,270000,0,0,160000,0,50000,0,60000
Sudan,SDN,2002,21720000,0,0,280000,0,0,170000,0,50000,0,70000
Sudan,SDN,2003,22080000,0,0,290000,0,0,180000,0,40000,0,70000
Sudan,SDN,2004,22450000,0,0,300000,0,0,190000,0,40000,0,70000
Sudan,SDN,2005,23460000,0,0,310000,0,0,200000,0,40000,0,80000
Sudan,SDN,2006,21980000,0,0,320000,0,0,230000,0,40000,0,100000
Sudan,SDN,2007,23450000,0,0,330000,0,0,210000,0,40000,0,110000
Sudan,SDN,2008,23120000,0,0,340000,0,0,210000,0,40000,0,129999
Sudan,SDN,2009,23660000,0,0,350000,0,0,210000,0,40000,0,129999
Sudan,SDN,2010,22270000,0,0,360000,0,0,220000,0,40000,0,150000
Sudan,SDN,2011,22280000,0,0,300000,0,0,220000,0,40000,0,150000
Sudan,SDN,2012,23550000,0,0,310000,0,0,220000,0,40000,10000,150000
Sudan,SDN,2013,23900000,0,0,320000,0,0,220000,0,40000,0,150000
Sudan,SDN,2014,23800000,0,0,320000,0,0,220000,0,40000,0,160000
Sudan,SDN,2015,23930000,0,0,330000,0,0,220000,0,40000,0,170000
Sudan,SDN,2016,25110000,0,0,340000,0,0,220000,0,40000,0,190000
Sudan,SDN,2017,24760000,0,0,350000,0,0,230000,0,40000,10000,190000
Sudan,SDN,2018,24870000,0,0,360000,0,0,230000,0,30000,10000,190000
Sudan,SDN,2019,24640000,0,0,360000,0,0,240000,0,30000,0,200000
Sudan,SDN,2020,25940000,0,0,370000,10000,0,250000,0,30000,0,180000
Sudan,SDN,2021,24630000,0,0,380000,10000,0,250000,0,30000,0,210000
Sudan,SDN,2022,23810000,0,0,390000,0,0,259999,0,30000,0,200000
Sudan,SDN,2023,24600000,0,0,400000,0,0,270000,0,20000,0,150000
Suriname,SUR,1990,110000,0,0,0,0,0,0,0,0,0,0
Suriname,SUR,1991,110000,0,0,0,0,0,0,0,0,0,0
Suriname,SUR,1992,120000,0,0,0,0,0,0,0,0,0,0
Suriname,SUR,1993,110000,0,0,0,0,0,0,0,0,0,0
Suriname,SUR,1994,110000,0,0,0,0,0,0,0,0,0,0
Suriname,SUR,1995,110000,0,0,0,0,0,0,0,0,0,0
Suriname,SUR,1996,129999,0,0,0,10000,0,0,0,0,0,0
Suriname,SUR,1997,129999,0,0,0,10000,0,0,0,0,0,0
Suriname,SUR,1998,129999,0,0,0,20000,0,0,0,0,0,0
Suriname,SUR,1999,129999,0,0,0,0,0,0,0,0,0,0
Suriname,SUR,2000,120000,0,0,0,0,0,0,0,0,0,10000
Suriname,SUR,2001,120000,0,0,0,0,0,0,0,0,0,10000
Suriname,SUR,2002,100000,0,0,0,0,0,0,0,0,0,10000
Suriname,SUR,2003,110000,0,0,0,10000,0,0,0,0,0,10000
Suriname,SUR,2004,129999,0,0,0,0,0,0,0,0,0,10000
Suriname,SUR,2005,100000,0,0,0,0,0,0,0,0,0,10000
Suriname,SUR,2006,129999,0,0,0,0,0,0,0,0,0,10000
Suriname,SUR,2007,120000,0,0,0,0,0,0,0,0,0,10000
Suriname,SUR,2008,170000,0,0,10000,0,0,0,0,0,0,10000
Suriname,SUR,2009,140000,0,0,10000,0,0,0,0,0,0,10000
Suriname,SUR,2010,150000,0,0,10000,0,0,0,0,0,0,10000
Suriname,SUR,2011,150000,0,0,10000,0,0,0,0,0,0,10000
Suriname,SUR,2012,140000,0,0,10000,0,0,0,0,0,0,10000
Suriname,SUR,2013,129999,0,0,10000,0,0,0,0,0,0,10000
Suriname,SUR,2014,150000,0,0,10000,0,0,0,0,0,0,10000
Suriname,SUR,2015,140000,0,0,10000,0,0,0,0,0,0,10000
Suriname,SUR,2016,160000,0,0,10000,0,0,0,0,0,0,20000
Suriname,SUR,2017,170000,0,0,10000,0,0,0,0,0,0,20000
Suriname,SUR,2018,129999,0,0,10000,0,0,0,0,0,0,10000
Suriname,SUR,2019,140000,0,0,10000,0,0,0,0,0,0,20000
Suriname,SUR,2020,170000,0,0,10000,0,0,0,0,0,0,20000
Suriname,SUR,2021,140000,0,0,10000,0,0,0,0,0,0,20000
Suriname,SUR,2022,129999,0,0,10000,0,0,0,0,0,0,20000
Suriname,SUR,2023,170000,0,0,10000,0,0,0,0,0,0,20000
Sweden,SWE,1990,4050000,790000,20000,200000,0,0,50000,0,190000,20000,370000
Sweden,SWE,1991,3800000,830000,20000,200000,0,0,50000,0,190000,30000,370000
Sweden,SWE,1992,3890000,810000,20000,200000,0,0,50000,0,190000,30000,380000
Sweden,SWE,1993,4080000,790000,20000,200000,0,0,50000,0,190000,30000,370000
Sweden,SWE,1994,3990000,760000,20000,200000,0,0,50000,0,190000,40000,380000
Sweden,SWE,1995,3860000,730000,20000,200000,0,0,50000,0,210000,40000,380000
Sweden,SWE,1996,4000000,720000,20000,200000,0,0,50000,0,220000,40000,380000
Sweden,SWE,1997,4000000,710000,20000,190000,0,0,50000,0,220000,40000,380000
Sweden,SWE,1998,3900000,790000,20000,190000,0,0,50000,0,220000,50000,380000
Sweden,SWE,1999,3860000,710000,10000,190000,0,0,40000,0,200000,50000,380000
Sweden,SWE,2000,3900000,670000,20000,190000,0,0,40000,0,220000,50000,390000
Sweden,SWE,2001,3830000,530000,20000,190000,0,0,40000,0,180000,50000,390000
Sweden,SWE,2002,3810000,500000,20000,190000,0,0,40000,0,180000,40000,400000
Sweden,SWE,2003,3780000,500000,20000,190000,0,10000,40000,0,180000,50000,400000
Sweden,SWE,2004,3810000,500000,20000,190000,0,10000,40000,0,180000,60000,420000
Sweden,SWE,2005,3740000,500000,10000,190000,0,10000,40000,0,180000,60000,400000
Sweden,SWE,2006,3670000,510000,10000,190000,0,10000,30000,0,190000,60000,410000
Sweden,SWE,2007,3750000,310000,10000,190000,0,10000,30000,0,200000,60000,420000
Sweden,SWE,2008,3890000,340000,10000,190000,0,10000,30000,0,190000,60000,420000
Sweden,SWE,2009,3660000,360000,10000,190000,0,10000,30000,0,190000,60000,410000
Sweden,SWE,2010,3800000,380000,10000,190000,0,10000,30000,0,210000,60000,420000
Sweden,SWE,2011,3890000,129999,10000,190000,0,10000,60000,0,200000,50000,420000
Sweden,SWE,2012,3780000,150000,10000,190000,0,10000,60000,0,190000,50000,410000
Sweden,SWE,2013,3840000,120000,10000,180000,0,10000,50000,0,200000,50000,420000
Sweden,SWE,2014,4010000,129999,10000,180000,20000,10000,50000,0,200000,50000,440000
Sweden,SWE,2015,4070000,120000,10000,180000,0,10000,50000,0,200000,60000,460000
Sweden,SWE,2016,4030000,120000,10000,180000,0,10000,50000,0,200000,60000,490000
Sweden,SWE,2017,4170000,150000,10000,180000,0,10000,50000,0,200000,70000,530000
Sweden,SWE,2018,4010000,110000,10000,180000,0,10000,40000,0,200000,60000,540000
Sweden,SWE,2019,4179999,100000,10000,180000,0,10000,40000,0,200000,60000,519999
Sweden,SWE,2020,4220000,80000,10000,180000,0,0,40000,0,220000,60000,510000
Sweden,SWE,2021,4050000,80000,10000,180000,0,0,40000,0,220000,60000,519999
Sweden,SWE,2022,4050000,80000,10000,190000,0,0,40000,0,220000,60000,540000
Sweden,SWE,2023,3950000,80000,10000,190000,0,0,40000,0,240000,50000,510000
Switzerland,CHE,1990,1910000,540000,20000,1070000,0,60000,30000,0,20000,20000,290000
Switzerland,CHE,1991,1880000,550000,30000,1060000,0,60000,30000,0,20000,20000,300000
Switzerland,CHE,1992,1860000,510000,30000,1050000,0,60000,30000,0,20000,20000,300000
Switzerland,CHE,1993,1840000,560000,0,1030000,0,50000,50000,0,30000,20000,280000
Switzerland,CHE,1994,1830000,560000,0,1010000,0,50000,50000,0,30000,30000,290000
Switzerland,CHE,1995,1820000,580000,0,1000000,0,60000,50000,0,30000,30000,280000
Switzerland,CHE,1996,1800000,600000,10000,970000,0,60000,60000,0,30000,30000,280000
Switzerland,CHE,1997,1740000,650000,0,950000,0,70000,50000,0,20000,30000,290000
Switzerland,CHE,1998,1730000,580000,0,920000,0,70000,50000,0,20000,30000,300000
Switzerland,CHE,1999,1660000,610000,0,900000,0,70000,50000,0,30000,30000,300000
Switzerland,CHE,2000,1630000,650000,0,870000,0,70000,50000,0,30000,30000,320000
Switzerland,CHE,2001,1670000,630000,0,850000,0,80000,50000,0,30000,30000,320000
Switzerland,CHE,2002,1570000,720000,0,830000,0,80000,50000,0,30000,30000,310000
Switzerland,CHE,2003,1560000,630000,0,810000,0,100000,50000,0,30000,30000,310000
Switzerland,CHE,2004,1560000,650000,0,780000,0,110000,50000,0,30000,30000,310000
Switzerland,CHE,2005,1620000,670000,0,760000,0,100000,50000,0,30000,30000,310000
Switzerland,CHE,2006,1620000,650000,0,740000,0,100000,50000,0,30000,30000,310000
Switzerland,CHE,2007,1590000,660000,0,720000,0,100000,50000,0,30000,30000,320000
Switzerland,CHE,2008,1630000,580000,0,700000,0,100000,60000,0,30000,30000,320000
Switzerland,CHE,2009,1610000,500000,0,680000,0,100000,60000,0,20000,30000,320000
Switzerland,CHE,2010,1600000,570000,0,660000,0,100000,60000,0,30000,30000,310000
Switzerland,CHE,2011,1580000,550000,0,650000,0,90000,50000,0,30000,30000,310000
Switzerland,CHE,2012,1530000,530000,0,640000,0,80000,60000,0,30000,30000,310000
Switzerland,CHE,2013,1570000,519999,0,630000,0,100000,60000,0,30000,30000,300000
Switzerland,CHE,2014,1580000,450000,0,620000,0,100000,50000,0,30000,30000,300000
Switzerland,CHE,2015,1560000,519999,0,610000,0,90000,50000,0,30000,40000,290000
Switzerland,CHE,2016,1560000,480000,0,600000,0,70000,50000,0,30000,40000,290000
Switzerland,CHE,2017,1550000,610000,0,590000,0,50000,50000,0,30000,40000,300000
Switzerland,CHE,2018,1520000,530000,0,570000,0,50000,50000,0,30000,40000,300000
Switzerland,CHE,2019,1470000,620000,0,560000,0,50000,50000,0,30000,40000,310000
Switzerland,CHE,2020,1490000,550000,0,550000,0,50000,50000,0,30000,20000,280000
Switzerland,CHE,2021,1490000,550000,0,530000,0,50000,50000,0,30000,20000,280000
Switzerland,CHE,2022,1450000,550000,0,540000,0,50000,40000,0,30000,30000,280000
Switzerland,CHE,2023,1470000,550000,0,540000,0,50000,40000,0,30000,40000,280000
Syria,SYR,1990,2980000,220000,20000,160000,0,0,0,0,10000,30000,129999
Syria,SYR,1991,2860000,20000,20000,170000,0,0,10000,0,10000,30000,140000
Syria,SYR,1992,2920000,90000,20000,170000,0,0,10000,0,10000,30000,120000
Syria,SYR,1993,2800000,80000,10000,180000,0,0,10000,0,10000,30000,129999
Syria,SYR,1994,3020000,120000,10000,180000,0,0,10000,0,10000,30000,129999
Syria,SYR,1995,3270000,70000,10000,190000,0,0,10000,0,10000,30000,129999
Syria,SYR,1996,3300000,90000,10000,190000,0,0,10000,0,10000,30000,150000
Syria,SYR,1997,3330000,90000,10000,200000,0,0,10000,0,10000,30000,150000
Syria,SYR,1998,3450000,150000,10000,200000,0,0,10000,0,10000,30000,150000
Syria,SYR,1999,3430000,129999,10000,210000,0,0,10000,0,10000,30000,129999
Syria,SYR,2000,3330000,110000,10000,210000,0,0,10000,0,10000,30000,129999
Syria,SYR,2001,3030000,170000,10000,220000,0,0,10000,0,10000,30000,129999
Syria,SYR,2002,3340000,160000,10000,220000,0,0,10000,0,10000,30000,140000
Syria,SYR,2003,3640000,160000,10000,230000,0,0,0,0,10000,30000,129999
Syria,SYR,2004,3740000,129999,10000,230000,0,0,10000,0,10000,30000,160000
Syria,SYR,2005,4150000,129999,10000,240000,0,0,10000,0,10000,30000,210000
Syria,SYR,2006,4420000,190000,10000,250000,0,0,10000,0,10000,30000,230000
Syria,SYR,2007,4410000,160000,10000,270000,0,0,10000,0,10000,20000,250000
Syria,SYR,2008,4000000,180000,10000,280000,0,0,10000,0,10000,20000,250000
Syria,SYR,2009,3710000,190000,10000,280000,0,0,10000,0,10000,30000,220000
Syria,SYR,2010,2980000,180000,10000,290000,0,0,10000,0,10000,30000,220000
Syria,SYR,2011,3370000,190000,10000,290000,0,0,10000,0,20000,20000,220000
Syria,SYR,2012,3230000,90000,0,290000,10000,0,10000,0,10000,10000,180000
Syria,SYR,2013,2700000,30000,0,270000,0,0,0,0,10000,10000,110000
Syria,SYR,2014,2590000,30000,0,250000,0,0,0,0,10000,10000,100000
Syria,SYR,2015,2440000,0,0,230000,0,0,0,0,10000,10000,100000
Syria,SYR,2016,2340000,0,0,220000,0,0,0,0,0,10000,90000
Syria,SYR,2017,2000000,0,0,220000,0,0,0,0,10000,10000,90000
Syria,SYR,2018,1980000,0,0,230000,0,0,0,0,10000,10000,110000
Syria,SYR,2019,2410000,0,0,240000,0,0,0,0,10000,10000,100000
Syria,SYR,2020,2470000,0,0,250000,0,0,0,0,10000,10000,90000
Syria,SYR,2021,2260000,0,0,250000,0,0,0,0,10000,10000,80000
Syria,SYR,2022,2320000,0,0,259999,0,0,0,0,10000,10000,80000
Syria,SYR,2023,2780000,0,0,280000,0,0,0,0,10000,10000,90000
Tajikistan,TJK,1990,1480000,120000,30000,40000,0,0,0,0,0,0,20000
Tajikistan,TJK,1991,1390000,110000,30000,40000,0,0,0,0,0,0,20000
Tajikistan,TJK,1992,1310000,30000,20000,50000,0,0,0,0,0,0,10000
Tajikistan,TJK,1993,1100000,30000,10000,50000,0,0,0,0,0,0,10000
Tajikistan,TJK,1994,1060000,10000,10000,50000,0,0,0,0,0,0,0
Tajikistan,TJK,1995,1010000,20000,10000,50000,0,0,0,0,0,0,0
Tajikistan,TJK,1996,930000,10000,10000,50000,0,0,0,0,0,0,0
Tajikistan,TJK,1997,970000,10000,10000,50000,0,0,0,0,0,0,0
Tajikistan,TJK,1998,870000,10000,10000,50000,0,0,0,0,0,0,0
Tajikistan,TJK,1999,760000,10000,10000,50000,0,0,0,0,0,0,0
Tajikistan,TJK,2000,760000,10000,10000,50000,0,0,0,0,0,0,0
Tajikistan,TJK,2001,790000,0,0,50000,0,0,0,0,0,0,0
Tajikistan,TJK,2002,840000,20000,10000,50000,0,0,0,0,0,0,0
Tajikistan,TJK,2003,830000,30000,0,50000,0,0,0,0,0,0,0
Tajikistan,TJK,2004,890000,30000,10000,60000,0,0,0,0,0,0,0
Tajikistan,TJK,2005,910000,20000,10000,60000,0,0,0,0,0,0,0
Tajikistan,TJK,2006,1030000,20000,10000,60000,0,0,0,0,0,0,0
Tajikistan,TJK,2007,1060000,10000,10000,60000,0,0,0,0,0,0,10000
Tajikistan,TJK,2008,1210000,20000,10000,60000,0,0,0,0,0,0,10000
Tajikistan,TJK,2009,1300000,0,10000,70000,0,0,0,0,0,0,0
Tajikistan,TJK,2010,1320000,0,10000,80000,0,0,0,0,0,0,10000
Tajikistan,TJK,2011,1340000,0,10000,80000,0,0,0,0,0,0,10000
Tajikistan,TJK,2012,1430000,0,0,80000,0,0,0,0,0,0,20000
Tajikistan,TJK,2013,1500000,0,0,90000,0,0,0,0,0,0,20000
Tajikistan,TJK,2014,1550000,0,0,100000,0,0,0,0,0,0,30000
Tajikistan,TJK,2015,1620000,0,0,100000,0,0,0,0,0,0,20000
Tajikistan,TJK,2016,1620000,0,0,110000,0,0,0,0,0,0,20000
Tajikistan,TJK,2017,1650000,0,0,120000,0,0,0,0,0,0,20000
Tajikistan,TJK,2018,1650000,0,0,120000,0,0,0,0,10000,0,20000
Tajikistan,TJK,2019,2030000,0,0,129999,0,0,0,0,10000,0,20000
Tajikistan,TJK,2020,2050000,0,0,129999,0,0,0,0,0,0,30000
Tajikistan,TJK,2021,2100000,0,0,129999,0,0,0,0,0,0,30000
Tajikistan,TJK,2022,2160000,0,0,129999,0,0,0,0,0,0,40000
Tajikistan,TJK,2023,2190000,0,0,140000,0,0,0,0,10000,0,40000
Tanzania,TZA,1990,11460000,10000,10000,930000,3300000,0,220000,0,40000,0,10000
Tanzania,TZA,1991,11560000,0,10000,960000,3300000,0,220000,0,40000,0,10000
Tanzania,TZA,1992,11640000,0,10000,980000,3300000,0,230000,0,40000,0,10000
Tanzania,TZA,1993,11690000,0,20000,1010000,3300000,0,250000,0,40000,0,10000
Tanzania,TZA,1994,11680000,0,30000,1050000,3300000,0,310000,0,40000,0,10000
Tanzania,TZA,1995,12680000,0,30000,1090000,3300000,0,320000,0,40000,0,10000
Tanzania,TZA,1996,12040000,0,30000,1110000,330000,0,320000,0,40000,0,20000
Tanzania,TZA,1997,11970000,0,30000,1130000,330000,0,330000,0,40000,0,20000
Tanzania,TZA,1998,13130000,0,30000,1160000,490000,0,350000,0,40000,0,20000
Tanzania,TZA,1999,13460000,0,40000,1190000,270000,0,360000,0,50000,0,20000
Tanzania,TZA,2000,12220000,0,40000,1230000,140000,0,380000,0,50000,0,20000
Tanzania,TZA,2001,12440000,0,40000,1250000,2320000,0,400000,0,50000,0,30000
Tanzania,TZA,2002,13940000,0,40000,1290000,3120000,0,410000,0,50000,0,30000
Tanzania,TZA,2003,15610000,0,50000,1320000,5000000,0,430000,0,50000,0,40000
Tanzania,TZA,2004,15090000,0,50000,1380000,4430000,0,430000,0,50000,0,40000
Tanzania,TZA,2005,15920000,0,50000,1450000,6100000,0,450000,0,50000,0,40000
Tanzania,TZA,2006,14490000,0,50000,1480000,4320000,0,470000,0,50000,0,40000
Tanzania,TZA,2007,15730000,0,50000,1520000,4290000,0,470000,0,50000,0,40000
Tanzania,TZA,2008,15770000,0,60000,1540000,4860000,0,470000,0,50000,0,50000
Tanzania,TZA,2009,16180000,0,60000,1610000,5320000,0,490000,0,50000,0,50000
Tanzania,TZA,2010,16690001,0,60000,1670000,5280000,0,500000,0,50000,0,60000
Tanzania,TZA,2011,17070000,0,60000,1740000,4460000,0,510000,0,60000,0,70000
Tanzania,TZA,2012,18090000,0,60000,1820000,5060000,0,500000,0,60000,0,90000
Tanzania,TZA,2013,18780000,0,60000,1900000,3650000,0,519999,0,60000,0,100000
Tanzania,TZA,2014,18910000,0,60000,1960000,3520000,0,510000,0,60000,0,90000
Tanzania,TZA,2015,19540000,0,60000,2020000,4790000,0,530000,0,60000,0,110000
Tanzania,TZA,2016,20100000,0,60000,2089999,4520000,0,530000,0,60000,0,129999
Tanzania,TZA,2017,19880000,0,70000,2130000,4710000,0,540000,0,60000,0,120000
Tanzania,TZA,2018,20710000,0,70000,2180000,3440000,0,550000,0,60000,0,120000
Tanzania,TZA,2019,21480000,0,70000,2250000,3360000,0,580000,0,70000,0,140000
Tanzania,TZA,2020,22990000,0,70000,2340000,2750000,0,580000,0,70000,0,129999
Tanzania,TZA,2021,23360000,0,70000,2420000,3270000,0,580000,0,70000,0,140000
Tanzania,TZA,2022,24230000,0,70000,2490000,2340000,0,590000,0,70000,0,160000
Tanzania,TZA,2023,24870000,0,70000,2560000,1910000,0,600000,0,70000,0,160000
Thailand,THA,1990,11120000,0,10000,610000,1100000,0,170000,0,170000,50000,460000
Thailand,THA,1991,11420000,0,10000,620000,1100000,0,170000,0,180000,50000,480000
Thailand,THA,1992,12070000,0,10000,630000,1100000,0,170000,0,220000,60000,510000
Thailand,THA,1993,13080000,0,10000,640000,1100000,0,160000,0,200000,60000,600000
Thailand,THA,1994,13090000,0,10000,650000,1100000,0,150000,0,220000,70000,660000
Thailand,THA,1995,12390000,0,10000,660000,1100000,0,140000,0,270000,70000,780000
Thailand,THA,1996,12440000,0,10000,670000,380000,0,129999,0,320000,70000,860000
Thailand,THA,1997,11920000,70000,20000,680000,370000,0,129999,0,300000,70000,860000
Thailand,THA,1998,12040000,100000,20000,680000,910000,0,140000,0,250000,60000,760000
Thailand,THA,1999,12700000,90000,20000,690000,530000,0,140000,0,280000,70000,780000
Thailand,THA,2000,11840000,110000,20000,700000,320000,0,150000,0,280000,70000,750000
Thailand,THA,2001,12280000,120000,20000,700000,230000,0,150000,0,259999,80000,770000
Thailand,THA,2002,12900000,150000,20000,710000,570000,0,150000,0,290000,80000,820000
Thailand,THA,2003,14160000,170000,20000,730000,760000,0,150000,0,320000,90000,870000
Thailand,THA,2004,13750000,170000,20000,740000,2040000,0,170000,10000,350000,100000,910000
Thailand,THA,2005,13230000,140000,20000,750000,1320000,0,160000,10000,390000,100000,900000
Thailand,THA,2006,13450000,150000,20000,740000,740000,0,150000,10000,410000,110000,840000
Thailand,THA,2007,15030000,150000,20000,740000,2290000,0,160000,10000,400000,110000,910000
Thailand,THA,2008,14600000,129999,20000,770000,960000,0,170000,10000,440000,110000,910000
Thailand,THA,2009,16340000,110000,20000,800000,1450000,0,160000,10000,450000,100000,980000
Thailand,THA,2010,17130000,120000,20000,840000,1100000,0,180000,10000,490000,100000,990000
Thailand,THA,2011,16760000,120000,20000,850000,560000,0,180000,10000,430000,100000,1030000
Thailand,THA,2012,16820000,140000,30000,870000,1380000,0,180000,10000,510000,100000,1100000
Thailand,THA,2013,16610001,129999,30000,880000,710000,0,180000,10000,490000,100000,1100000
Thailand,THA,2014,15600000,140000,30000,890000,1770000,0,190000,10000,490000,100000,1120000
Thailand,THA,2015,13680000,140000,30000,890000,1400000,0,180000,10000,510000,110000,1210000
Thailand,THA,2016,15230000,140000,20000,900000,1410000,0,110000,10000,510000,120000,1300000
Thailand,THA,2017,16570000,140000,20000,900000,1530000,0,120000,10000,530000,120000,1420000
Thailand,THA,2018,14810000,140000,20000,910000,740000,0,129999,10000,550000,140000,1470000
Thailand,THA,2019,13750000,140000,20000,920000,2100000,0,120000,10000,600000,129999,1540000
Thailand,THA,2020,15050000,150000,20000,920000,2270000,0,90000,10000,500000,60000,1550000
Thailand,THA,2021,14830000,150000,10000,930000,1460000,0,80000,10000,410000,50000,1440000
Thailand,THA,2022,17430000,150000,10000,930000,190000,0,80000,10000,470000,80000,1540000
Thailand,THA,2023,21850000,150000,10000,930000,1400000,0,80000,10000,450000,100000,1610000
Togo,TGO,1990,840000,0,0,30000,10000,0,20000,0,0,0,10000
Togo,TGO,1991,800000,0,0,30000,10000,0,20000,0,0,0,10000
Togo,TGO,1992,750000,0,0,30000,10000,0,20000,0,0,0,0
Togo,TGO,1993,740000,0,0,30000,10000,0,30000,0,0,0,0
Togo,TGO,1994,720000,0,0,30000,10000,0,30000,0,0,0,10000
Togo,TGO,1995,670000,0,0,30000,10000,0,30000,0,0,0,10000
Togo,TGO,1996,730000,0,0,30000,20000,0,30000,0,0,0,10000
Togo,TGO,1997,830000,0,0,40000,30000,0,30000,0,0,0,10000
Togo,TGO,1998,1000000,0,0,40000,50000,0,30000,0,0,0,10000
Togo,TGO,1999,870000,0,0,40000,80000,0,30000,0,0,0,10000
Togo,TGO,2000,940000,0,0,40000,10000,0,30000,0,0,0,10000
Togo,TGO,2001,780000,0,0,40000,20000,0,30000,0,0,0,10000
Togo,TGO,2002,880000,0,0,40000,10000,0,30000,0,0,0,10000
Togo,TGO,2003,930000,0,0,40000,10000,0,30000,0,0,0,10000
Togo,TGO,2004,840000,0,0,40000,10000,0,40000,0,0,0,10000
Togo,TGO,2005,1210000,0,0,50000,20000,0,40000,0,0,0,10000
Togo,TGO,2006,1030000,0,0,50000,20000,0,40000,0,0,0,10000
Togo,TGO,2007,890000,0,0,50000,10000,0,40000,0,0,0,10000
Togo,TGO,2008,990000,0,0,50000,0,0,40000,0,0,0,20000
Togo,TGO,2009,1050000,0,0,50000,0,0,40000,0,0,0,30000
Togo,TGO,2010,1060000,0,0,50000,0,0,40000,0,0,0,30000
Togo,TGO,2011,1300000,0,0,60000,10000,0,40000,0,0,0,20000
Togo,TGO,2012,1160000,0,0,60000,0,0,50000,0,0,0,20000
Togo,TGO,2013,1320000,0,0,60000,0,0,50000,0,0,0,10000
Togo,TGO,2014,1150000,0,0,60000,0,0,50000,0,0,0,10000
Togo,TGO,2015,1340000,0,0,60000,0,0,50000,0,0,0,10000
Togo,TGO,2016,1350000,0,0,60000,0,0,50000,0,0,0,10000
Togo,TGO,2017,1330000,0,0,70000,10000,0,50000,0,0,0,10000
Togo,TGO,2018,1430000,0,0,70000,0,0,50000,0,0,0,20000
Togo,TGO,2019,1370000,0,0,70000,10000,0,50000,0,0,0,20000
Togo,TGO,2020,1530000,0,0,70000,10000,0,50000,0,0,0,20000
Togo,TGO,2021,1500000,0,0,70000,10000,0,50000,0,0,0,20000
Togo,TGO,2022,1780000,0,0,70000,10000,0,60000,0,0,0,20000
Togo,TGO,2023,1700000,0,0,80000,0,0,60000,0,0,0,20000
Tonga,TON,1990,20000,0,,30000,0,0,0,,,0,0
Tonga,TON,1991,20000,0,,30000,0,0,0,,,0,0
Tonga,TON,1992,20000,0,,30000,0,0,0,,,0,0
Tonga,TON,1993,20000,0,,30000,0,0,0,,,0,0
Tonga,TON,1994,20000,0,,30000,0,0,0,,,0,0
Tonga,TON,1995,20000,0,,30000,0,0,0,,,0,0
Tonga,TON,1996,20000,0,,30000,0,0,0,,,0,0
Tonga,TON,1997,20000,0,,30000,0,0,0,,,0,0
Tonga,TON,1998,20000,0,,20000,0,0,0,,,0,0
Tonga,TON,1999,20000,0,,20000,0,0,0,,,0,0
Tonga,TON,2000,20000,0,,20000,0,0,0,,,0,0
Tonga,TON,2001,20000,0,,20000,0,0,0,,,0,0
Tonga,TON,2002,20000,0,,20000,0,0,0,,,0,0
Tonga,TON,2003,20000,0,,20000,0,0,0,,,0,0
Tonga,TON,2004,20000,0,,20000,0,0,0,,,0,0
Tonga,TON,2005,20000,0,,20000,0,0,0,,,0,0
Tonga,TON,2006,20000,0,,30000,0,0,0,,,0,0
Tonga,TON,2007,20000,0,,30000,0,0,0,,,0,0
Tonga,TON,2008,20000,0,,30000,0,0,0,,,0,0
Tonga,TON,2009,20000,0,0,30000,0,0,0,,,0,0
Tonga,TON,2010,20000,0,0,30000,0,0,0,,,0,0
Tonga,TON,2011,20000,0,,30000,0,0,0,,,0,0
Tonga,TON,2012,20000,0,,30000,0,0,0,,,0,0
Tonga,TON,2013,20000,0,,30000,0,0,0,,,0,0
Tonga,TON,2014,20000,0,,30000,0,0,0,,,0,0
Tonga,TON,2015,20000,0,,30000,0,0,0,,,0,0
Tonga,TON,2016,20000,0,,30000,0,0,0,,,0,0
Tonga,TON,2017,20000,0,,20000,0,0,0,,,0,0
Tonga,TON,2018,20000,0,,20000,0,0,0,,,0,0
Tonga,TON,2019,20000,0,,20000,0,0,0,,,0,0
Tonga,TON,2020,20000,0,,20000,0,0,0,,,0,0
Tonga,TON,2021,20000,0,,20000,0,0,0,,,0,0
Tonga,TON,2022,20000,0,,20000,0,0,0,,,0,0
Tonga,TON,2023,20000,0,,20000,0,0,0,,,0,0
Trinidad and Tobago,TTO,1990,110000,370000,0,100000,0,0,0,0,0,0,30000
Trinidad and Tobago,TTO,1991,110000,380000,0,100000,0,0,0,0,0,0,30000
Trinidad and Tobago,TTO,1992,110000,310000,0,100000,0,0,0,0,0,0,30000
Trinidad and Tobago,TTO,1993,100000,350000,0,100000,0,0,0,0,0,0,20000
Trinidad and Tobago,TTO,1994,90000,330000,0,100000,0,0,0,0,0,0,20000
Trinidad and Tobago,TTO,1995,100000,350000,0,100000,0,0,0,0,0,0,30000
Trinidad and Tobago,TTO,1996,120000,350000,0,100000,0,0,0,0,0,0,30000
Trinidad and Tobago,TTO,1997,110000,370000,0,100000,0,0,0,0,0,0,30000
Trinidad and Tobago,TTO,1998,110000,320000,0,100000,0,0,0,0,0,0,30000
Trinidad and Tobago,TTO,1999,110000,360000,0,100000,0,0,0,0,0,10000,30000
Trinidad and Tobago,TTO,2000,129999,370000,0,100000,0,0,0,0,0,10000,30000
Trinidad and Tobago,TTO,2001,110000,360000,0,110000,0,0,0,0,0,10000,30000
Trinidad and Tobago,TTO,2002,150000,410000,0,110000,0,0,0,0,0,10000,30000
Trinidad and Tobago,TTO,2003,129999,390000,0,110000,0,0,0,0,0,20000,30000
Trinidad and Tobago,TTO,2004,150000,360000,0,110000,0,0,0,0,0,20000,40000
Trinidad and Tobago,TTO,2005,150000,430000,0,110000,0,0,0,0,0,20000,40000
Trinidad and Tobago,TTO,2006,150000,380000,0,110000,0,0,0,0,0,20000,40000
Trinidad and Tobago,TTO,2007,150000,390000,0,110000,0,0,0,0,0,20000,50000
Trinidad and Tobago,TTO,2008,150000,370000,0,120000,0,0,0,0,0,20000,50000
Trinidad and Tobago,TTO,2009,160000,380000,0,129999,0,0,0,0,0,20000,50000
Trinidad and Tobago,TTO,2010,160000,780000,0,150000,0,0,0,0,0,10000,50000
Trinidad and Tobago,TTO,2011,160000,780000,0,150000,0,0,0,0,0,20000,50000
Trinidad and Tobago,TTO,2012,170000,690000,0,150000,0,0,0,0,0,10000,50000
Trinidad and Tobago,TTO,2013,170000,890000,0,160000,0,0,0,0,0,20000,50000
Trinidad and Tobago,TTO,2014,170000,1039999,0,150000,0,0,0,0,0,10000,60000
Trinidad and Tobago,TTO,2015,180000,1190000,0,150000,0,0,0,0,0,20000,60000
Trinidad and Tobago,TTO,2016,180000,1200000,0,150000,0,0,0,0,0,20000,50000
Trinidad and Tobago,TTO,2017,150000,1210000,0,150000,0,0,0,0,0,20000,50000
Trinidad and Tobago,TTO,2018,160000,1230000,0,150000,0,0,0,0,0,10000,40000
Trinidad and Tobago,TTO,2019,160000,1240000,0,150000,0,0,0,0,0,10000,50000
Trinidad and Tobago,TTO,2020,160000,1250000,0,150000,0,0,0,0,0,0,40000
Trinidad and Tobago,TTO,2021,160000,1260000,0,150000,0,0,0,0,0,0,40000
Trinidad and Tobago,TTO,2022,160000,1270000,0,150000,0,0,0,0,0,0,40000
Trinidad and Tobago,TTO,2023,160000,1290000,0,150000,0,0,0,0,0,0,40000
Tunisia,TUN,1990,1470000,320000,0,180000,0,0,20000,0,10000,0,40000
Tunisia,TUN,1991,1670000,330000,0,180000,0,0,20000,0,0,0,40000
Tunisia,TUN,1992,1650000,300000,0,180000,0,0,20000,0,10000,0,40000
Tunisia,TUN,1993,1700000,280000,0,190000,0,0,20000,0,0,10000,50000
Tunisia,TUN,1994,1500000,250000,0,190000,0,0,30000,0,0,10000,50000
Tunisia,TUN,1995,1450000,290000,0,190000,0,0,30000,0,0,10000,50000
Tunisia,TUN,1996,1780000,290000,0,200000,0,0,30000,0,0,10000,50000
Tunisia,TUN,1997,1630000,250000,0,200000,0,0,30000,0,0,10000,60000
Tunisia,TUN,1998,1800000,300000,0,200000,0,0,30000,0,0,10000,60000
Tunisia,TUN,1999,1880000,320000,0,200000,0,0,30000,0,0,10000,60000
Tunisia,TUN,2000,1890000,350000,0,210000,0,0,30000,0,10000,10000,60000
Tunisia,TUN,2001,1870000,350000,0,210000,0,0,30000,0,10000,10000,70000
Tunisia,TUN,2002,1810000,370000,0,210000,0,0,30000,0,10000,10000,70000
Tunisia,TUN,2003,1900000,390000,0,210000,0,0,40000,0,10000,0,70000
Tunisia,TUN,2004,1990000,360000,0,220000,0,0,40000,0,10000,10000,70000
Tunisia,TUN,2005,2050000,310000,0,220000,0,0,40000,0,10000,10000,70000
Tunisia,TUN,2006,2030000,300000,0,220000,0,0,40000,0,10000,10000,70000
Tunisia,TUN,2007,2130000,259999,0,230000,0,0,40000,0,10000,10000,80000
Tunisia,TUN,2008,2020000,310000,0,240000,0,0,40000,0,10000,10000,70000
Tunisia,TUN,2009,2160000,320000,0,240000,0,0,40000,0,10000,0,90000
Tunisia,TUN,2010,2100000,390000,0,250000,0,0,40000,0,10000,10000,100000
Tunisia,TUN,2011,2150000,140000,0,250000,0,0,40000,0,10000,10000,100000
Tunisia,TUN,2012,2190000,230000,0,259999,0,0,40000,0,10000,10000,100000
Tunisia,TUN,2013,2010000,250000,0,259999,0,0,40000,0,10000,10000,100000
Tunisia,TUN,2014,2130000,210000,0,270000,0,0,40000,0,10000,10000,100000
Tunisia,TUN,2015,2110000,150000,0,270000,0,0,40000,0,10000,0,110000
Tunisia,TUN,2016,2230000,160000,0,270000,0,0,30000,0,10000,0,110000
Tunisia,TUN,2017,2130000,160000,0,280000,10000,0,30000,0,10000,10000,120000
Tunisia,TUN,2018,2160000,170000,0,280000,0,0,30000,0,10000,10000,120000
Tunisia,TUN,2019,2180000,170000,0,290000,0,0,30000,0,10000,10000,120000
Tunisia,TUN,2020,2120000,170000,0,290000,0,0,30000,0,10000,0,110000
Tunisia,TUN,2021,2370000,180000,0,290000,0,0,30000,0,10000,0,120000
Tunisia,TUN,2022,2230000,180000,0,300000,0,0,30000,0,10000,10000,120000
Tunisia,TUN,2023,2000000,190000,0,300000,0,0,30000,0,10000,10000,120000
Turkey,TUR,1990,20480000,950000,10000,1280000,10000,10000,390000,10000,90000,10000,510000
Turkey,TUR,1991,19600000,750000,10000,1300000,10000,10000,390000,10000,100000,10000,480000
Turkey,TUR,1992,20320000,850000,10000,1320000,10000,10000,390000,10000,90000,10000,500000
Turkey,TUR,1993,21150000,830000,20000,1320000,10000,10000,380000,10000,90000,10000,580000
Turkey,TUR,1994,18890000,580000,20000,1360000,10000,10000,370000,10000,80000,10000,570000
Turkey,TUR,1995,18790000,890000,20000,1390000,10000,10000,360000,10000,90000,10000,630000
Turkey,TUR,1996,19230000,900000,20000,1370000,0,10000,360000,10000,120000,10000,660000
Turkey,TUR,1997,19340000,920000,20000,1340000,0,20000,370000,10000,129999,10000,600000
Turkey,TUR,1998,20510000,880000,20000,1410000,10000,10000,350000,10000,140000,10000,550000
Turkey,TUR,1999,20520000,820000,20000,1420000,0,10000,340000,10000,120000,20000,570000
Turkey,TUR,2000,20110000,750000,20000,1440000,0,10000,330000,10000,170000,20000,550000
Turkey,TUR,2001,18050000,660000,20000,1440000,0,10000,310000,10000,110000,20000,510000
Turkey,TUR,2002,18230000,740000,20000,1460000,0,10000,300000,10000,150000,30000,540000
Turkey,TUR,2003,18720000,670000,20000,1470000,0,10000,300000,10000,170000,30000,530000
Turkey,TUR,2004,18890000,640000,20000,1490000,0,0,300000,10000,170000,40000,530000
Turkey,TUR,2005,19210000,1200000,20000,1510000,0,10000,290000,10000,150000,50000,550000
Turkey,TUR,2006,19600000,1500000,20000,1530000,10000,10000,280000,10000,190000,40000,620000
Turkey,TUR,2007,18930000,1360000,20000,1540000,0,10000,280000,10000,200000,40000,640000
Turkey,TUR,2008,17580000,1310000,30000,1530000,10000,10000,330000,10000,110000,40000,610000
Turkey,TUR,2009,19740000,1190000,30000,1560000,0,10000,340000,10000,120000,40000,590000
Turkey,TUR,2010,18940000,1470000,30000,1640000,0,0,330000,0,129999,40000,580000
Turkey,TUR,2011,18730000,1550000,30000,1680000,0,0,280000,0,129999,30000,580000
Turkey,TUR,2012,20440000,1580000,20000,1740000,0,0,290000,0,129999,30000,680000
Turkey,TUR,2013,22550000,1590000,20000,1760000,0,0,250000,0,110000,50000,810000
Turkey,TUR,2014,22310000,1610000,20000,1790000,0,0,240000,0,110000,80000,820000
Turkey,TUR,2015,22830000,1290000,20000,1860000,0,0,230000,10000,110000,100000,960000
Turkey,TUR,2016,24880000,1080000,20000,1860000,0,0,230000,10000,120000,100000,1039999
Turkey,TUR,2017,24370000,1030000,20000,1920000,0,0,220000,10000,150000,100000,1100000
Turkey,TUR,2018,24800000,1620000,20000,1950000,0,0,150000,10000,190000,100000,1100000
Turkey,TUR,2019,26120000,1790000,20000,1980000,10000,0,160000,10000,180000,120000,1110000
Turkey,TUR,2020,29170000,1780000,20000,2040000,10000,0,170000,0,190000,50000,1050000
Turkey,TUR,2021,27650000,1800000,20000,2100000,70000,0,160000,0,210000,70000,1210000
Turkey,TUR,2022,26040000,1840000,20000,2110000,0,0,150000,0,200000,100000,1240000
Turkey,TUR,2023,27770000,1880000,20000,2120000,0,0,160000,0,200000,110000,1330000
Turkmenistan,TKM,1990,2310000,60000,40000,50000,0,0,0,0,0,10000,80000
Turkmenistan,TKM,1991,2170000,90000,30000,50000,0,0,0,0,0,10000,60000
Turkmenistan,TKM,1992,1470000,100000,40000,50000,0,0,0,0,0,10000,60000
Turkmenistan,TKM,1993,1740000,150000,20000,50000,0,0,0,0,0,10000,50000
Turkmenistan,TKM,1994,1690000,150000,20000,50000,0,0,0,0,0,0,50000
Turkmenistan,TKM,1995,1750000,140000,20000,60000,0,0,10000,0,0,0,40000
Turkmenistan,TKM,1996,1780000,140000,20000,60000,0,0,0,0,0,10000,50000
Turkmenistan,TKM,1997,1880000,150000,20000,60000,0,0,0,0,0,10000,40000
Turkmenistan,TKM,1998,1480000,70000,20000,60000,0,0,0,0,0,10000,60000
Turkmenistan,TKM,1999,1720000,80000,20000,60000,0,0,10000,0,0,10000,60000
Turkmenistan,TKM,2000,1920000,80000,20000,60000,0,0,0,0,0,10000,70000
Turkmenistan,TKM,2001,2100000,80000,20000,60000,0,0,0,0,0,10000,70000
Turkmenistan,TKM,2002,2380000,110000,20000,70000,0,0,0,0,0,10000,80000
Turkmenistan,TKM,2003,2760000,110000,30000,70000,0,0,0,0,0,10000,90000
Turkmenistan,TKM,2004,2940000,100000,30000,70000,0,0,10000,0,0,10000,90000
Turkmenistan,TKM,2005,3300000,210000,30000,70000,0,0,10000,0,0,10000,90000
Turkmenistan,TKM,2006,3830000,280000,30000,70000,0,0,10000,0,0,10000,90000
Turkmenistan,TKM,2007,3700000,300000,30000,80000,0,0,10000,0,0,10000,100000
Turkmenistan,TKM,2008,3920000,380000,30000,80000,0,0,10000,0,0,10000,100000
Turkmenistan,TKM,2009,3820000,410000,30000,80000,0,0,10000,0,0,10000,100000
Turkmenistan,TKM,2010,3900000,420000,30000,80000,0,0,10000,0,0,10000,120000
Turkmenistan,TKM,2011,3790000,420000,30000,80000,0,0,10000,0,0,10000,120000
Turkmenistan,TKM,2012,3890000,420000,30000,90000,0,0,10000,0,0,10000,120000
Turkmenistan,TKM,2013,4590000,350000,30000,90000,0,0,10000,0,0,10000,129999
Turkmenistan,TKM,2014,4760000,490000,30000,90000,0,0,10000,0,0,10000,150000
Turkmenistan,TKM,2015,5280000,610000,30000,90000,0,0,10000,0,0,10000,140000
Turkmenistan,TKM,2016,4960000,610000,30000,100000,0,0,10000,0,0,10000,129999
Turkmenistan,TKM,2017,4850000,610000,30000,100000,0,0,10000,0,0,10000,140000
Turkmenistan,TKM,2018,4950000,620000,30000,100000,0,0,10000,0,0,10000,129999
Turkmenistan,TKM,2019,4770000,620000,30000,100000,0,0,10000,0,0,10000,129999
Turkmenistan,TKM,2020,5550000,620000,30000,100000,0,0,10000,0,0,0,129999
Turkmenistan,TKM,2021,5040000,620000,30000,100000,0,0,10000,0,10000,0,129999
Turkmenistan,TKM,2022,5660000,620000,30000,100000,0,0,10000,0,10000,0,129999
Turkmenistan,TKM,2023,5670000,630000,30000,100000,0,0,10000,0,10000,0,129999
Tuvalu,TUV,1990,0,0,0,0,0,0,0,,,0,0
Tuvalu,TUV,1991,0,0,0,0,0,0,0,,,0,0
Tuvalu,TUV,1992,0,0,0,0,0,0,0,,,0,0
Tuvalu,TUV,1993,0,0,0,0,0,0,0,,,0,0
Tuvalu,TUV,1994,0,0,0,0,0,0,0,,,0,0
Tuvalu,TUV,1995,0,0,0,0,0,0,0,,,0,0
Tuvalu,TUV,1996,0,0,0,0,0,0,0,,,0,0
Tuvalu,TUV,1997,0,0,0,0,0,0,0,,,0,0
Tuvalu,TUV,1998,0,0,0,0,0,0,0,,,0,0
Tuvalu,TUV,1999,0,0,0,0,0,0,0,,,0,0
Tuvalu,TUV,2000,0,0,0,0,0,0,0,,,0,0
Tuvalu,TUV,2001,0,0,0,0,0,0,0,,,0,0
Tuvalu,TUV,2002,0,0,0,0,0,0,0,,,0,0
Tuvalu,TUV,2003,0,0,0,0,0,0,0,,,0,0
Tuvalu,TUV,2004,0,0,0,0,0,0,0,,,0,0
Tuvalu,TUV,2005,0,0,0,0,0,0,0,,,0,0
Tuvalu,TUV,2006,0,0,0,0,0,0,0,,,0,0
Tuvalu,TUV,2007,0,0,0,0,0,0,0,,,0,0
Tuvalu,TUV,2008,0,0,0,0,0,0,0,,,0,0
Tuvalu,TUV,2009,0,0,0,0,0,0,0,,,0,0
Tuvalu,TUV,2010,0,0,0,0,0,0,0,,,0,0
Tuvalu,TUV,2011,0,0,0,0,0,0,0,,,0,0
Tuvalu,TUV,2012,0,0,0,0,0,0,0,,,0,0
Tuvalu,TUV,2013,0,0,0,0,0,0,0,,,0,0
Tuvalu,TUV,2014,0,0,0,0,0,0,0,,,0,0
Tuvalu,TUV,2015,0,0,0,0,0,0,0,,,0,0
Tuvalu,TUV,2016,0,0,0,0,0,0,0,,,0,0
Tuvalu,TUV,2017,0,0,0,0,0,0,0,,,0,0
Tuvalu,TUV,2018,0,0,0,0,0,0,0,,,0,0
Tuvalu,TUV,2019,0,0,0,0,0,0,0,,,0,0
Tuvalu,TUV,2020,0,0,0,0,0,0,0,,,0,0
Tuvalu,TUV,2021,0,0,0,0,0,0,0,,,0,0
Tuvalu,TUV,2022,0,0,0,0,0,0,0,,,0,0
Tuvalu,TUV,2023,0,0,0,0,0,0,0,,,0,0
Uganda,UGA,1990,4050000,0,0,140000,50000,0,200000,0,20000,0,10000
Uganda,UGA,1991,4179999,0,0,140000,50000,0,200000,0,30000,0,10000
Uganda,UGA,1992,4250000,0,0,150000,50000,0,210000,0,30000,0,10000
Uganda,UGA,1993,4360000,0,0,150000,50000,0,210000,0,30000,0,10000
Uganda,UGA,1994,4280000,0,0,160000,50000,0,220000,0,30000,0,10000
Uganda,UGA,1995,4370000,0,0,160000,50000,0,220000,0,30000,0,10000
Uganda,UGA,1996,4550000,0,0,160000,70000,0,230000,0,40000,0,10000
Uganda,UGA,1997,4850000,0,0,170000,170000,0,230000,0,40000,0,10000
Uganda,UGA,1998,5260000,0,0,170000,210000,0,240000,0,40000,0,20000
Uganda,UGA,1999,4910000,0,0,180000,290000,0,240000,0,40000,0,20000
Uganda,UGA,2000,4950000,0,0,190000,170000,0,240000,0,50000,0,20000
Uganda,UGA,2001,4940000,0,0,200000,50000,0,250000,0,50000,0,20000
Uganda,UGA,2002,5110000,0,0,210000,20000,0,250000,0,50000,0,20000
Uganda,UGA,2003,5710000,0,0,220000,40000,0,259999,0,60000,0,20000
Uganda,UGA,2004,5600000,0,0,220000,30000,0,270000,0,60000,0,20000
Uganda,UGA,2005,6240000,0,0,220000,30000,0,270000,0,70000,0,20000
Uganda,UGA,2006,5350000,0,0,230000,20000,0,280000,0,70000,0,20000
Uganda,UGA,2007,6320000,0,0,240000,10000,0,280000,0,70000,0,20000
Uganda,UGA,2008,8260000,0,0,259999,30000,0,290000,0,80000,0,20000
Uganda,UGA,2009,8120000,0,0,280000,10000,0,310000,0,90000,0,30000
Uganda,UGA,2010,8700000,0,0,290000,10000,0,320000,0,90000,0,30000
Uganda,UGA,2011,8500000,0,0,300000,10000,0,330000,0,100000,0,30000
Uganda,UGA,2012,9100000,0,0,300000,30000,0,340000,0,100000,0,40000
Uganda,UGA,2013,9020000,0,0,300000,20000,0,360000,0,110000,0,50000
Uganda,UGA,2014,9220000,0,0,300000,30000,0,370000,0,110000,0,50000
Uganda,UGA,2015,9950000,0,0,290000,30000,0,390000,0,120000,0,60000
Uganda,UGA,2016,10310000,0,0,290000,20000,0,400000,0,110000,0,60000
Uganda,UGA,2017,10220000,0,0,300000,30000,0,410000,0,110000,0,60000
Uganda,UGA,2018,10480000,0,0,310000,20000,0,420000,0,129999,0,70000
Uganda,UGA,2019,10240000,0,0,330000,40000,0,410000,0,120000,0,70000
Uganda,UGA,2020,10720000,0,0,350000,10000,0,440000,0,129999,0,70000
Uganda,UGA,2021,10950000,0,0,360000,10000,0,450000,0,140000,0,80000
Uganda,UGA,2022,10990000,0,0,370000,10000,0,470000,0,150000,0,70000
Uganda,UGA,2023,10870000,0,0,380000,10000,0,480000,0,150000,0,80000
Ukraine,UKR,1990,31610000,5040000,80000,1510000,30000,10000,120000,30000,270000,50000,1170000
Ukraine,UKR,1991,29740000,4460000,70000,1410000,30000,10000,70000,20000,280000,40000,1280000
Ukraine,UKR,1992,28010000,3840000,40000,1300000,40000,10000,80000,10000,259999,20000,730000
Ukraine,UKR,1993,24780000,3260000,30000,1250000,40000,10000,100000,10000,170000,10000,610000
Ukraine,UKR,1994,23280000,2650000,30000,1150000,40000,10000,90000,10000,120000,0,540000
Ukraine,UKR,1995,21290000,2110000,20000,1150000,40000,10000,90000,10000,120000,0,560000
Ukraine,UKR,1996,18220000,2470000,20000,1100000,10000,10000,70000,10000,90000,10000,480000
Ukraine,UKR,1997,17700000,2720000,20000,1070000,10000,10000,60000,10000,90000,10000,620000
Ukraine,UKR,1998,15780000,2190000,20000,1060000,10000,10000,60000,10000,90000,0,560000
Ukraine,UKR,1999,14750000,2340000,20000,1030000,20000,10000,60000,10000,80000,10000,450000
Ukraine,UKR,2000,14320000,2670000,20000,1030000,10000,10000,60000,10000,80000,10000,440000
Ukraine,UKR,2001,14660000,2600000,20000,1050000,10000,10000,50000,10000,90000,10000,470000
Ukraine,UKR,2002,15060000,3180000,20000,1090000,30000,10000,60000,10000,90000,10000,500000
Ukraine,UKR,2003,13900000,3390000,20000,1070000,20000,10000,40000,10000,129999,10000,480000
Ukraine,UKR,2004,13750000,2900000,20000,1100000,10000,10000,50000,10000,110000,10000,510000
Ukraine,UKR,2005,13350000,3350000,30000,1100000,50000,10000,20000,10000,120000,10000,510000
Ukraine,UKR,2006,13500000,3380000,10000,1110000,20000,10000,60000,10000,110000,10000,519999
Ukraine,UKR,2007,13740000,4400000,10000,1110000,20000,10000,80000,10000,100000,10000,570000
Ukraine,UKR,2008,15540000,3990000,10000,1120000,10000,10000,80000,10000,100000,10000,570000
Ukraine,UKR,2009,14320000,1960000,10000,1080000,70000,10000,70000,0,70000,10000,490000
Ukraine,UKR,2010,14730000,2610000,10000,1080000,50000,10000,70000,10000,80000,10000,500000
Ukraine,UKR,2011,16219999,3310000,10000,1080000,30000,10000,70000,0,90000,10000,490000
Ukraine,UKR,2012,15770000,3100000,10000,1090000,30000,10000,70000,0,90000,10000,470000
Ukraine,UKR,2013,17330000,2320000,10000,1100000,60000,0,70000,0,90000,0,470000
Ukraine,UKR,2014,17280000,2040000,10000,1060000,110000,10000,70000,0,110000,0,390000
Ukraine,UKR,2015,16670000,1540000,10000,990000,129999,0,70000,0,70000,0,340000
Ukraine,UKR,2016,17850000,1830000,10000,990000,10000,0,90000,0,60000,0,330000
Ukraine,UKR,2017,18520000,1430000,10000,980000,20000,0,90000,0,50000,10000,330000
Ukraine,UKR,2018,18920000,1360000,10000,980000,50000,10000,100000,0,60000,10000,330000
Ukraine,UKR,2019,19450000,1990000,10000,980000,100000,10000,100000,0,70000,0,310000
Ukraine,UKR,2020,20210000,2120000,10000,970000,150000,10000,110000,0,70000,0,290000
Ukraine,UKR,2021,21300000,2260000,10000,950000,10000,10000,110000,0,60000,0,320000
Ukraine,UKR,2022,16450001,2330000,70000,860000,30000,10000,110000,0,20000,0,0
Ukraine,UKR,2023,15180000,2400000,70000,800000,10000,10000,110000,0,20000,0,0
United Arab Emirates,ARE,1990,200000,0,0,40000,0,0,0,0,20000,200000,180000
United Arab Emirates,ARE,1991,240000,0,0,50000,0,0,0,0,20000,280000,190000
United Arab Emirates,ARE,1992,280000,0,0,50000,0,0,0,0,20000,280000,190000
United Arab Emirates,ARE,1993,290000,0,0,50000,0,0,0,0,20000,280000,200000
United Arab Emirates,ARE,1994,330000,0,0,50000,0,0,0,0,20000,310000,200000
United Arab Emirates,ARE,1995,360000,0,0,60000,0,0,0,0,20000,310000,220000
United Arab Emirates,ARE,1996,380000,0,0,60000,0,0,0,0,20000,300000,220000
United Arab Emirates,ARE,1997,390000,0,0,70000,0,0,0,0,20000,300000,220000
United Arab Emirates,ARE,1998,400000,0,0,70000,0,0,10000,0,20000,300000,220000
United Arab Emirates,ARE,1999,420000,0,0,80000,0,0,0,0,20000,290000,230000
United Arab Emirates,ARE,2000,430000,0,0,80000,0,0,10000,0,20000,280000,250000
United Arab Emirates,ARE,2001,440000,0,0,90000,0,0,10000,0,20000,259999,280000
United Arab Emirates,ARE,2002,500000,0,0,100000,0,0,10000,0,20000,250000,330000
United Arab Emirates,ARE,2003,519999,0,0,110000,0,0,10000,0,10000,280000,360000
United Arab Emirates,ARE,2004,519999,0,0,120000,0,0,10000,0,10000,310000,370000
United Arab Emirates,ARE,2005,550000,0,0,129999,0,0,10000,0,10000,320000,390000
United Arab Emirates,ARE,2006,550000,0,0,140000,0,0,10000,0,10000,360000,410000
United Arab Emirates,ARE,2007,570000,0,0,150000,0,0,10000,0,10000,390000,420000
United Arab Emirates,ARE,2008,610000,0,0,160000,0,0,10000,0,20000,410000,450000
United Arab Emirates,ARE,2009,620000,0,0,160000,0,0,10000,0,20000,360000,510000
United Arab Emirates,ARE,2010,610000,0,0,170000,0,0,10000,0,20000,380000,530000
United Arab Emirates,ARE,2011,610000,0,0,180000,0,0,10000,0,20000,400000,530000
United Arab Emirates,ARE,2012,580000,0,0,190000,0,0,10000,0,30000,420000,550000
United Arab Emirates,ARE,2013,620000,0,0,200000,0,0,20000,0,30000,420000,640000
United Arab Emirates,ARE,2014,630000,0,0,210000,0,0,20000,0,20000,450000,660000
United Arab Emirates,ARE,2015,670000,0,0,200000,0,0,20000,0,30000,530000,580000
United Arab Emirates,ARE,2016,660000,0,0,190000,0,0,20000,0,30000,550000,650000
United Arab Emirates,ARE,2017,660000,0,0,180000,0,0,20000,0,30000,530000,710000
United Arab Emirates,ARE,2018,660000,0,0,170000,0,0,20000,0,30000,530000,720000
United Arab Emirates,ARE,2019,670000,0,0,160000,0,0,20000,0,40000,530000,680000
United Arab Emirates,ARE,2020,680000,0,0,150000,0,0,10000,0,40000,460000,580000
United Arab Emirates,ARE,2021,690000,0,0,150000,0,0,20000,0,40000,490000,640000
United Arab Emirates,ARE,2022,690000,0,0,150000,0,0,10000,0,50000,550000,670000
United Arab Emirates,ARE,2023,700000,0,0,150000,0,0,10000,0,50000,610000,710000
United Kingdom,GBR,1990,26510000,21730000,60000,800000,0,140000,140000,30000,140000,200000,2290000
United Kingdom,GBR,1991,25570000,21880000,70000,790000,0,140000,150000,30000,140000,190000,2280000
United Kingdom,GBR,1992,24780000,18010000,60000,820000,0,140000,140000,30000,140000,200000,2310000
United Kingdom,GBR,1993,24690000,14640000,60000,810000,0,140000,150000,30000,140000,210000,2310000
United Kingdom,GBR,1994,25310000,14620000,40000,820000,0,150000,140000,30000,150000,210000,2290000
United Kingdom,GBR,1995,25210000,13280000,40000,820000,0,160000,120000,30000,129999,220000,2260000
United Kingdom,GBR,1996,26010000,13190000,40000,840000,0,170000,129999,40000,129999,230000,2320000
United Kingdom,GBR,1997,25390000,13350000,30000,850000,0,140000,120000,40000,120000,240000,2300000
United Kingdom,GBR,1998,24950000,13590000,30000,850000,0,170000,120000,40000,110000,270000,2290000
United Kingdom,GBR,1999,24700000,5140000,30000,830000,0,160000,110000,30000,100000,259999,2380000
United Kingdom,GBR,2000,23610000,5310000,30000,860000,0,160000,100000,30000,100000,280000,2340000
United Kingdom,GBR,2001,22960000,4690000,30000,840000,0,160000,100000,30000,110000,280000,2320000
United Kingdom,GBR,2002,22930000,3260000,20000,840000,0,160000,100000,30000,100000,270000,2330000
United Kingdom,GBR,2003,22460000,3060000,20000,830000,0,140000,90000,30000,100000,270000,2320000
United Kingdom,GBR,2004,22450000,3870000,30000,820000,0,150000,90000,30000,100000,290000,2340000
United Kingdom,GBR,2005,21980000,3280000,30000,830000,0,150000,90000,30000,90000,310000,2340000
United Kingdom,GBR,2006,21500000,2780000,20000,840000,0,150000,90000,30000,90000,320000,2350000
United Kingdom,GBR,2007,21180000,3170000,20000,840000,0,150000,80000,30000,100000,320000,2390000
United Kingdom,GBR,2008,21280000,3000000,20000,820000,0,129999,90000,30000,100000,340000,2370000
United Kingdom,GBR,2009,20600000,1770000,20000,830000,0,140000,80000,20000,90000,320000,2320000
United Kingdom,GBR,2010,20920000,1880000,20000,840000,0,150000,100000,20000,90000,300000,2310000
United Kingdom,GBR,2011,20960000,1050000,20000,840000,0,160000,80000,20000,80000,320000,2250000
United Kingdom,GBR,2012,20750000,830000,20000,830000,0,140000,90000,20000,90000,300000,2210000
United Kingdom,GBR,2013,20850000,790000,30000,830000,0,129999,90000,20000,90000,300000,2200000
United Kingdom,GBR,2014,21570000,810000,30000,830000,0,129999,80000,20000,100000,300000,2250000
United Kingdom,GBR,2015,21550000,770000,20000,850000,0,129999,90000,20000,110000,300000,2240000
United Kingdom,GBR,2016,21390000,780000,60000,830000,0,120000,100000,20000,90000,300000,2270000
United Kingdom,GBR,2017,21660000,810000,60000,860000,0,120000,100000,20000,90000,310000,2270000
United Kingdom,GBR,2018,21380000,790000,60000,860000,0,110000,100000,20000,100000,310000,2310000
United Kingdom,GBR,2019,21570000,810000,60000,880000,0,110000,100000,20000,100000,310000,2360000
United Kingdom,GBR,2020,20630000,730000,20000,890000,0,90000,110000,20000,100000,150000,1930000
United Kingdom,GBR,2021,21170000,710000,20000,900000,0,90000,120000,20000,100000,150000,2100000
United Kingdom,GBR,2022,20440000,710000,20000,910000,0,90000,110000,20000,100000,250000,2260000
United Kingdom,GBR,2023,20120000,710000,20000,910000,0,90000,110000,20000,100000,280000,2300000
United States,USA,1990,141700000,29540000,600000,14840000,920000,390000,530000,190000,1370000,920000,27950000
United States,USA,1991,137820000,29060000,700000,15180000,920000,310000,530000,190000,1350000,970000,27460000
United States,USA,1992,142040000,27510000,750000,15520000,920000,380000,519999,190000,1310000,1020000,28290000
United States,USA,1993,142700000,29020000,90000,15850000,920000,360000,1160000,190000,1170000,940000,28740000
United States,USA,1994,147390000,29530000,90000,16400000,920000,360000,1130000,190000,1170000,920000,29770000
United States,USA,1995,145130000,32849998,90000,16709999,920000,360000,1190000,190000,1200000,980000,30530000
United States,USA,1996,149590000,33180000,90000,17000000,1130000,370000,1220000,190000,1170000,960000,31070000
United States,USA,1997,149090000,27240000,90000,17190000,530000,330000,1030000,190000,1280000,900000,31390000
United States,USA,1998,149430000,23230000,90000,17670000,1060000,320000,1039999,200000,1330000,900000,32040000
United States,USA,1999,148060000,22410000,120000,18270000,1220000,290000,970000,190000,2190000,1000000,32800000
United States,USA,2000,145260000,22640000,129999,18590000,1260000,330000,1020000,190000,2300000,1050000,33550000
United States,USA,2001,144040000,19450000,110000,18430000,300000,340000,940000,180000,2079999,820000,33660000
United States,USA,2002,144060000,20360000,100000,18640000,760000,330000,870000,200000,1860000,990000,34460000
United States,USA,2003,150800000,20160000,90000,19000000,770000,320000,1030000,200000,1960000,880000,35140000
United States,USA,2004,149780000,18650000,110000,19290000,690000,310000,1039999,190000,2089999,1010000,35970000
United States,USA,2005,147780000,22110000,120000,19340000,560000,320000,1090000,190000,2110000,1080000,36710000
United States,USA,2006,152900000,23270000,129999,19690000,630000,340000,930000,190000,2330000,1130000,37650000
United States,USA,2007,152470000,26780000,120000,19860000,1020000,340000,990000,190000,2200000,1200000,37970000
United States,USA,2008,146970000,18120000,110000,19760000,1100000,340000,1010000,180000,2079999,1100000,36330000
United States,USA,2009,150620000,16670000,110000,19610000,610000,340000,1000000,180000,1830000,1010000,34930000
United States,USA,2010,152260000,19850000,160000,19790000,480000,340000,1080000,180000,1980000,1060000,36240000
United States,USA,2011,154510000,24700000,160000,20020000,750000,380000,1020000,210000,1870000,1039999,36150000
United States,USA,2012,152650000,19800000,140000,20630000,650000,380000,860000,210000,1840000,850000,35650000
United States,USA,2013,153810000,18770000,140000,20880000,730000,380000,1050000,210000,1840000,850000,37180000
United States,USA,2014,152830000,20320000,140000,21130000,720000,400000,1090000,210000,1850000,860000,37270000
United States,USA,2015,153200000,19710000,140000,21240000,1330000,400000,920000,210000,1810000,900000,38720000
United States,USA,2016,156820000,20810000,129999,21790000,690000,380000,830000,210000,1800000,990000,39370000
United States,USA,2017,155050000,20190000,129999,22360000,1270000,380000,790000,190000,1810000,1070000,39230000
United States,USA,2018,157160000,23060000,140000,22790000,1170000,380000,930000,200000,1990000,1010000,40210000
United States,USA,2019,154470000,18710000,140000,22930000,580000,370000,1010000,200000,1940000,1080000,39960000
United States,USA,2020,156720000,20880000,129999,22550000,2510000,350000,920000,170000,1830000,700000,34480000
United States,USA,2021,155950000,19740000,140000,22550000,1740000,340000,920000,180000,1880000,830000,37930000
United States,USA,2022,151510000,16080000,150000,23660000,940000,320000,1000000,180000,1820000,870000,38740000
United States,USA,2023,151930000,22700000,170000,23360000,750000,280000,1010000,180000,1860000,900000,39310000
Upper-middle-income countries,OWID_UMC,1990,605710016,18220000,1020000,39780000,11400000,180000,13590000,740000,6310000,470000,12990000
Upper-middle-income countries,OWID_UMC,1991,605569984,18210000,980000,39860000,11400000,180000,13590000,780000,6420000,470000,13600000
Upper-middle-income countries,OWID_UMC,1992,608720000,16960000,940000,39970000,11400000,180000,13520000,770000,6510000,530000,13460000
Upper-middle-income countries,OWID_UMC,1993,597040000,17170000,870000,40120000,11400000,180000,13550000,780000,6560000,470000,14210000
Upper-middle-income countries,OWID_UMC,1994,608769984,16360000,890000,40230000,11400000,190000,13320000,850000,6730000,490000,14140000
Upper-middle-income countries,OWID_UMC,1995,642710016,19090000,860000,41980000,11400000,200000,13330000,890000,7350000,530000,14860000
Upper-middle-income countries,OWID_UMC,1996,657259968,21100000,680000,43680000,7100000,210000,13050000,910000,7020000,580000,16030000
Upper-middle-income countries,OWID_UMC,1997,631160000,23180000,820000,45380000,19400000,230000,13130000,1000000,7010000,570000,16350000
Upper-middle-income countries,OWID_UMC,1998,641169984,26650000,840000,47090000,22590000,230000,12780000,1000000,7360000,600000,16370000
Upper-middle-income countries,OWID_UMC,1999,648689984,28560000,840000,48810000,11700000,210000,12780000,930000,6740000,670000,16410000
Upper-middle-income countries,OWID_UMC,2000,639510016,31280000,680000,50550000,5930000,220000,12290000,890000,6450000,710000,18940000
Upper-middle-income countries,OWID_UMC,2001,650059968,32850000,690000,50970000,6010000,220000,11900000,1110000,6490000,720000,19450000
Upper-middle-income countries,OWID_UMC,2002,679040000,37470000,700000,51570000,12910000,210000,11840000,1140000,6700000,770000,20370000
Upper-middle-income countries,OWID_UMC,2003,680380032,38930000,790000,52140000,13930000,220000,11650000,1280000,7500000,730000,21320000
Upper-middle-income countries,OWID_UMC,2004,700960000,42370000,850000,52740000,14310000,200000,11430000,1260000,8980000,830000,23400000
Upper-middle-income countries,OWID_UMC,2005,708720000,44580000,920000,53390000,16400000,220000,11140000,1280000,10660000,920000,24660000
Upper-middle-income countries,OWID_UMC,2006,716800000,51170000,940000,53820000,9630000,220000,11080000,1430000,11280000,940000,25580000
Upper-middle-income countries,OWID_UMC,2007,732950016,51920000,980000,54400000,18480000,250000,10480000,1620000,11830000,1000000,26990000
Upper-middle-income countries,OWID_UMC,2008,738249984,57280000,930000,55020000,8080000,300000,9920000,1810000,12300000,1030000,28630000
Upper-middle-income countries,OWID_UMC,2009,735489984,60920000,930000,55670000,6790000,280000,9460000,1960000,12660000,1030000,28800000
Upper-middle-income countries,OWID_UMC,2010,760529984,67800000,960000,56460000,15600000,250000,8950000,2180000,13540000,1150000,30740000
Upper-middle-income countries,OWID_UMC,2011,765950016,74410000,990000,56900000,6390000,240000,8500000,2070000,13950000,1180000,32550000
Upper-middle-income countries,OWID_UMC,2012,767800000,80000000,1010000,57580000,9340000,220000,8180000,2110000,14130000,1180000,34700000
Upper-middle-income countries,OWID_UMC,2013,770640000,98400000,1080000,59270000,5670000,210000,7740000,2200000,13950000,1180000,36790000
Upper-middle-income countries,OWID_UMC,2014,777969984,100850000,1060000,61180000,7890000,220000,7650000,1800000,13740000,1250000,37720000
Upper-middle-income countries,OWID_UMC,2015,773760000,103990000,1080000,61500000,11770000,210000,7510000,1910000,13300000,1370000,38630000
Upper-middle-income countries,OWID_UMC,2016,782230016,107210000,1060000,62070000,8350000,200000,7170000,1690000,12540000,1320000,39480000
Upper-middle-income countries,OWID_UMC,2017,799350016,110030000,1030000,62630000,11470000,200000,7120000,1790000,11790000,1340000,40370000
Upper-middle-income countries,OWID_UMC,2018,783820032,114000000,970000,63490000,5150000,200000,6860000,1780000,10960000,1430000,42330000
Upper-middle-income countries,OWID_UMC,2019,781190016,118360000,930000,64550000,13090000,190000,6260000,1820000,10580000,1420000,44070000
Upper-middle-income countries,OWID_UMC,2020,807569984,122190000,930000,65590000,15720000,190000,5900000,1600000,10490000,930000,41160000
Upper-middle-income countries,OWID_UMC,2021,816649984,125970000,860000,65920000,8500000,190000,5500000,1620000,10070000,990000,44410000
Upper-middle-income countries,OWID_UMC,2022,811230016,129850000,940000,66050000,8370000,190000,5110000,1640000,9990000,1130000,45390000
Upper-middle-income countries,OWID_UMC,2023,818110016,133930000,920000,66210000,8620000,190000,4840000,1720000,10160000,1300000,46800000
Uruguay,URY,1990,5790000,0,0,70000,0,0,10000,0,10000,0,30000
Uruguay,URY,1991,6010000,0,0,70000,0,0,10000,0,10000,0,30000
Uruguay,URY,1992,6220000,0,0,70000,0,0,10000,0,10000,0,30000
Uruguay,URY,1993,6340000,0,0,70000,0,0,10000,0,10000,10000,30000
Uruguay,URY,1994,6270000,0,0,70000,0,0,10000,0,10000,0,40000
Uruguay,URY,1995,6160000,0,0,70000,0,0,10000,0,10000,10000,40000
Uruguay,URY,1996,6380000,0,0,70000,0,0,10000,0,10000,10000,40000
Uruguay,URY,1997,6240000,0,0,70000,0,0,10000,0,10000,10000,40000
Uruguay,URY,1998,6060000,0,0,70000,10000,0,10000,0,10000,10000,50000
Uruguay,URY,1999,5910000,0,0,70000,10000,0,10000,0,10000,10000,50000
Uruguay,URY,2000,5730000,0,0,70000,10000,0,10000,0,10000,10000,40000
Uruguay,URY,2001,5850000,0,0,70000,0,0,10000,0,10000,10000,40000
Uruguay,URY,2002,5840000,0,0,70000,0,0,10000,0,10000,10000,40000
Uruguay,URY,2003,6200000,0,0,70000,0,0,10000,0,10000,10000,30000
Uruguay,URY,2004,6430000,0,0,70000,0,0,10000,0,10000,10000,40000
Uruguay,URY,2005,6470000,0,0,70000,0,0,10000,0,10000,10000,40000
Uruguay,URY,2006,6840000,0,0,70000,0,0,10000,0,10000,10000,40000
Uruguay,URY,2007,6730000,0,0,70000,0,0,10000,0,10000,10000,40000
Uruguay,URY,2008,6820000,0,0,70000,0,0,10000,0,30000,10000,40000
Uruguay,URY,2009,6820000,0,0,70000,0,0,10000,0,30000,10000,50000
Uruguay,URY,2010,6790000,0,0,60000,0,0,10000,0,40000,10000,50000
Uruguay,URY,2011,6700000,0,0,60000,0,0,10000,0,40000,10000,60000
Uruguay,URY,2012,7100000,0,0,60000,0,0,10000,0,40000,10000,60000
Uruguay,URY,2013,7060000,0,0,60000,0,0,10000,0,40000,10000,70000
Uruguay,URY,2014,7010000,0,0,60000,0,0,10000,0,50000,10000,70000
Uruguay,URY,2015,6690000,0,0,60000,0,0,10000,0,60000,10000,70000
Uruguay,URY,2016,6880000,0,0,60000,0,0,10000,0,60000,10000,70000
Uruguay,URY,2017,6800000,0,0,60000,0,0,10000,0,70000,0,80000
Uruguay,URY,2018,6560000,0,0,50000,0,0,10000,0,70000,10000,80000
Uruguay,URY,2019,6760000,0,0,50000,0,0,10000,0,70000,10000,80000
Uruguay,URY,2020,6790000,0,0,50000,0,0,10000,0,70000,0,70000
Uruguay,URY,2021,7220000,0,0,50000,10000,0,10000,0,70000,0,80000
Uruguay,URY,2022,7090000,0,0,50000,20000,0,10000,0,70000,0,80000
Uruguay,URY,2023,7020000,0,0,50000,0,0,10000,0,80000,0,80000
Uzbekistan,UZB,1990,11090000,1770000,270000,410000,10000,0,0,0,0,0,160000
Uzbekistan,UZB,1991,10440000,1780000,280000,420000,10000,0,0,0,0,0,140000
Uzbekistan,UZB,1992,9020000,1510000,250000,430000,10000,0,0,0,0,0,110000
Uzbekistan,UZB,1993,8540000,1340000,259999,440000,10000,0,0,0,0,0,100000
Uzbekistan,UZB,1994,7240000,970000,259999,450000,10000,0,0,0,0,0,90000
Uzbekistan,UZB,1995,7850000,1039999,30000,450000,10000,0,10000,0,10000,0,80000
Uzbekistan,UZB,1996,7920000,1070000,10000,460000,20000,0,20000,0,10000,0,140000
Uzbekistan,UZB,1997,7000000,1070000,10000,430000,20000,0,20000,0,10000,0,150000
Uzbekistan,UZB,1998,6890000,960000,10000,440000,20000,0,20000,0,10000,0,190000
Uzbekistan,UZB,1999,6820000,900000,10000,410000,10000,0,20000,0,10000,0,200000
Uzbekistan,UZB,2000,6750000,900000,10000,420000,20000,0,20000,0,10000,0,190000
Uzbekistan,UZB,2001,6540000,760000,0,420000,0,0,20000,0,10000,0,200000
Uzbekistan,UZB,2002,6650000,820000,10000,440000,0,0,20000,0,10000,0,200000
Uzbekistan,UZB,2003,6740000,910000,0,460000,0,0,20000,0,10000,0,180000
Uzbekistan,UZB,2004,6480000,920000,0,470000,0,0,20000,0,10000,0,180000
Uzbekistan,UZB,2005,7010000,880000,0,470000,0,0,20000,0,10000,0,190000
Uzbekistan,UZB,2006,7320000,900000,0,480000,0,0,20000,0,10000,0,200000
Uzbekistan,UZB,2007,7610000,990000,0,480000,0,0,20000,0,10000,0,210000
Uzbekistan,UZB,2008,8020000,1100000,0,490000,0,0,20000,0,10000,0,200000
Uzbekistan,UZB,2009,8590000,1090000,0,500000,0,0,20000,0,10000,0,190000
Uzbekistan,UZB,2010,9030000,1120000,0,510000,0,0,20000,0,10000,0,190000
Uzbekistan,UZB,2011,9490000,1060000,0,530000,0,0,20000,0,10000,0,190000
Uzbekistan,UZB,2012,9730000,1090000,0,540000,0,0,20000,0,10000,10000,160000
Uzbekistan,UZB,2013,10280000,1050000,10000,560000,0,0,20000,0,10000,0,150000
Uzbekistan,UZB,2014,10700000,1230000,10000,580000,0,0,20000,0,10000,0,129999
Uzbekistan,UZB,2015,10990000,1160000,0,590000,0,0,20000,0,10000,0,120000
Uzbekistan,UZB,2016,11690000,1160000,10000,600000,0,0,20000,0,10000,0,120000
Uzbekistan,UZB,2017,11830000,1170000,10000,610000,0,0,20000,0,10000,0,129999
Uzbekistan,UZB,2018,11740000,1170000,0,620000,0,0,20000,0,10000,0,220000
Uzbekistan,UZB,2019,12650000,1170000,0,640000,0,0,20000,0,10000,0,220000
Uzbekistan,UZB,2020,12840000,1180000,20000,650000,0,0,20000,0,10000,0,240000
Uzbekistan,UZB,2021,14110000,1180000,10000,660000,0,0,20000,0,10000,0,250000
Uzbekistan,UZB,2022,13340000,1180000,10000,670000,0,0,20000,0,10000,0,270000
Uzbekistan,UZB,2023,14250000,1190000,10000,680000,0,0,20000,0,10000,0,290000
Vanuatu,VUT,1990,90000,0,,0,0,0,0,,,0,0
Vanuatu,VUT,1991,90000,0,,0,0,0,0,,,0,0
Vanuatu,VUT,1992,90000,0,,0,0,0,0,,,0,0
Vanuatu,VUT,1993,100000,0,,0,0,0,0,,,0,0
Vanuatu,VUT,1994,100000,0,,0,0,0,0,,,0,0
Vanuatu,VUT,1995,100000,0,,0,0,0,0,,,0,0
Vanuatu,VUT,1996,100000,0,,0,0,0,0,,,0,0
Vanuatu,VUT,1997,100000,0,,0,0,0,0,,,0,0
Vanuatu,VUT,1998,100000,0,,0,0,0,0,,,0,0
Vanuatu,VUT,1999,100000,0,,0,0,0,0,,,0,0
Vanuatu,VUT,2000,100000,0,,0,0,0,0,,,0,0
Vanuatu,VUT,2001,90000,0,,0,0,0,0,,,0,0
Vanuatu,VUT,2002,90000,0,,0,0,0,0,,,0,0
Vanuatu,VUT,2003,90000,0,,0,0,0,0,,,0,0
Vanuatu,VUT,2004,100000,0,,0,0,0,0,,,0,0
Vanuatu,VUT,2005,100000,0,,0,0,0,0,,,0,0
Vanuatu,VUT,2006,100000,0,,0,0,0,0,,,0,0
Vanuatu,VUT,2007,120000,0,,0,0,0,0,,,0,0
Vanuatu,VUT,2008,120000,0,,0,0,0,0,,,0,0
Vanuatu,VUT,2009,110000,0,,0,0,0,0,,,0,0
Vanuatu,VUT,2010,110000,0,,0,0,0,0,,,0,0
Vanuatu,VUT,2011,120000,0,,0,0,0,0,,,0,0
Vanuatu,VUT,2012,120000,0,,0,0,0,0,,,0,0
Vanuatu,VUT,2013,120000,0,,0,0,0,0,,,0,0
Vanuatu,VUT,2014,120000,0,,0,0,0,0,,,0,0
Vanuatu,VUT,2015,110000,0,,0,0,0,0,,,0,0
Vanuatu,VUT,2016,80000,0,,0,0,0,0,,,0,0
Vanuatu,VUT,2017,70000,0,,0,0,0,0,,,0,0
Vanuatu,VUT,2018,70000,0,,0,0,0,0,,,0,0
Vanuatu,VUT,2019,70000,0,,0,0,0,0,,,0,0
Vanuatu,VUT,2020,70000,0,,0,0,0,0,,,0,0
Vanuatu,VUT,2021,60000,0,,0,0,0,0,,,0,0
Vanuatu,VUT,2022,60000,0,,0,0,0,0,,,0,0
Vanuatu,VUT,2023,70000,0,,10000,0,0,0,,,0,0
Venezuela,VEN,1990,8550000,540000,0,300000,240000,20000,20000,20000,40000,30000,570000
Venezuela,VEN,1991,8750000,600000,0,310000,240000,20000,20000,10000,40000,30000,600000
Venezuela,VEN,1992,8640000,470000,0,310000,240000,20000,20000,20000,30000,30000,600000
Venezuela,VEN,1993,8430000,530000,0,320000,240000,20000,20000,20000,30000,30000,640000
Venezuela,VEN,1994,8620000,550000,0,330000,240000,20000,20000,20000,40000,20000,650000
Venezuela,VEN,1995,8730000,610000,0,330000,240000,20000,20000,20000,40000,20000,670000
Venezuela,VEN,1996,8420000,610000,0,340000,190000,20000,20000,20000,40000,20000,700000
Venezuela,VEN,1997,8460000,600000,0,350000,250000,20000,20000,30000,50000,20000,650000
Venezuela,VEN,1998,8570000,530000,0,360000,700000,20000,20000,20000,40000,20000,660000
Venezuela,VEN,1999,8430000,490000,0,360000,270000,20000,20000,30000,40000,40000,670000
Venezuela,VEN,2000,9080000,390000,0,370000,390000,20000,20000,30000,40000,40000,690000
Venezuela,VEN,2001,9540000,620000,0,380000,270000,20000,20000,40000,40000,30000,740000
Venezuela,VEN,2002,9550000,710000,0,380000,30000,20000,20000,40000,40000,40000,790000
Venezuela,VEN,2003,10060000,710000,0,390000,750000,20000,20000,40000,40000,20000,700000
Venezuela,VEN,2004,10010000,890000,0,400000,70000,20000,20000,40000,40000,30000,700000
Venezuela,VEN,2005,10430000,850000,0,420000,150000,20000,20000,40000,40000,30000,840000
Venezuela,VEN,2006,10150000,970000,0,460000,90000,20000,20000,40000,50000,20000,880000
Venezuela,VEN,2007,10550000,850000,0,500000,250000,20000,20000,40000,40000,20000,950000
Venezuela,VEN,2008,11080000,990000,0,530000,90000,20000,20000,50000,40000,20000,990000
Venezuela,VEN,2009,10900000,1010000,0,550000,50000,20000,20000,50000,40000,10000,1010000
Venezuela,VEN,2010,9840000,780000,0,570000,519999,20000,20000,40000,70000,20000,970000
Venezuela,VEN,2011,9560000,780000,0,570000,30000,20000,20000,40000,60000,10000,1010000
Venezuela,VEN,2012,10570000,750000,0,590000,30000,20000,20000,40000,70000,20000,1070000
Venezuela,VEN,2013,10750000,580000,0,560000,150000,20000,20000,30000,70000,20000,1050000
Venezuela,VEN,2014,10740000,660000,0,510000,110000,20000,20000,40000,60000,20000,1030000
Venezuela,VEN,2015,10530000,530000,0,450000,140000,20000,20000,40000,40000,20000,910000
Venezuela,VEN,2016,10390000,540000,0,410000,330000,20000,10000,30000,50000,10000,890000
Venezuela,VEN,2017,10030000,540000,0,410000,40000,20000,10000,30000,40000,10000,780000
Venezuela,VEN,2018,9790000,550000,0,410000,110000,20000,10000,20000,30000,10000,680000
Venezuela,VEN,2019,9780000,550000,0,420000,360000,20000,10000,20000,20000,10000,630000
Venezuela,VEN,2020,10280000,560000,0,420000,390000,20000,10000,10000,20000,0,240000
Venezuela,VEN,2021,9560000,560000,0,420000,30000,20000,10000,10000,20000,10000,240000
Venezuela,VEN,2022,9980000,570000,0,420000,70000,20000,10000,20000,20000,10000,320000
Venezuela,VEN,2023,9990000,570000,0,430000,100000,20000,10000,20000,20000,10000,320000
Vietnam,VNM,1990,7970000,30000,0,900000,320000,0,400000,0,150000,0,70000
Vietnam,VNM,1991,9090000,70000,0,910000,320000,0,410000,0,150000,0,60000
Vietnam,VNM,1992,8960000,80000,0,930000,320000,0,410000,0,150000,0,70000
Vietnam,VNM,1993,9340000,90000,0,950000,320000,0,440000,0,160000,0,110000
Vietnam,VNM,1994,11220000,100000,0,970000,320000,0,410000,0,150000,0,120000
Vietnam,VNM,1995,11090000,110000,0,950000,320000,0,410000,0,170000,0,120000
Vietnam,VNM,1996,12330000,120000,0,920000,129999,0,410000,0,170000,0,129999
Vietnam,VNM,1997,12090000,150000,0,900000,100000,0,430000,0,180000,0,140000
Vietnam,VNM,1998,13770000,140000,0,870000,390000,0,440000,0,190000,0,150000
Vietnam,VNM,1999,14210000,300000,0,850000,200000,0,450000,0,190000,0,160000
Vietnam,VNM,2000,15000000,300000,0,820000,220000,0,460000,0,190000,10000,170000
Vietnam,VNM,2001,13520000,350000,0,900000,150000,0,470000,0,200000,10000,190000
Vietnam,VNM,2002,14240000,370000,0,970000,340000,0,470000,0,210000,10000,230000
Vietnam,VNM,2003,15260000,440000,0,1050000,620000,0,500000,0,200000,10000,259999
Vietnam,VNM,2004,15880000,600000,0,1120000,620000,0,500000,0,210000,10000,320000
Vietnam,VNM,2005,15130000,460000,0,1200000,600000,0,500000,0,210000,10000,320000
Vietnam,VNM,2006,14850000,440000,0,1270000,310000,0,500000,0,220000,10000,330000
Vietnam,VNM,2007,16030001,500000,0,1350000,770000,0,500000,0,220000,10000,380000
Vietnam,VNM,2008,13630000,530000,0,1420000,259999,0,510000,0,250000,10000,410000
Vietnam,VNM,2009,18200000,530000,0,1500000,320000,0,510000,0,259999,20000,490000
Vietnam,VNM,2010,16180000,590000,0,1570000,490000,0,519999,0,270000,20000,519999
Vietnam,VNM,2011,15080000,620000,0,1620000,320000,0,519999,0,280000,10000,519999
Vietnam,VNM,2012,16000000,1070000,0,1670000,380000,0,519999,0,280000,20000,510000
Vietnam,VNM,2013,18270000,1250000,0,1720000,200000,0,519999,0,290000,20000,500000
Vietnam,VNM,2014,16980000,1360000,0,1750000,360000,0,519999,0,320000,20000,510000
Vietnam,VNM,2015,19020000,1410000,20000,1800000,300000,0,220000,0,259999,20000,560000
Vietnam,VNM,2016,18260000,1430000,30000,1860000,360000,0,200000,0,280000,20000,620000
Vietnam,VNM,2017,18420000,1450000,30000,1910000,180000,0,180000,0,290000,30000,670000
Vietnam,VNM,2018,18670000,1460000,30000,1960000,190000,0,160000,0,360000,30000,710000
Vietnam,VNM,2019,18590000,1480000,30000,2020000,250000,0,129999,0,400000,40000,740000
Vietnam,VNM,2020,18810000,1490000,30000,2069999,259999,0,100000,0,420000,10000,620000
Vietnam,VNM,2021,18970000,1510000,40000,2089999,220000,0,80000,0,510000,10000,550000
Vietnam,VNM,2022,20090000,1520000,40000,2110000,160000,0,70000,0,480000,20000,740000
Vietnam,VNM,2023,20190000,1540000,40000,2120000,250000,0,50000,0,470000,40000,770000
World,OWID_WRL,1990,1616130048,199070000,2960000,85410000,85740000,3090000,29730000,1380000,13770000,4480000,79730000
World,OWID_WRL,1991,1601660032,193740000,3050000,85980000,85740000,3020000,29910000,1420000,13700000,4530000,80040000
World,OWID_WRL,1992,1600099968,188900000,2900000,86630000,85740000,3260000,29560000,1420000,13710000,4780000,81550000
World,OWID_WRL,1993,1586420096,185520000,2260000,87330000,85740000,3240000,30510000,1450000,13570000,4730000,82360000
World,OWID_WRL,1994,1602910080,190740000,2130000,88410000,85740000,3360000,30120000,1510000,13930000,4920000,83390000
World,OWID_WRL,1995,1636560000,197300000,1920000,90950000,85740000,3470000,30400000,1560000,14690000,5100000,85540000
World,OWID_WRL,1996,1666839936,204330000,1720000,93200000,44380000,3710000,30490000,1620000,14430000,5250000,88440000
World,OWID_WRL,1997,1642259968,196030000,1840000,95550000,58690000,3770000,30570000,1700000,14670000,5440000,89680000
World,OWID_WRL,1998,1671459968,173350000,1770000,98280000,73830000,3750000,30300000,1730000,14950000,5610000,91190000
World,OWID_WRL,1999,1693900032,150800000,1810000,100950000,57630000,3750000,30440000,1620000,15310000,5900000,93260000
World,OWID_WRL,2000,1686300032,158880000,1640000,103390000,39140000,3830000,29770000,1570000,15310000,6080000,97000000
World,OWID_WRL,2001,1696880000,154240000,1650000,105840000,61620000,3820000,29510000,1810000,15130000,5850000,97740000
World,OWID_WRL,2002,1730660096,153540000,1660000,108820000,73170000,3630000,29580000,1830000,15200000,6130000,100500000
World,OWID_WRL,2003,1727969920,157480000,1730000,112150000,98370000,3710000,29910000,1980000,16280001,6170000,102690000
World,OWID_WRL,2004,1776930048,164400000,1820000,115500000,105640000,3640000,29870000,1960000,18130000,6770000,107330000
World,OWID_WRL,2005,1783449984,165350000,1880000,118870000,102290000,3720000,30000000,2000000,19970000,7100000,110070000
World,OWID_WRL,2006,1811520000,162620000,1930000,121680000,90630000,3690000,29980000,2160000,21040000,7460000,113190000
World,OWID_WRL,2007,1853280000,158410000,1960000,124620000,107410000,3620000,29500000,2370000,21770000,7820000,116920000
World,OWID_WRL,2008,1845719936,146080000,2000000,127890000,89470000,3510000,29410000,2520000,22160000,7870000,117940000
World,OWID_WRL,2009,1853189888,140520000,1910000,130950000,87070000,3460000,29130000,2640000,22190000,7500000,116680000
World,OWID_WRL,2010,1888649984,141040000,1990000,134620000,119370000,3450000,29130000,2880000,23820000,8010000,121810000
World,OWID_WRL,2011,1958599936,147560000,1970000,131450000,93710000,3460000,28550000,2790000,24410000,8109999,124600000
World,OWID_WRL,2012,1964300032,147790000,1990000,128750000,103430000,3290000,28280000,2830000,24670000,7730000,126370000
World,OWID_WRL,2013,1944579968,164320000,2040000,131750000,87900000,3400000,28540000,2940000,24620000,7780000,130200000
World,OWID_WRL,2014,1971840000,168780000,2030000,135000000,89530000,3220000,28270000,2550000,24710000,8050000,132509992
World,OWID_WRL,2015,1978540032,172030000,2040000,136340000,95720000,3270000,27870000,2640000,24420000,8440000,136420000
World,OWID_WRL,2016,1991239936,176500000,2050000,138520000,94670000,3070000,27520000,2410000,23870000,8750000,139280000
World,OWID_WRL,2017,2036520064,180130000,2050000,140500000,95360000,3140000,27670000,2490000,23510000,9150000,142030000
World,OWID_WRL,2018,2018930048,186770000,2010000,142660000,81470000,3290000,27570000,2470000,23220000,9360000,146390000
World,OWID_WRL,2019,2017449984,187600000,1970000,144620000,103270000,3270000,27030000,2510000,22870000,9340000,148640000
World,OWID_WRL,2020,2077919872,194060000,1930000,146380000,98600000,3160000,26660000,2250000,22740000,6540000,132160000
World,OWID_WRL,2021,2087100160,197200000,1890000,147160000,86340000,3020000,26610000,2270000,23010000,6930000,142840000
World,OWID_WRL,2022,2076919936,198290000,1970000,149120000,70220000,3000000,26270000,2300000,23100000,7940000,147940000
World,OWID_WRL,2023,2137239936,209810000,2000000,149720000,74010000,2960000,25910000,2390000,23670000,8670000,151320000
Yemen,YEM,1990,1760000,0,0,170000,0,40000,0,0,0,10000,70000
Yemen,YEM,1991,1640000,0,0,180000,0,40000,0,0,0,10000,90000
Yemen,YEM,1992,1690000,0,0,190000,0,40000,0,0,0,10000,100000
Yemen,YEM,1993,1710000,0,0,190000,0,40000,0,0,0,0,80000
Yemen,YEM,1994,1700000,0,0,200000,0,40000,0,0,0,0,80000
Yemen,YEM,1995,1720000,0,0,210000,0,40000,0,0,0,0,80000
Yemen,YEM,1996,1770000,0,0,170000,0,40000,0,0,0,0,80000
Yemen,YEM,1997,1910000,0,0,129999,0,40000,0,0,0,0,80000
Yemen,YEM,1998,2000000,0,0,90000,0,40000,0,0,0,0,80000
Yemen,YEM,1999,2020000,0,0,50000,0,40000,0,0,0,0,90000
Yemen,YEM,2000,2079999,0,10000,20000,0,40000,0,0,0,0,80000
Yemen,YEM,2001,2190000,0,10000,40000,0,40000,0,0,0,0,90000
Yemen,YEM,2002,2180000,0,10000,70000,0,40000,0,0,0,10000,80000
Yemen,YEM,2003,2350000,0,10000,90000,0,40000,0,0,10000,0,90000
Yemen,YEM,2004,2460000,0,10000,120000,0,40000,0,0,10000,10000,100000
Yemen,YEM,2005,2420000,0,10000,140000,0,40000,0,0,10000,10000,100000
Yemen,YEM,2006,2520000,0,10000,170000,0,40000,0,0,10000,10000,100000
Yemen,YEM,2007,2730000,0,10000,190000,0,40000,0,0,10000,10000,90000
Yemen,YEM,2008,2740000,0,10000,220000,0,40000,0,0,10000,10000,100000
Yemen,YEM,2009,2780000,0,0,240000,0,40000,0,0,10000,10000,150000
Yemen,YEM,2010,2890000,0,0,270000,0,40000,0,0,10000,10000,129999
Yemen,YEM,2011,2870000,0,0,270000,0,30000,0,0,10000,0,120000
Yemen,YEM,2012,2910000,0,0,270000,0,20000,0,0,10000,0,100000
Yemen,YEM,2013,3020000,0,0,259999,0,20000,0,0,10000,10000,150000
Yemen,YEM,2014,3040000,0,0,250000,0,20000,0,0,10000,10000,150000
Yemen,YEM,2015,2870000,0,0,250000,0,20000,0,0,0,0,60000
Yemen,YEM,2016,2890000,0,0,250000,0,20000,0,0,0,0,50000
Yemen,YEM,2017,2840000,0,0,259999,0,20000,0,0,10000,0,70000
Yemen,YEM,2018,2630000,0,0,270000,0,20000,0,0,10000,0,110000
Yemen,YEM,2019,2990000,0,0,300000,0,20000,0,0,10000,0,110000
Yemen,YEM,2020,3020000,0,0,310000,0,20000,0,0,10000,0,100000
Yemen,YEM,2021,3100000,0,0,310000,0,20000,0,0,10000,0,100000
Yemen,YEM,2022,3130000,0,0,320000,0,20000,0,0,10000,0,100000
Yemen,YEM,2023,3100000,0,0,330000,0,20000,0,0,0,0,100000
Zambia,ZMB,1990,9170000,10000,0,50000,8400000,0,100000,0,20000,0,20000
Zambia,ZMB,1991,9240000,10000,0,60000,8400000,0,100000,0,30000,0,30000
Zambia,ZMB,1992,9320000,20000,0,60000,8400000,0,110000,0,30000,0,20000
Zambia,ZMB,1993,9300000,20000,0,60000,8400000,0,110000,0,30000,0,20000
Zambia,ZMB,1994,9090000,10000,0,60000,8400000,0,110000,0,30000,0,20000
Zambia,ZMB,1995,8980000,10000,0,60000,8400000,0,110000,0,30000,0,20000
Zambia,ZMB,1996,8410000,10000,0,60000,1830000,0,120000,0,30000,0,20000
Zambia,ZMB,1997,8420000,10000,0,70000,1770000,0,120000,0,30000,0,20000
Zambia,ZMB,1998,9160000,0,0,70000,1660000,0,120000,0,30000,0,20000
Zambia,ZMB,1999,8470000,0,0,70000,1660000,0,129999,0,30000,0,20000
Zambia,ZMB,2000,8109999,0,0,70000,1010000,0,129999,0,10000,0,20000
Zambia,ZMB,2001,8229999,0,0,70000,5810000,0,129999,0,10000,0,20000
Zambia,ZMB,2002,9400000,0,0,80000,5810000,0,140000,0,20000,0,20000
Zambia,ZMB,2003,10270000,0,0,80000,8860000,0,140000,0,20000,0,20000
Zambia,ZMB,2004,10200000,0,0,80000,9760000,0,140000,0,20000,0,20000
Zambia,ZMB,2005,10640000,0,0,80000,9760000,0,150000,0,20000,0,30000
Zambia,ZMB,2006,9600000,0,0,90000,7360000,0,150000,0,10000,0,30000
Zambia,ZMB,2007,10000000,0,0,90000,8210000,0,160000,0,10000,0,20000
Zambia,ZMB,2008,10040000,0,0,100000,9710000,0,160000,0,20000,0,20000
Zambia,ZMB,2009,9250000,0,0,100000,8470000,0,170000,0,20000,0,20000
Zambia,ZMB,2010,10180000,0,0,110000,11620000,0,170000,0,20000,0,20000
Zambia,ZMB,2011,9940000,0,0,110000,11740000,0,180000,0,20000,0,30000
Zambia,ZMB,2012,10910000,0,0,120000,11510000,0,180000,0,20000,0,30000
Zambia,ZMB,2013,11230000,0,0,120000,11000000,0,190000,0,20000,0,30000
Zambia,ZMB,2014,10890000,0,0,129999,10920000,0,190000,0,20000,0,40000
Zambia,ZMB,2015,11170000,0,0,129999,13170000,0,190000,0,20000,0,40000
Zambia,ZMB,2016,11120000,0,0,140000,12630000,0,200000,0,20000,0,40000
Zambia,ZMB,2017,10530000,0,0,129999,12980000,0,200000,0,20000,0,30000
Zambia,ZMB,2018,10330000,0,0,129999,11960000,0,210000,0,20000,0,30000
Zambia,ZMB,2019,10900000,0,10000,129999,11830000,0,210000,0,30000,0,30000
Zambia,ZMB,2020,10610000,0,10000,140000,10140000,0,220000,0,30000,0,30000
Zambia,ZMB,2021,10650000,0,10000,140000,8660000,0,220000,0,30000,0,40000
Zambia,ZMB,2022,11580000,0,10000,150000,8080000,0,230000,0,40000,0,40000
Zambia,ZMB,2023,11300000,0,10000,150000,6930000,0,240000,0,40000,0,40000
Zimbabwe,ZWE,1990,4760000,129999,20000,70000,80000,0,200000,0,20000,0,50000
Zimbabwe,ZWE,1991,4250000,129999,20000,80000,80000,0,200000,0,20000,0,30000
Zimbabwe,ZWE,1992,4280000,100000,20000,80000,80000,0,210000,0,20000,0,50000
Zimbabwe,ZWE,1993,3730000,120000,20000,80000,80000,0,210000,0,20000,0,40000
Zimbabwe,ZWE,1994,3880000,140000,20000,80000,80000,0,210000,0,10000,0,40000
Zimbabwe,ZWE,1995,3800000,110000,20000,80000,80000,0,220000,0,10000,0,40000
Zimbabwe,ZWE,1996,4770000,110000,20000,80000,50000,0,220000,0,10000,0,40000
Zimbabwe,ZWE,1997,4640000,120000,20000,80000,90000,0,220000,0,10000,0,40000
Zimbabwe,ZWE,1998,4870000,100000,20000,80000,100000,0,220000,0,10000,0,40000
Zimbabwe,ZWE,1999,5020000,110000,20000,80000,70000,0,230000,0,10000,0,70000
Zimbabwe,ZWE,2000,4610000,90000,20000,90000,0,0,80000,0,10000,0,40000
Zimbabwe,ZWE,2001,5040000,80000,20000,90000,60000,0,80000,0,10000,0,40000
Zimbabwe,ZWE,2002,4210000,70000,20000,90000,20000,0,80000,0,10000,0,40000
Zimbabwe,ZWE,2003,4190000,70000,20000,90000,30000,0,90000,0,10000,0,30000
Zimbabwe,ZWE,2004,4450000,60000,20000,90000,50000,0,90000,0,10000,0,30000
Zimbabwe,ZWE,2005,4300000,50000,20000,100000,70000,0,90000,0,10000,0,30000
Zimbabwe,ZWE,2006,4159999,50000,20000,100000,70000,0,90000,0,10000,0,30000
Zimbabwe,ZWE,2007,4320000,50000,20000,100000,120000,0,90000,0,10000,0,30000
Zimbabwe,ZWE,2008,4380000,30000,20000,110000,110000,0,90000,0,10000,0,20000
Zimbabwe,ZWE,2009,4750000,20000,20000,120000,90000,0,90000,0,10000,0,20000
Zimbabwe,ZWE,2010,5040000,40000,20000,120000,160000,0,100000,0,10000,0,30000
Zimbabwe,ZWE,2011,5120000,30000,20000,129999,110000,0,100000,0,10000,0,50000
Zimbabwe,ZWE,2012,4660000,30000,20000,120000,150000,0,100000,0,10000,0,50000
Zimbabwe,ZWE,2013,4410000,30000,20000,120000,129999,0,100000,0,10000,0,60000
Zimbabwe,ZWE,2014,3850000,30000,20000,120000,90000,0,100000,0,10000,0,60000
Zimbabwe,ZWE,2015,4320000,30000,20000,120000,160000,0,100000,0,10000,0,50000
Zimbabwe,ZWE,2016,3890000,30000,20000,120000,100000,0,110000,0,10000,0,50000
Zimbabwe,ZWE,2017,4060000,30000,20000,120000,60000,0,110000,0,10000,0,60000
Zimbabwe,ZWE,2018,4050000,30000,20000,129999,100000,0,110000,0,10000,0,70000
Zimbabwe,ZWE,2019,3970000,30000,20000,129999,80000,0,110000,0,20000,0,60000
Zimbabwe,ZWE,2020,3760000,30000,20000,140000,20000,0,110000,0,20000,0,50000
Zimbabwe,ZWE,2021,4460000,30000,20000,140000,10000,0,110000,0,20000,0,50000
Zimbabwe,ZWE,2022,4640000,30000,20000,140000,40000,0,120000,0,20000,0,60000
Zimbabwe,ZWE,2023,4530000,30000,20000,150000,20000,0,120000,0,20000,0,70000